time,header_stamp_secs,header_stamp_nsecs,header_frame_id,magnetic_field_x,magnetic_field_y,magnetic_field_z,magnetic_field_covariance_0,magnetic_field_covariance_1,magnetic_field_covariance_2,magnetic_field_covariance_3,magnetic_field_covariance_4,magnetic_field_covariance_5,magnetic_field_covariance_6,magnetic_field_covariance_7,magnetic_field_covariance_8
2026/06/04 15:16:52.95744279,1780597012,88610701,imu_link,0.24445867538452148,0.22416210174560547,0.329270601272583,0.0,0.0,0.0,0.0,0.0,0.0,0.0,0.0,0.0
2026/06/04 15:16:52.98833911,1780597012,98320484,imu_link,0.2472989559173584,0.22616982460021973,0.3316984176635742,0.0,0.0,0.0,0.0,0.0,0.0,0.0,0.0,0.0
2026/06/04 15:16:52.110437697,1780597012,110095630,imu_link,0.25809478759765625,0.2150428295135498,0.34922242164611816,0.0,0.0,0.0,0.0,0.0,0.0,0.0,0.0,0.0
2026/06/04 15:16:52.120856345,1780597012,120623033,imu_link,0.2553560733795166,0.20763158798217773,0.34632229804992676,0.0,0.0,0.0,0.0,0.0,0.0,0.0,0.0,0.0
2026/06/04 15:16:52.132778145,1780597012,132416191,imu_link,0.24088025093078613,0.21282434463500977,0.33948683738708496,0.0,0.0,0.0,0.0,0.0,0.0,0.0,0.0,0.0
2026/06/04 15:16:52.143298685,1780597012,143113150,imu_link,0.25211215019226074,0.22426962852478027,0.3292839527130127,0.0,0.0,0.0,0.0,0.0,0.0,0.0,0.0,0.0
2026/06/04 15:16:52.154240142,1780597012,153821134,imu_link,0.2537848949432373,0.2125072479248047,0.33319902420043945,0.0,0.0,0.0,0.0,0.0,0.0,0.0,0.0,0.0
2026/06/04 15:16:52.164846333,1780597012,164565128,imu_link,0.2523810863494873,0.2144773006439209,0.3545541763305664,0.0,0.0,0.0,0.0,0.0,0.0,0.0,0.0,0.0
2026/06/04 15:16:52.176651225,1780597012,176375445,imu_link,0.2542757987976074,0.21350789070129395,0.3429076671600342,0.0,0.0,0.0,0.0,0.0,0.0,0.0,0.0,0.0
2026/06/04 15:16:52.177628643,1780597012,176471028,imu_link,0.24766159057617188,0.20750904083251953,0.33368563652038574,0.0,0.0,0.0,0.0,0.0,0.0,0.0,0.0,0.0
2026/06/04 15:16:52.187520327,1780597012,186333061,imu_link,0.24590611457824707,0.2236921787261963,0.3302454948425293,0.0,0.0,0.0,0.0,0.0,0.0,0.0,0.0,0.0
2026/06/04 15:16:52.199164944,1780597012,198034573,imu_link,0.24782729148864746,0.22322726249694824,0.32976436614990234,0.0,0.0,0.0,0.0,0.0,0.0,0.0,0.0,0.0
2026/06/04 15:16:52.209861875,1780597012,208777572,imu_link,0.2600362300872803,0.21310162544250488,0.3463175296783447,0.0,0.0,0.0,0.0,0.0,0.0,0.0,0.0,0.0
2026/06/04 15:16:52.220324510,1780597012,219371228,imu_link,0.2568330764770508,0.20469975471496582,0.3419620990753174,0.0,0.0,0.0,0.0,0.0,0.0,0.0,0.0,0.0
2026/06/04 15:16:52.230775413,1780597012,229019143,imu_link,0.24235272407531738,0.21088004112243652,0.3394942283630371,0.0,0.0,0.0,0.0,0.0,0.0,0.0,0.0,0.0
2026/06/04 15:16:52.237448236,1780597012,236430338,imu_link,0.25209975242614746,0.22426486015319824,0.32539987564086914,0.0,0.0,0.0,0.0,0.0,0.0,0.0,0.0,0.0
2026/06/04 15:16:52.249178307,1780597012,248150049,imu_link,0.25330162048339844,0.2120041847229004,0.3288297653198242,0.0,0.0,0.0,0.0,0.0,0.0,0.0,0.0,0.0
2026/06/04 15:16:52.259343085,1780597012,258672014,imu_link,0.2523045539855957,0.2179110050201416,0.3511474132537842,0.0,0.0,0.0,0.0,0.0,0.0,0.0,0.0,0.0
2026/06/04 15:16:52.270994946,1780597012,270414487,imu_link,0.2533125877380371,0.21349215507507324,0.34096384048461914,0.0,0.0,0.0,0.0,0.0,0.0,0.0,0.0,0.0
2026/06/04 15:16:52.281506989,1780597012,281098681,imu_link,0.24812722206115723,0.20850014686584473,0.33562612533569336,0.0,0.0,0.0,0.0,0.0,0.0,0.0,0.0,0.0
2026/06/04 15:16:52.291108799,1780597012,290675209,imu_link,0.24633288383483887,0.22565841674804688,0.32587170600891113,0.0,0.0,0.0,0.0,0.0,0.0,0.0,0.0,0.0
2026/06/04 15:16:52.303364574,1780597012,302645909,imu_link,0.24876999855041504,0.22373032569885254,0.3283083438873291,0.0,0.0,0.0,0.0,0.0,0.0,0.0,0.0,0.0
2026/06/04 15:16:52.313761448,1780597012,313362293,imu_link,0.26002073287963867,0.21408510208129883,0.3472859859466553,0.0,0.0,0.0,0.0,0.0,0.0,0.0,0.0,0.0
2026/06/04 15:16:52.324700138,1780597012,324164607,imu_link,0.25534653663635254,0.20713353157043457,0.3404972553253174,0.0,0.0,0.0,0.0,0.0,0.0,0.0,0.0,0.0
2026/06/04 15:16:52.335962515,1780597012,335762682,imu_link,0.24087858200073242,0.21282386779785156,0.3390014171600342,0.0,0.0,0.0,0.0,0.0,0.0,0.0,0.0,0.0
2026/06/04 15:16:52.337375318,1780597012,335855120,imu_link,0.25114941596984863,0.22425389289855957,0.32734012603759766,0.0,0.0,0.0,0.0,0.0,0.0,0.0,0.0,0.0
2026/06/04 15:16:52.347220515,1780597012,346397044,imu_link,0.25668931007385254,0.21058177947998047,0.33223772048950195,0.0,0.0,0.0,0.0,0.0,0.0,0.0,0.0,0.0
2026/06/04 15:16:52.358848829,1780597012,357266788,imu_link,0.25230932235717773,0.21741819381713867,0.34969186782836914,0.0,0.0,0.0,0.0,0.0,0.0,0.0,0.0,0.0
2026/06/04 15:16:52.371162294,1780597012,369195498,imu_link,0.25519657135009766,0.21499180793762207,0.34047818183898926,0.0,0.0,0.0,0.0,0.0,0.0,0.0,0.0,0.0
2026/06/04 15:16:52.380220025,1780597012,378863021,imu_link,0.24672341346740723,0.2065134048461914,0.33368635177612305,0.0,0.0,0.0,0.0,0.0,0.0,0.0,0.0,0.0
2026/06/04 15:16:52.389423697,1780597012,388469482,imu_link,0.24395346641540527,0.22513461112976074,0.3268399238586426,0.0,0.0,0.0,0.0,0.0,0.0,0.0,0.0,0.0
2026/06/04 15:16:52.400693677,1780597012,400151463,imu_link,0.24733638763427734,0.22321605682373047,0.3258793354034424,0.0,0.0,0.0,0.0,0.0,0.0,0.0,0.0,0.0
2026/06/04 15:16:52.411482082,1780597012,410847902,imu_link,0.2566847801208496,0.213547945022583,0.348252534866333,0.0,0.0,0.0,0.0,0.0,0.0,0.0,0.0,0.0
2026/06/04 15:16:52.422957397,1780597012,422613312,imu_link,0.2582855224609375,0.20423197746276855,0.344393253326416,0.0,0.0,0.0,0.0,0.0,0.0,0.0,0.0,0.0
2026/06/04 15:16:52.433501106,1780597012,433374134,imu_link,0.2403860092163086,0.21330642700195312,0.3375430107116699,0.0,0.0,0.0,0.0,0.0,0.0,0.0,0.0,0.0
2026/06/04 15:16:52.444238493,1780597012,444122967,imu_link,0.251600980758667,0.22523999214172363,0.32491111755371094,0.0,0.0,0.0,0.0,0.0,0.0,0.0,0.0,0.0
2026/06/04 15:16:52.456145119,1780597012,455938008,imu_link,0.25563573837280273,0.21547889709472656,0.3312532901763916,0.0,0.0,0.0,0.0,0.0,0.0,0.0,0.0,0.0
2026/06/04 15:16:52.457564237,1780597012,456010319,imu_link,0.2537727355957031,0.21596503257751465,0.3496980667114258,0.0,0.0,0.0,0.0,0.0,0.0,0.0,0.0,0.0
2026/06/04 15:16:52.467769023,1780597012,465667734,imu_link,0.2547430992126465,0.21351051330566406,0.3395099639892578,0.0,0.0,0.0,0.0,0.0,0.0,0.0,0.0,0.0
2026/06/04 15:16:52.478273869,1780597012,476474556,imu_link,0.24717974662780762,0.20750117301940918,0.3327138423919678,0.0,0.0,0.0,0.0,0.0,0.0,0.0,0.0,0.0
2026/06/04 15:16:52.495212824,1780597012,494784532,imu_link,0.24635791778564453,0.2251729965209961,0.33072805404663086,0.0,0.0,0.0,0.0,0.0,0.0,0.0,0.0,0.0
2026/06/04 15:16:52.505982072,1780597012,505586149,imu_link,0.24973154067993164,0.22374534606933594,0.32976651191711426,0.0,0.0,0.0,0.0,0.0,0.0,0.0,0.0,0.0
2026/06/04 15:16:52.508419527,1780597012,505736168,imu_link,0.25853872299194336,0.2165205478668213,0.3472776412963867,0.0,0.0,0.0,0.0,0.0,0.0,0.0,0.0,0.0
2026/06/04 15:16:52.518273929,1780597012,516428497,imu_link,0.2572956085205078,0.20618462562561035,0.3458433151245117,0.0,0.0,0.0,0.0,0.0,0.0,0.0,0.0,0.0
2026/06/04 15:16:52.528719147,1780597012,527242518,imu_link,0.2427983283996582,0.2123584747314453,0.33803486824035645,0.0,0.0,0.0,0.0,0.0,0.0,0.0,0.0,0.0
2026/06/04 15:16:52.538722986,1780597012,537992197,imu_link,0.24973130226135254,0.2232508659362793,0.3268547058105469,0.0,0.0,0.0,0.0,0.0,0.0,0.0,0.0,0.0
2026/06/04 15:16:52.549185318,1780597012,548653778,imu_link,0.25380825996398926,0.21152687072753906,0.3346579074859619,0.0,0.0,0.0,0.0,0.0,0.0,0.0,0.0,0.0
2026/06/04 15:16:52.560746823,1780597012,560275114,imu_link,0.2518012523651123,0.21937870979309082,0.352114200592041,0.0,0.0,0.0,0.0,0.0,0.0,0.0,0.0,0.0
2026/06/04 15:16:52.571374506,1780597012,571026143,imu_link,0.253795862197876,0.2135007381439209,0.3424215316772461,0.0,0.0,0.0,0.0,0.0,0.0,0.0,0.0,0.0
2026/06/04 15:16:52.582014289,1780597012,581670806,imu_link,0.24765825271606445,0.20800232887268066,0.33562636375427246,0.0,0.0,0.0,0.0,0.0,0.0,0.0,0.0,0.0
2026/06/04 15:16:52.594038654,1780597012,593440225,imu_link,0.24394893646240234,0.22562742233276367,0.3282952308654785,0.0,0.0,0.0,0.0,0.0,0.0,0.0,0.0,0.0
2026/06/04 15:16:52.603441925,1780597012,603218488,imu_link,0.24732255935668945,0.225189208984375,0.3331573009490967,0.0,0.0,0.0,0.0,0.0,0.0,0.0,0.0,0.0
2026/06/04 15:16:52.614402854,1780597012,614065256,imu_link,0.25955963134765625,0.21358990669250488,0.3497140407562256,0.0,0.0,0.0,0.0,0.0,0.0,0.0,0.0,0.0
2026/06/04 15:16:52.626108145,1780597012,625869409,imu_link,0.25727081298828125,0.20716452598571777,0.3438992500305176,0.0,0.0,0.0,0.0,0.0,0.0,0.0,0.0,0.0
2026/06/04 15:16:52.627547942,1780597012,625990157,imu_link,0.243239164352417,0.21432971954345703,0.3380310535430908,0.0,0.0,0.0,0.0,0.0,0.0,0.0,0.0,0.0
2026/06/04 15:16:52.638732079,1780597012,636878178,imu_link,0.2502284049987793,0.2222752571105957,0.3268578052520752,0.0,0.0,0.0,0.0,0.0,0.0,0.0,0.0,0.0
2026/06/04 15:16:52.648475793,1780597012,646519335,imu_link,0.25571680068969727,0.21155190467834473,0.3332047462463379,0.0,0.0,0.0,0.0,0.0,0.0,0.0,0.0,0.0
2026/06/04 15:16:52.660393643,1780597012,658381144,imu_link,0.25187158584594727,0.21544814109802246,0.35066699981689453,0.0,0.0,0.0,0.0,0.0,0.0,0.0,0.0,0.0
2026/06/04 15:16:52.670370069,1780597012,669100046,imu_link,0.25426173210144043,0.21399736404418945,0.3414499759674072,0.0,0.0,0.0,0.0,0.0,0.0,0.0,0.0,0.0
2026/06/04 15:16:52.680618472,1780597012,679715967,imu_link,0.24761462211608887,0.20996475219726562,0.3336796760559082,0.0,0.0,0.0,0.0,0.0,0.0,0.0,0.0,0.0
2026/06/04 15:16:52.690796531,1780597012,690383459,imu_link,0.24345946311950684,0.22611117362976074,0.3278076648712158,0.0,0.0,0.0,0.0,0.0,0.0,0.0,0.0,0.0
2026/06/04 15:16:52.701503496,1780597012,701131524,imu_link,0.24922633171081543,0.22521281242370605,0.3302476406097412,0.0,0.0,0.0,0.0,0.0,0.0,0.0,0.0,0.0
2026/06/04 15:16:52.713482321,1780597012,713080307,imu_link,0.2566971778869629,0.2130579948425293,0.3492248058319092,0.0,0.0,0.0,0.0,0.0,0.0,0.0,0.0,0.0
2026/06/04 15:16:52.723121889,1780597012,722899319,imu_link,0.25491952896118164,0.20516753196716309,0.34487080574035645,0.0,0.0,0.0,0.0,0.0,0.0,0.0,0.0,0.0
2026/06/04 15:16:52.730580030,1780597012,730314954,imu_link,0.2404313087463379,0.21134471893310547,0.33997535705566406,0.0,0.0,0.0,0.0,0.0,0.0,0.0,0.0,0.0
2026/06/04 15:16:52.741840026,1780597012,741135663,imu_link,0.2501645088195801,0.22571372985839844,0.3273348808288574,0.0,0.0,0.0,0.0,0.0,0.0,0.0,0.0,0.0
2026/06/04 15:16:52.754091363,1780597012,753113933,imu_link,0.2542381286621094,0.2139885425567627,0.3341672420501709,0.0,0.0,0.0,0.0,0.0,0.0,0.0,0.0,0.0
2026/06/04 15:16:52.763338985,1780597012,762961275,imu_link,0.2513463497161865,0.2178969383239746,0.3506600856781006,0.0,0.0,0.0,0.0,0.0,0.0,0.0,0.0,0.0
2026/06/04 15:16:52.774105471,1780597012,773755853,imu_link,0.25524330139160156,0.21303081512451172,0.3433959484100342,0.0,0.0,0.0,0.0,0.0,0.0,0.0,0.0,0.0
2026/06/04 15:16:52.784896579,1780597012,784560209,imu_link,0.24524784088134766,0.20895099639892578,0.3356199264526367,0.0,0.0,0.0,0.0,0.0,0.0,0.0,0.0,0.0
2026/06/04 15:16:52.796955998,1780597012,796482846,imu_link,0.24350666999816895,0.2241501808166504,0.33072543144226074,0.0,0.0,0.0,0.0,0.0,0.0,0.0,0.0,0.0
2026/06/04 15:16:52.799125419,1780597012,796711828,imu_link,0.24688291549682617,0.22272396087646484,0.3307349681854248,0.0,0.0,0.0,0.0,0.0,0.0,0.0,0.0,0.0
2026/06/04 15:16:52.807880450,1780597012,806290384,imu_link,0.25902366638183594,0.2160348892211914,0.34630870819091797,0.0,0.0,0.0,0.0,0.0,0.0,0.0,0.0,0.0
2026/06/04 15:16:52.819349464,1780597012,818118533,imu_link,0.2572662830352783,0.2076573371887207,0.3453545570373535,0.0,0.0,0.0,0.0,0.0,0.0,0.0,0.0,0.0
2026/06/04 15:16:52.828677830,1780597012,827730637,imu_link,0.2438066005706787,0.20991778373718262,0.33949899673461914,0.0,0.0,0.0,0.0,0.0,0.0,0.0,0.0,0.0
2026/06/04 15:16:52.839194797,1780597012,838553158,imu_link,0.24975967407226562,0.22227191925048828,0.3297700881958008,0.0,0.0,0.0,0.0,0.0,0.0,0.0,0.0,0.0
2026/06/04 15:16:52.850922007,1780597012,850342752,imu_link,0.25426483154296875,0.21251463890075684,0.33368539810180664,0.0,0.0,0.0,0.0,0.0,0.0,0.0,0.0,0.0
2026/06/04 15:16:52.861476082,1780597012,861107702,imu_link,0.250441312789917,0.21542954444885254,0.35212087631225586,0.0,0.0,0.0,0.0,0.0,0.0,0.0,0.0,0.0
2026/06/04 15:16:52.872146022,1780597012,871770016,imu_link,0.2547585964202881,0.21302175521850586,0.34145331382751465,0.0,0.0,0.0,0.0,0.0,0.0,0.0,0.0,0.0
2026/06/04 15:16:52.884642312,1780597012,883691245,imu_link,0.24526476860046387,0.20796823501586914,0.33513689041137695,0.0,0.0,0.0,0.0,0.0,0.0,0.0,0.0,0.0
2026/06/04 15:16:52.893853265,1780597012,893428383,imu_link,0.24440526962280273,0.2261207103729248,0.32441067695617676,0.0,0.0,0.0,0.0,0.0,0.0,0.0,0.0,0.0
2026/06/04 15:16:52.904687195,1780597012,904242399,imu_link,0.24586248397827148,0.22565436363220215,0.32829856872558594,0.0,0.0,0.0,0.0,0.0,0.0,0.0,0.0,0.0
2026/06/04 15:16:52.916830896,1780597012,916091815,imu_link,0.2600393295288086,0.2131028175354004,0.3472883701324463,0.0,0.0,0.0,0.0,0.0,0.0,0.0,0.0,0.0
2026/06/04 15:16:52.918744926,1780597012,916281696,imu_link,0.25823068618774414,0.20668458938598633,0.34195995330810547,0.0,0.0,0.0,0.0,0.0,0.0,0.0,0.0,0.0
2026/06/04 15:16:52.927828193,1780597012,926780874,imu_link,0.24093961715698242,0.20987868309020996,0.34046506881713867,0.0,0.0,0.0,0.0,0.0,0.0,0.0,0.0,0.0
2026/06/04 15:16:52.940554813,1780597012,938671732,imu_link,0.25116801261901855,0.22327160835266113,0.32734251022338867,0.0,0.0,0.0,0.0,0.0,0.0,0.0,0.0,0.0
2026/06/04 15:16:52.949543012,1780597012,948338230,imu_link,0.2561779022216797,0.21204686164855957,0.3307766914367676,0.0,0.0,0.0,0.0,0.0,0.0,0.0,0.0,0.0
2026/06/04 15:16:52.960266898,1780597012,958995696,imu_link,0.2532987594604492,0.21546554565429688,0.34824180603027344,0.0,0.0,0.0,0.0,0.0,0.0,0.0,0.0,0.0
2026/06/04 15:16:52.971688817,1780597012,970653510,imu_link,0.2547461986541748,0.2140064239501953,0.34339284896850586,0.0,0.0,0.0,0.0,0.0,0.0,0.0,0.0,0.0
2026/06/04 15:16:52.978523448,1780597012,978121185,imu_link,0.24811625480651855,0.20849609375,0.3322274684906006,0.0,0.0,0.0,0.0,0.0,0.0,0.0,0.0,0.0
2026/06/04 15:16:52.988318143,1780597012,987704797,imu_link,0.2472975254058838,0.22517991065979004,0.32538914680480957,0.0,0.0,0.0,0.0,0.0,0.0,0.0,0.0,0.0
2026/06/04 15:16:52.998812543,1780597012,998290923,imu_link,0.24779772758483887,0.22420549392700195,0.32636356353759766,0.0,0.0,0.0,0.0,0.0,0.0,0.0,0.0,0.0
2026/06/04 15:16:53.9442934,1780597013,8914237,imu_link,0.26047420501708984,0.21556639671325684,0.3482544422149658,0.0,0.0,0.0,0.0,0.0,0.0,0.0,0.0,0.0
2026/06/04 15:16:53.21174451,1780597013,20653144,imu_link,0.2539348602294922,0.2061328887939453,0.3419535160064697,0.0,0.0,0.0,0.0,0.0,0.0,0.0,0.0,0.0
2026/06/04 15:16:53.30983107,1780597013,30594206,imu_link,0.24182724952697754,0.21283411979675293,0.3365755081176758,0.0,0.0,0.0,0.0,0.0,0.0,0.0,0.0,0.0
2026/06/04 15:16:53.43170589,1780597013,42453462,imu_link,0.2511477470397949,0.22425341606140137,0.3268547058105469,0.0,0.0,0.0,0.0,0.0,0.0,0.0,0.0,0.0
2026/06/04 15:16:53.53401256,1780597013,53235523,imu_link,0.2547149658203125,0.21399474143981934,0.3336827754974365,0.0,0.0,0.0,0.0,0.0,0.0,0.0,0.0,0.0
2026/06/04 15:16:53.64107346,1780597013,64011798,imu_link,0.25187158584594727,0.21544814109802246,0.35066699981689453,0.0,0.0,0.0,0.0,0.0,0.0,0.0,0.0,0.0
2026/06/04 15:16:53.76157852,1780597013,75843064,imu_link,0.25613903999328613,0.21549487113952637,0.339022159576416,0.0,0.0,0.0,0.0,0.0,0.0,0.0,0.0,0.0
2026/06/04 15:16:53.78151624,1780597013,75928677,imu_link,0.24668431282043457,0.20847725868225098,0.33319592475891113,0.0,0.0,0.0,0.0,0.0,0.0,0.0,0.0,0.0
2026/06/04 15:16:53.88403156,1780597013,86744339,imu_link,0.24589061737060547,0.2241809368133545,0.32830214500427246,0.0,0.0,0.0,0.0,0.0,0.0,0.0,0.0,0.0
2026/06/04 15:16:53.97778641,1780597013,96475043,imu_link,0.24827289581298828,0.22470569610595703,0.3283050060272217,0.0,0.0,0.0,0.0,0.0,0.0,0.0,0.0,0.0
2026/06/04 15:16:53.109377454,1780597013,108349293,imu_link,0.2600409984588623,0.2131032943725586,0.34777402877807617,0.0,0.0,0.0,0.0,0.0,0.0,0.0,0.0,0.0
2026/06/04 15:16:53.119726386,1780597013,119226524,imu_link,0.2601659297943115,0.20573043823242188,0.34293651580810547,0.0,0.0,0.0,0.0,0.0,0.0,0.0,0.0,0.0
2026/06/04 15:16:53.129422072,1780597013,129056298,imu_link,0.24184632301330566,0.21234655380249023,0.3394896984100342,0.0,0.0,0.0,0.0,0.0,0.0,0.0,0.0,0.0
2026/06/04 15:16:53.140924166,1780597013,140681839,imu_link,0.2515869140625,0.22622394561767578,0.32636547088623047,0.0,0.0,0.0,0.0,0.0,0.0,0.0,0.0,0.0
2026/06/04 15:16:53.150552792,1780597013,150344464,imu_link,0.25422239303588867,0.21497201919555664,0.33513593673706055,0.0,0.0,0.0,0.0,0.0,0.0,0.0,0.0,0.0
2026/06/04 15:16:53.163546868,1780597013,163233254,imu_link,0.25040388107299805,0.21739411354064941,0.35211610794067383,0.0,0.0,0.0,0.0,0.0,0.0,0.0,0.0,0.0
2026/06/04 15:16:53.173320975,1780597013,173220676,imu_link,0.25666117668151855,0.21353912353515625,0.3409698009490967,0.0,0.0,0.0,0.0,0.0,0.0,0.0,0.0,0.0
2026/06/04 15:16:53.184326188,1780597013,184133328,imu_link,0.2476205825805664,0.2094724178314209,0.33270978927612305,0.0,0.0,0.0,0.0,0.0,0.0,0.0,0.0,0.0
2026/06/04 15:16:53.196404476,1780597013,195977041,imu_link,0.24391770362854004,0.22709965705871582,0.32732057571411133,0.0,0.0,0.0,0.0,0.0,0.0,0.0,0.0,0.0
2026/06/04 15:16:53.198247069,1780597013,196142483,imu_link,0.2459125518798828,0.2236943244934082,0.3321874141693115,0.0,0.0,0.0,0.0,0.0,0.0,0.0,0.0,0.0
2026/06/04 15:16:53.207597710,1780597013,205748906,imu_link,0.25714731216430664,0.2145380973815918,0.34922194480895996,0.0,0.0,0.0,0.0,0.0,0.0,0.0,0.0,0.0
2026/06/04 15:16:53.217428180,1780597013,216646223,imu_link,0.25539493560791016,0.20517301559448242,0.3439004421234131,0.0,0.0,0.0,0.0,0.0,0.0,0.0,0.0,0.0
2026/06/04 15:16:53.229067715,1780597013,228353653,imu_link,0.2404329776763916,0.21134543418884277,0.34046077728271484,0.0,0.0,0.0,0.0,0.0,0.0,0.0,0.0,0.0
2026/06/04 15:16:53.245840469,1780597013,245565472,imu_link,0.24970006942749023,0.22472310066223145,0.3258800506591797,0.0,0.0,0.0,0.0,0.0,0.0,0.0,0.0,0.0
2026/06/04 15:16:53.246933291,1780597013,245715821,imu_link,0.25379109382629395,0.2125096321105957,0.3351411819458008,0.0,0.0,0.0,0.0,0.0,0.0,0.0,0.0,0.0
2026/06/04 15:16:53.257432923,1780597013,256544448,imu_link,0.25281429290771484,0.2164454460144043,0.35212278366088867,0.0,0.0,0.0,0.0,0.0,0.0,0.0,0.0,0.0
2026/06/04 15:16:53.267806440,1780597013,267224686,imu_link,0.2547321319580078,0.21499037742614746,0.3448472023010254,0.0,0.0,0.0,0.0,0.0,0.0,0.0,0.0,0.0
2026/06/04 15:16:53.278181537,1780597013,277858715,imu_link,0.24815058708190918,0.20702505111694336,0.33417320251464844,0.0,0.0,0.0,0.0,0.0,0.0,0.0,0.0,0.0
2026/06/04 15:16:53.288814927,1780597013,288522250,imu_link,0.24442434310913086,0.2256331443786621,0.32732486724853516,0.0,0.0,0.0,0.0,0.0,0.0,0.0,0.0,0.0
2026/06/04 15:16:53.300765655,1780597013,300326137,imu_link,0.24829339981079102,0.2237238883972168,0.3287930488586426,0.0,0.0,0.0,0.0,0.0,0.0,0.0,0.0,0.0
2026/06/04 15:16:53.311382625,1780597013,311105468,imu_link,0.2580716609954834,0.21602320671081543,0.3477635383605957,0.0,0.0,0.0,0.0,0.0,0.0,0.0,0.0,0.0
2026/06/04 15:16:53.321201872,1780597013,320790277,imu_link,0.25539660453796387,0.20517349243164062,0.34438586235046387,0.0,0.0,0.0,0.0,0.0,0.0,0.0,0.0,0.0
2026/06/04 15:16:53.333548836,1780597013,332639553,imu_link,0.24086475372314453,0.2138078212738037,0.3404555320739746,0.0,0.0,0.0,0.0,0.0,0.0,0.0,0.0,0.0
2026/06/04 15:16:53.343891719,1780597013,343717080,imu_link,0.24828076362609863,0.2242138385772705,0.3278207778930664,0.0,0.0,0.0,0.0,0.0,0.0,0.0,0.0,0.0
2026/06/04 15:16:53.353739052,1780597013,353494328,imu_link,0.25380373001098633,0.212019681930542,0.33611321449279785,0.0,0.0,0.0,0.0,0.0,0.0,0.0,0.0,0.0
2026/06/04 15:16:53.365694527,1780597013,365395154,imu_link,0.25469970703125,0.21844029426574707,0.35503458976745605,0.0,0.0,0.0,0.0,0.0,0.0,0.0,0.0,0.0
2026/06/04 15:16:53.367960487,1780597013,365543536,imu_link,0.25376462936401367,0.21497297286987305,0.3414468765258789,0.0,0.0,0.0,0.0,0.0,0.0,0.0,0.0,0.0
2026/06/04 15:16:53.378170202,1780597013,376309698,imu_link,0.24672198295593262,0.20700740814208984,0.33611249923706055,0.0,0.0,0.0,0.0,0.0,0.0,0.0,0.0,0.0
2026/06/04 15:16:53.388877391,1780597013,386978613,imu_link,0.24540281295776367,0.22417068481445312,0.32538819313049316,0.0,0.0,0.0,0.0,0.0,0.0,0.0,0.0,0.0
2026/06/04 15:16:53.400703031,1780597013,398785779,imu_link,0.24969100952148438,0.2257087230682373,0.32879090309143066,0.0,0.0,0.0,0.0,0.0,0.0,0.0,0.0,0.0
2026/06/04 15:16:53.409259473,1780597013,408561476,imu_link,0.26194047927856445,0.21411442756652832,0.349231481552124,0.0,0.0,0.0,0.0,0.0,0.0,0.0,0.0,0.0
2026/06/04 15:16:53.420900945,1780597013,420317796,imu_link,0.25728940963745117,0.20618224143981934,0.3439013957977295,0.0,0.0,0.0,0.0,0.0,0.0,0.0,0.0,0.0
2026/06/04 15:16:53.430556590,1780597013,430173006,imu_link,0.24377226829528809,0.211883544921875,0.3404653072357178,0.0,0.0,0.0,0.0,0.0,0.0,0.0,0.0,0.0
2026/06/04 15:16:53.441248835,1780597013,440916140,imu_link,0.2497267723083496,0.22374367713928223,0.3283100128173828,0.0,0.0,0.0,0.0,0.0,0.0,0.0,0.0,0.0
2026/06/04 15:16:53.453055217,1780597013,452681892,imu_link,0.2533125877380371,0.21200823783874512,0.3322281837463379,0.0,0.0,0.0,0.0,0.0,0.0,0.0,0.0,0.0
2026/06/04 15:16:53.463417138,1780597013,463312364,imu_link,0.2532787322998047,0.2174365520477295,0.3535778522491455,0.0,0.0,0.0,0.0,0.0,0.0,0.0,0.0,0.0
2026/06/04 15:16:53.474313252,1780597013,474132527,imu_link,0.2547791004180908,0.21203994750976562,0.34194111824035645,0.0,0.0,0.0,0.0,0.0,0.0,0.0,0.0,0.0
2026/06/04 15:16:53.480829065,1780597013,480599829,imu_link,0.24622488021850586,0.20798277854919434,0.3361093997955322,0.0,0.0,0.0,0.0,0.0,0.0,0.0,0.0,0.0
2026/06/04 15:16:53.492350043,1780597013,491385146,imu_link,0.24488520622253418,0.2266225814819336,0.32780909538269043,0.0,0.0,0.0,0.0,0.0,0.0,0.0,0.0,0.0
2026/06/04 15:16:53.503769151,1780597013,503287876,imu_link,0.2482776641845703,0.22470736503601074,0.3297615051269531,0.0,0.0,0.0,0.0,0.0,0.0,0.0,0.0,0.0
2026/06/04 15:16:53.514467441,1780597013,514305802,imu_link,0.2557249069213867,0.2135334014892578,0.34727978706359863,0.0,0.0,0.0,0.0,0.0,0.0,0.0,0.0,0.0
2026/06/04 15:16:53.524339280,1780597013,524127026,imu_link,0.25254344940185547,0.20415067672729492,0.34389781951904297,0.0,0.0,0.0,0.0,0.0,0.0,0.0,0.0,0.0
2026/06/04 15:16:53.536315761,1780597013,535992645,imu_link,0.2413630485534668,0.21283268928527832,0.3409442901611328,0.0,0.0,0.0,0.0,0.0,0.0,0.0,0.0,0.0
2026/06/04 15:16:53.537732153,1780597013,536176721,imu_link,0.25258755683898926,0.2242751121520996,0.32831382751464844,0.0,0.0,0.0,0.0,0.0,0.0,0.0,0.0,0.0
2026/06/04 15:16:53.548153727,1780597013,546894803,imu_link,0.2547287940979004,0.21301054954528809,0.332228422164917,0.0,0.0,0.0,0.0,0.0,0.0,0.0,0.0,0.0
2026/06/04 15:16:53.559464915,1780597013,558571081,imu_link,0.2532830238342285,0.21644902229309082,0.3492105007171631,0.0,0.0,0.0,0.0,0.0,0.0,0.0,0.0,0.0
2026/06/04 15:16:53.568528031,1780597013,568159667,imu_link,0.25618743896484375,0.21303963661193848,0.33951354026794434,0.0,0.0,0.0,0.0,0.0,0.0,0.0,0.0,0.0
2026/06/04 15:16:53.579232573,1780597013,578885839,imu_link,0.2481677532196045,0.20604228973388672,0.33368992805480957,0.0,0.0,0.0,0.0,0.0,0.0,0.0,0.0,0.0
2026/06/04 15:16:53.591237235,1780597013,590680892,imu_link,0.24494457244873047,0.22318243980407715,0.32587528228759766,0.0,0.0,0.0,0.0,0.0,0.0,0.0,0.0,0.0
2026/06/04 15:16:53.600756951,1780597013,600337994,imu_link,0.2487623691558838,0.22422194480895996,0.3287928104400635,0.0,0.0,0.0,0.0,0.0,0.0,0.0,0.0,0.0
2026/06/04 15:16:53.611522666,1780597013,611117594,imu_link,0.2590765953063965,0.21308684349060059,0.34534478187561035,0.0,0.0,0.0,0.0,0.0,0.0,0.0,0.0,0.0
2026/06/04 15:16:53.623788094,1780597013,623052318,imu_link,0.256317138671875,0.20665764808654785,0.34195661544799805,0.0,0.0,0.0,0.0,0.0,0.0,0.0,0.0,0.0
2026/06/04 15:16:53.633951005,1780597013,633721924,imu_link,0.24186491966247559,0.2113642692565918,0.3394920825958252,0.0,0.0,0.0,0.0,0.0,0.0,0.0,0.0,0.0
2026/06/04 15:16:53.644880329,1780597013,644480376,imu_link,0.24975013732910156,0.22226858139038086,0.3268570899963379,0.0,0.0,0.0,0.0,0.0,0.0,0.0,0.0,0.0
2026/06/04 15:16:53.655672527,1780597013,655300070,imu_link,0.2542285919189453,0.21447968482971191,0.3341660499572754,0.0,0.0,0.0,0.0,0.0,0.0,0.0,0.0,0.0
2026/06/04 15:16:53.656978435,1780597013,655439207,imu_link,0.25421643257141113,0.21793723106384277,0.3506650924682617,0.0,0.0,0.0,0.0,0.0,0.0,0.0,0.0,0.0
2026/06/04 15:16:53.667434807,1780597013,666290043,imu_link,0.25281715393066406,0.2139735221862793,0.3385343551635742,0.0,0.0,0.0,0.0,0.0,0.0,0.0,0.0,0.0
2026/06/04 15:16:53.679160539,1780597013,678152314,imu_link,0.24810361862182617,0.20948076248168945,0.3341672420501709,0.0,0.0,0.0,0.0,0.0,0.0,0.0,0.0,0.0
2026/06/04 15:16:53.689492225,1780597013,688819992,imu_link,0.2482759952545166,0.22470688819885254,0.32927608489990234,0.0,0.0,0.0,0.0,0.0,0.0,0.0,0.0,0.0
2026/06/04 15:16:53.700143769,1780597013,699494878,imu_link,0.25064730644226074,0.22621703147888184,0.33170437812805176,0.0,0.0,0.0,0.0,0.0,0.0,0.0,0.0,0.0
2026/06/04 15:16:53.710723803,1780597013,710198938,imu_link,0.2610056400299072,0.21262502670288086,0.3472912311553955,0.0,0.0,0.0,0.0,0.0,0.0,0.0,0.0,0.0
2026/06/04 15:16:53.721328169,1780597013,720945077,imu_link,0.2558608055114746,0.20566987991333008,0.3429291248321533,0.0,0.0,0.0,0.0,0.0,0.0,0.0,0.0,0.0
2026/06/04 15:16:53.728687906,1780597013,728375244,imu_link,0.24325799942016602,0.2133474349975586,0.33803343772888184,0.0,0.0,0.0,0.0,0.0,0.0,0.0,0.0,0.0
2026/06/04 15:16:53.738633356,1780597013,738082743,imu_link,0.2478022575378418,0.22420716285705566,0.3278200626373291,0.0,0.0,0.0,0.0,0.0,0.0,0.0,0.0,0.0
2026/06/04 15:16:53.749275254,1780597013,748773306,imu_link,0.2542381286621094,0.21349406242370605,0.3312554359436035,0.0,0.0,0.0,0.0,0.0,0.0,0.0,0.0,0.0
2026/06/04 15:16:53.761246275,1780597013,760465963,imu_link,0.25378966331481934,0.214982271194458,0.349215030670166,0.0,0.0,0.0,0.0,0.0,0.0,0.0,0.0,0.0
2026/06/04 15:16:53.771530356,1780597013,771254762,imu_link,0.2528500556945801,0.21250176429748535,0.3399946689605713,0.0,0.0,0.0,0.0,0.0,0.0,0.0,0.0,0.0
2026/06/04 15:16:53.783427838,1780597013,783015246,imu_link,0.24762392044067383,0.2094736099243164,0.3336808681488037,0.0,0.0,0.0,0.0,0.0,0.0,0.0,0.0,0.0
2026/06/04 15:16:53.794040011,1780597013,793761719,imu_link,0.24346590042114258,0.22561907768249512,0.32683777809143066,0.0,0.0,0.0,0.0,0.0,0.0,0.0,0.0,0.0
2026/06/04 15:16:53.803522663,1780597013,803378407,imu_link,0.24733948707580566,0.22321724891662598,0.32685041427612305,0.0,0.0,0.0,0.0,0.0,0.0,0.0,0.0,0.0
2026/06/04 15:16:53.815463974,1780597013,815230507,imu_link,0.2590954303741455,0.21210455894470215,0.34534716606140137,0.0,0.0,0.0,0.0,0.0,0.0,0.0,0.0,0.0
2026/06/04 15:16:53.816295156,1780597013,815346327,imu_link,0.2577848434448242,0.20520639419555664,0.34341907501220703,0.0,0.0,0.0,0.0,0.0,0.0,0.0,0.0,0.0
2026/06/04 15:16:53.826627202,1780597013,826034462,imu_link,0.24045014381408691,0.21036243438720703,0.3399777412414551,0.0,0.0,0.0,0.0,0.0,0.0,0.0,0.0,0.0
2026/06/04 15:16:53.838278628,1780597013,836736492,imu_link,0.25263428688049316,0.22181940078735352,0.328319787979126,0.0,0.0,0.0,0.0,0.0,0.0,0.0,0.0,0.0
2026/06/04 15:16:53.849751702,1780597013,848488732,imu_link,0.2528061866760254,0.21347475051879883,0.33222389221191406,0.0,0.0,0.0,0.0,0.0,0.0,0.0,0.0,0.0
2026/06/04 15:16:53.859737134,1780597013,859125688,imu_link,0.2523763179779053,0.21447539329528809,0.35309767723083496,0.0,0.0,0.0,0.0,0.0,0.0,0.0,0.0,0.0
2026/06/04 15:16:53.869361355,1780597013,868772413,imu_link,0.257122278213501,0.21452879905700684,0.34145379066467285,0.0,0.0,0.0,0.0,0.0,0.0,0.0,0.0,0.0
2026/06/04 15:16:53.881122133,1780597013,880492518,imu_link,0.24859333038330078,0.20899701118469238,0.3346545696258545,0.0,0.0,0.0,0.0,0.0,0.0,0.0,0.0,0.0
2026/06/04 15:16:53.891478769,1780597013,891164148,imu_link,0.24399089813232422,0.22317004203796387,0.3268446922302246,0.0,0.0,0.0,0.0,0.0,0.0,0.0,0.0,0.0
2026/06/04 15:16:53.903375014,1780597013,902904684,imu_link,0.2478163242340088,0.22371792793273926,0.32927775382995605,0.0,0.0,0.0,0.0,0.0,0.0,0.0,0.0,0.0
2026/06/04 15:16:53.913868243,1780597013,913604052,imu_link,0.256650447845459,0.2155137062072754,0.34921884536743164,0.0,0.0,0.0,0.0,0.0,0.0,0.0,0.0,0.0
2026/06/04 15:16:53.923540129,1780597013,923269418,imu_link,0.2554011344909668,0.2046806812286377,0.34293055534362793,0.0,0.0,0.0,0.0,0.0,0.0,0.0,0.0,0.0
2026/06/04 15:16:53.935372920,1780597013,935098687,imu_link,0.2409067153930664,0.2113504409790039,0.3390049934387207,0.0,0.0,0.0,0.0,0.0,0.0,0.0,0.0,0.0
2026/06/04 15:16:53.937167896,1780597013,935189955,imu_link,0.25017690658569336,0.22522377967834473,0.3283071517944336,0.0,0.0,0.0,0.0,0.0,0.0,0.0,0.0,0.0
2026/06/04 15:16:53.947380761,1780597013,945804980,imu_link,0.2537708282470703,0.21349143981933594,0.3346531391143799,0.0,0.0,0.0,0.0,0.0,0.0,0.0,0.0,0.0
2026/06/04 15:16:53.958423037,1780597013,956537583,imu_link,0.25427913665771484,0.21499300003051758,0.3526144027709961,0.0,0.0,0.0,0.0,0.0,0.0,0.0,0.0,0.0
2026/06/04 15:16:53.970259754,1780597013,968315736,imu_link,0.25333619117736816,0.21251177787780762,0.3424229621887207,0.0,0.0,0.0,0.0,0.0,0.0,0.0,0.0,0.0
2026/06/04 15:16:53.978764079,1780597013,977216678,imu_link,0.24670624732971191,0.20749616622924805,0.3341693878173828,0.0,0.0,0.0,0.0,0.0,0.0,0.0,0.0,0.0
2026/06/04 15:16:53.986967547,1780597013,985955454,imu_link,0.24446797370910645,0.22367095947265625,0.3292717933654785,0.0,0.0,0.0,0.0,0.0,0.0,0.0,0.0,0.0
2026/06/04 15:16:53.997318018,1780597013,996617059,imu_link,0.24683308601379395,0.22517848014831543,0.3297579288482666,0.0,0.0,0.0,0.0,0.0,0.0,0.0,0.0,0.0
2026/06/04 15:16:54.6640851,1780597014,6238618,imu_link,0.2581496238708496,0.2120952606201172,0.34874415397644043,0.0,0.0,0.0,0.0,0.0,0.0,0.0,0.0,0.0
2026/06/04 15:16:54.18624716,1780597014,18087586,imu_link,0.25637030601501465,0.20420455932617188,0.3439044952392578,0.0,0.0,0.0,0.0,0.0,0.0,0.0,0.0,0.0
2026/06/04 15:16:54.29082044,1780597014,28695827,imu_link,0.24134135246276855,0.21381378173828125,0.33997106552124023,0.0,0.0,0.0,0.0,0.0,0.0,0.0,0.0,0.0
2026/06/04 15:16:54.40947619,1780597014,40463615,imu_link,0.2492358684539795,0.2242269515991211,0.32733678817749023,0.0,0.0,0.0,0.0,0.0,0.0,0.0,0.0,0.0
2026/06/04 15:16:54.50410286,1780597014,50101791,imu_link,0.253781795501709,0.21250605583190918,0.3322279453277588,0.0,0.0,0.0,0.0,0.0,0.0,0.0,0.0,0.0
2026/06/04 15:16:54.61284537,1780597014,60790098,imu_link,0.2518482208251953,0.21692323684692383,0.35211992263793945,0.0,0.0,0.0,0.0,0.0,0.0,0.0,0.0,0.0
2026/06/04 15:16:54.73449047,1780597014,72737398,imu_link,0.2528078556060791,0.21495938301086426,0.3414452075958252,0.0,0.0,0.0,0.0,0.0,0.0,0.0,0.0,0.0
2026/06/04 15:16:54.83996045,1780597014,83621435,imu_link,0.24575114250183105,0.20748329162597656,0.3346531391143799,0.0,0.0,0.0,0.0,0.0,0.0,0.0,0.0,0.0
2026/06/04 15:16:54.93693867,1780597014,93421314,imu_link,0.24445247650146484,0.22415971755981445,0.3273284435272217,0.0,0.0,0.0,0.0,0.0,0.0,0.0,0.0,0.0
2026/06/04 15:16:54.105643435,1780597014,105309279,imu_link,0.24922633171081543,0.22521281242370605,0.3302476406097412,0.0,0.0,0.0,0.0,0.0,0.0,0.0,0.0,0.0
2026/06/04 15:16:54.107453049,1780597014,105433435,imu_link,0.26051950454711914,0.21310997009277344,0.3477749824523926,0.0,0.0,0.0,0.0,0.0,0.0,0.0,0.0,0.0
2026/06/04 15:16:54.116999949,1780597014,116229144,imu_link,0.2558777332305908,0.20468711853027344,0.34244608879089355,0.0,0.0,0.0,0.0,0.0,0.0,0.0,0.0,0.0
2026/06/04 15:16:54.127547596,1780597014,126936365,imu_link,0.24286699295043945,0.2089216709136963,0.33901429176330566,0.0,0.0,0.0,0.0,0.0,0.0,0.0,0.0,0.0
2026/06/04 15:16:54.140033337,1780597014,138678860,imu_link,0.24925446510314941,0.2237393856048584,0.33025121688842773,0.0,0.0,0.0,0.0,0.0,0.0,0.0,0.0,0.0
2026/06/04 15:16:54.149946850,1780597014,149342854,imu_link,0.2533376216888428,0.21152305603027344,0.3370845317840576,0.0,0.0,0.0,0.0,0.0,0.0,0.0,0.0,0.0
2026/06/04 15:16:54.160757019,1780597014,160120244,imu_link,0.25281429290771484,0.2164454460144043,0.35212278366088867,0.0,0.0,0.0,0.0,0.0,0.0,0.0,0.0,0.0
2026/06/04 15:16:54.171262828,1780597014,170896494,imu_link,0.25617337226867676,0.21402359008789062,0.34096765518188477,0.0,0.0,0.0,0.0,0.0,0.0,0.0,0.0,0.0
2026/06/04 15:16:54.180837088,1780597014,180479058,imu_link,0.2477097511291504,0.20505380630493164,0.33417677879333496,0.0,0.0,0.0,0.0,0.0,0.0,0.0,0.0,0.0
2026/06/04 15:16:54.192833913,1780597014,192393160,imu_link,0.24585938453674316,0.22565317153930664,0.3273274898529053,0.0,0.0,0.0,0.0,0.0,0.0,0.0,0.0,0.0
2026/06/04 15:16:54.203495398,1780597014,203245500,imu_link,0.24637198448181152,0.2236943244934082,0.32636213302612305,0.0,0.0,0.0,0.0,0.0,0.0,0.0,0.0,0.0
2026/06/04 15:16:54.214242663,1780597014,213984724,imu_link,0.26000022888183594,0.21506690979003906,0.3467981815338135,0.0,0.0,0.0,0.0,0.0,0.0,0.0,0.0,0.0
2026/06/04 15:16:54.226133860,1780597014,225857263,imu_link,0.2577629089355469,0.20618748664855957,0.34244585037231445,0.0,0.0,0.0,0.0,0.0,0.0,0.0,0.0,0.0
2026/06/04 15:16:54.227281674,1780597014,226057900,imu_link,0.2394731044769287,0.21083593368530273,0.3365762233734131,0.0,0.0,0.0,0.0,0.0,0.0,0.0,0.0,0.0
2026/06/04 15:16:54.243570675,1780597014,243169526,imu_link,0.24970006942749023,0.22472310066223145,0.3258800506591797,0.0,0.0,0.0,0.0,0.0,0.0,0.0,0.0,0.0
2026/06/04 15:16:54.254144633,1780597014,253907934,imu_link,0.252826452255249,0.2124931812286377,0.33271193504333496,0.0,0.0,0.0,0.0,0.0,0.0,0.0,0.0,0.0
2026/06/04 15:16:54.264925644,1780597014,264697915,imu_link,0.25379157066345215,0.2159719467163086,0.35552430152893066,0.0,0.0,0.0,0.0,0.0,0.0,0.0,0.0,0.0
2026/06/04 15:16:54.276788257,1780597014,276563968,imu_link,0.25424909591674805,0.2149820327758789,0.34338951110839844,0.0,0.0,0.0,0.0,0.0,0.0,0.0,0.0,0.0
2026/06/04 15:16:54.277885136,1780597014,276766169,imu_link,0.24579477310180664,0.20502638816833496,0.33368802070617676,0.0,0.0,0.0,0.0,0.0,0.0,0.0,0.0,0.0
2026/06/04 15:16:54.286826585,1780597014,286271847,imu_link,0.2448899745941162,0.22612977027893066,0.3263537883758545,0.0,0.0,0.0,0.0,0.0,0.0,0.0,0.0,0.0
2026/06/04 15:16:54.298278377,1780597014,297989924,imu_link,0.2492232322692871,0.22521162033081055,0.32927656173706055,0.0,0.0,0.0,0.0,0.0,0.0,0.0,0.0,0.0
2026/06/04 15:16:54.308828287,1780597014,308620624,imu_link,0.25854039192199707,0.2165210247039795,0.3477632999420166,0.0,0.0,0.0,0.0,0.0,0.0,0.0,0.0,0.0
2026/06/04 15:16:54.319556061,1780597014,319345282,imu_link,0.2586996555328369,0.2071824073791504,0.34195971488952637,0.0,0.0,0.0,0.0,0.0,0.0,0.0,0.0,0.0
2026/06/04 15:16:54.330370969,1780597014,330049198,imu_link,0.2423543930053711,0.21038603782653809,0.3370678424835205,0.0,0.0,0.0,0.0,0.0,0.0,0.0,0.0,0.0
2026/06/04 15:16:54.340927890,1780597014,340710651,imu_link,0.24970483779907227,0.22472476959228516,0.32733654975891113,0.0,0.0,0.0,0.0,0.0,0.0,0.0,0.0,0.0
2026/06/04 15:16:54.351673561,1780597014,351401334,imu_link,0.25282979011535645,0.2124943733215332,0.3336830139160156,0.0,0.0,0.0,0.0,0.0,0.0,0.0,0.0,0.0
2026/06/04 15:16:54.363847296,1780597014,363436457,imu_link,0.25134801864624023,0.21789765357971191,0.35114574432373047,0.0,0.0,0.0,0.0,0.0,0.0,0.0,0.0,0.0
2026/06/04 15:16:54.373540960,1780597014,373131932,imu_link,0.2552216053009033,0.2135171890258789,0.3395106792449951,0.0,0.0,0.0,0.0,0.0,0.0,0.0,0.0,0.0
2026/06/04 15:16:54.384673429,1780597014,384324993,imu_link,0.247178316116333,0.20750045776367188,0.3322281837463379,0.0,0.0,0.0,0.0,0.0,0.0,0.0,0.0,0.0
2026/06/04 15:16:54.396436216,1780597014,396244944,imu_link,0.24683785438537598,0.22419095039367676,0.3253908157348633,0.0,0.0,0.0,0.0,0.0,0.0,0.0,0.0,0.0
2026/06/04 15:16:54.397537726,1780597014,396429083,imu_link,0.2487325668334961,0.22569489479064941,0.32830357551574707,0.0,0.0,0.0,0.0,0.0,0.0,0.0,0.0,0.0
2026/06/04 15:16:54.407064720,1780597014,406151711,imu_link,0.2595033645629883,0.21604228019714355,0.34679508209228516,0.0,0.0,0.0,0.0,0.0,0.0,0.0,0.0,0.0
2026/06/04 15:16:54.417784934,1780597014,416906687,imu_link,0.2581977844238281,0.20815634727478027,0.3404998779296875,0.0,0.0,0.0,0.0,0.0,0.0,0.0,0.0,0.0
2026/06/04 15:16:54.429035635,1780597014,428531533,imu_link,0.2418227195739746,0.21332716941833496,0.3380308151245117,0.0,0.0,0.0,0.0,0.0,0.0,0.0,0.0,0.0
2026/06/04 15:16:54.439680796,1780597014,439275388,imu_link,0.2515838146209717,0.22671747207641602,0.3283061981201172,0.0,0.0,0.0,0.0,0.0,0.0,0.0,0.0,0.0
2026/06/04 15:16:54.451284138,1780597014,450950813,imu_link,0.2538034915924072,0.21152496337890625,0.33320140838623047,0.0,0.0,0.0,0.0,0.0,0.0,0.0,0.0,0.0
2026/06/04 15:16:54.461914842,1780597014,461696619,imu_link,0.2542541027069092,0.215972900390625,0.35066986083984375,0.0,0.0,0.0,0.0,0.0,0.0,0.0,0.0,0.0
2026/06/04 15:16:54.471531914,1780597014,471284788,imu_link,0.2561826705932617,0.21303796768188477,0.3380570411682129,0.0,0.0,0.0,0.0,0.0,0.0,0.0,0.0,0.0
2026/06/04 15:16:54.478966935,1780597014,478805905,imu_link,0.24764418601989746,0.20849180221557617,0.3341686725616455,0.0,0.0,0.0,0.0,0.0,0.0,0.0,0.0,0.0
2026/06/04 15:16:54.488818266,1780597014,488508955,imu_link,0.2439565658569336,0.22513556480407715,0.32781100273132324,0.0,0.0,0.0,0.0,0.0,0.0,0.0,0.0,0.0
2026/06/04 15:16:54.501208354,1780597014,500593257,imu_link,0.2477586269378662,0.22666406631469727,0.3287851810455322,0.0,0.0,0.0,0.0,0.0,0.0,0.0,0.0,0.0
2026/06/04 15:16:54.511835053,1780597014,511433789,imu_link,0.25762104988098145,0.21454310417175293,0.3477663993835449,0.0,0.0,0.0,0.0,0.0,0.0,0.0,0.0,0.0
2026/06/04 15:16:54.522987788,1780597014,522564930,imu_link,0.25541210174560547,0.20419049263000488,0.3434171676635742,0.0,0.0,0.0,0.0,0.0,0.0,0.0,0.0,0.0
2026/06/04 15:16:54.533589143,1780597014,533254980,imu_link,0.23944830894470215,0.21280527114868164,0.3404555320739746,0.0,0.0,0.0,0.0,0.0,0.0,0.0,0.0,0.0
2026/06/04 15:16:54.544231844,1780597014,543994042,imu_link,0.24779438972473145,0.2246990203857422,0.3283042907714844,0.0,0.0,0.0,0.0,0.0,0.0,0.0,0.0,0.0
2026/06/04 15:16:54.556565286,1780597014,556127734,imu_link,0.2537660598754883,0.21348953247070312,0.33319664001464844,0.0,0.0,0.0,0.0,0.0,0.0,0.0,0.0,0.0
2026/06/04 15:16:54.557616600,1780597014,556302763,imu_link,0.25188589096069336,0.2154533863067627,0.35503673553466797,0.0,0.0,0.0,0.0,0.0,0.0,0.0,0.0,0.0
2026/06/04 15:16:54.566972543,1780597014,565957784,imu_link,0.25282835960388184,0.21397757530212402,0.341933012008667,0.0,0.0,0.0,0.0,0.0,0.0,0.0,0.0,0.0
2026/06/04 15:16:54.577688916,1780597014,576573492,imu_link,0.24669361114501953,0.20798611640930176,0.33319711685180664,0.0,0.0,0.0,0.0,0.0,0.0,0.0,0.0,0.0
2026/06/04 15:16:54.589162422,1780597014,588351085,imu_link,0.2444288730621338,0.22514033317565918,0.3258695602416992,0.0,0.0,0.0,0.0,0.0,0.0,0.0,0.0,0.0
2026/06/04 15:16:54.598722875,1780597014,598198594,imu_link,0.24640798568725586,0.22222375869750977,0.3287932872772217,0.0,0.0,0.0,0.0,0.0,0.0,0.0,0.0,0.0
2026/06/04 15:16:54.609097222,1780597014,608728412,imu_link,0.25667858123779297,0.213545560836792,0.3463106155395508,0.0,0.0,0.0,0.0,0.0,0.0,0.0,0.0,0.0
2026/06/04 15:16:54.620870555,1780597014,620469082,imu_link,0.25823521614074707,0.20668649673461914,0.3434164524078369,0.0,0.0,0.0,0.0,0.0,0.0,0.0,0.0,0.0
2026/06/04 15:16:54.630352002,1780597014,630163010,imu_link,0.2409379482269287,0.20987796783447266,0.3399796485900879,0.0,0.0,0.0,0.0,0.0,0.0,0.0,0.0,0.0
2026/06/04 15:16:54.641074982,1780597014,640877039,imu_link,0.2506833076477051,0.22375726699829102,0.3283116817474365,0.0,0.0,0.0,0.0,0.0,0.0,0.0,0.0,0.0
2026/06/04 15:16:54.652967190,1780597014,652649250,imu_link,0.25377559661865234,0.21349310874938965,0.33610963821411133,0.0,0.0,0.0,0.0,0.0,0.0,0.0,0.0,0.0
2026/06/04 15:16:54.663626630,1780597014,663331623,imu_link,0.2514073848724365,0.2149519920349121,0.3521237373352051,0.0,0.0,0.0,0.0,0.0,0.0,0.0,0.0,0.0
2026/06/04 15:16:54.674419010,1780597014,674164544,imu_link,0.2538020610809326,0.21300840377807617,0.34145164489746094,0.0,0.0,0.0,0.0,0.0,0.0,0.0,0.0,0.0
2026/06/04 15:16:54.686512617,1780597014,686076908,imu_link,0.24674201011657715,0.2060256004333496,0.33660030364990234,0.0,0.0,0.0,0.0,0.0,0.0,0.0,0.0,0.0
2026/06/04 15:16:54.688147092,1780597014,686235394,imu_link,0.24252009391784668,0.22560977935791016,0.3302347660064697,0.0,0.0,0.0,0.0,0.0,0.0,0.0,0.0,0.0
2026/06/04 15:16:54.697777348,1780597014,696120305,imu_link,0.24779915809631348,0.2247006893157959,0.3297607898712158,0.0,0.0,0.0,0.0,0.0,0.0,0.0,0.0,0.0
2026/06/04 15:16:54.709580536,1780597014,708258244,imu_link,0.25617361068725586,0.21550750732421875,0.349703311920166,0.0,0.0,0.0,0.0,0.0,0.0,0.0,0.0,0.0
2026/06/04 15:16:54.719818431,1780597014,718787763,imu_link,0.25586843490600586,0.20517826080322266,0.34244489669799805,0.0,0.0,0.0,0.0,0.0,0.0,0.0,0.0,0.0
2026/06/04 15:16:54.729058879,1780597014,728334986,imu_link,0.24095368385314941,0.2088947296142578,0.33901095390319824,0.0,0.0,0.0,0.0,0.0,0.0,0.0,0.0,0.0
2026/06/04 15:16:54.736456707,1780597014,735846722,imu_link,0.2492232322692871,0.22521162033081055,0.32927656173706055,0.0,0.0,0.0,0.0,0.0,0.0,0.0,0.0,0.0
2026/06/04 15:16:54.746888074,1780597014,746422630,imu_link,0.25238871574401855,0.21052312850952148,0.33368682861328125,0.0,0.0,0.0,0.0,0.0,0.0,0.0,0.0,0.0
2026/06/04 15:16:54.758581650,1780597014,758195523,imu_link,0.25142621994018555,0.21396970748901367,0.3521261215209961,0.0,0.0,0.0,0.0,0.0,0.0,0.0,0.0,0.0
2026/06/04 15:16:54.769362376,1780597014,769027394,imu_link,0.2542273998260498,0.21596312522888184,0.34241628646850586,0.0,0.0,0.0,0.0,0.0,0.0,0.0,0.0,0.0
2026/06/04 15:16:54.779941585,1780597014,779600171,imu_link,0.24722504615783691,0.20553946495056152,0.3351459503173828,0.0,0.0,0.0,0.0,0.0,0.0,0.0,0.0,0.0
2026/06/04 15:16:54.790776163,1780597014,790427165,imu_link,0.24493861198425293,0.22416925430297852,0.3297569751739502,0.0,0.0,0.0,0.0,0.0,0.0,0.0,0.0,0.0
2026/06/04 15:16:54.801827885,1780597014,801366407,imu_link,0.24732732772827148,0.22420167922973633,0.32879018783569336,0.0,0.0,0.0,0.0,0.0,0.0,0.0,0.0,0.0
2026/06/04 15:16:54.813789136,1780597014,813298460,imu_link,0.26000189781188965,0.21457266807556152,0.3443717956542969,0.0,0.0,0.0,0.0,0.0,0.0,0.0,0.0,0.0
2026/06/04 15:16:54.823647157,1780597014,822917157,imu_link,0.25876379013061523,0.2042386531829834,0.3443942070007324,0.0,0.0,0.0,0.0,0.0,0.0,0.0,0.0,0.0
2026/06/04 15:16:54.834092088,1780597014,833709484,imu_link,0.2399001121520996,0.2137916088104248,0.3380262851715088,0.0,0.0,0.0,0.0,0.0,0.0,0.0,0.0,0.0
2026/06/04 15:16:54.846245796,1780597014,845815690,imu_link,0.24877166748046875,0.22373080253601074,0.328794002532959,0.0,0.0,0.0,0.0,0.0,0.0,0.0,0.0,0.0
2026/06/04 15:16:54.847056893,1780597014,845886632,imu_link,0.25426769256591797,0.2120211124420166,0.3317444324493408,0.0,0.0,0.0,0.0,0.0,0.0,0.0,0.0,0.0
2026/06/04 15:16:54.857181312,1780597014,856512148,imu_link,0.25281262397766113,0.2164449691772461,0.3516373634338379,0.0,0.0,0.0,0.0,0.0,0.0,0.0,0.0,0.0
2026/06/04 15:16:54.866867938,1780597014,866186290,imu_link,0.2542741298675537,0.21350741386413574,0.3424222469329834,0.0,0.0,0.0,0.0,0.0,0.0,0.0,0.0,0.0
2026/06/04 15:16:54.878526937,1780597014,877961468,imu_link,0.2500312328338623,0.20852375030517578,0.3327164649963379,0.0,0.0,0.0,0.0,0.0,0.0,0.0,0.0,0.0
2026/06/04 15:16:54.889036264,1780597014,888646430,imu_link,0.2463688850402832,0.22418785095214844,0.32830286026000977,0.0,0.0,0.0,0.0,0.0,0.0,0.0,0.0,0.0
2026/06/04 15:16:54.899650328,1780597014,899334602,imu_link,0.24872779846191406,0.2256932258605957,0.3268470764160156,0.0,0.0,0.0,0.0,0.0,0.0,0.0,0.0,0.0
2026/06/04 15:16:54.911466739,1780597014,911171738,imu_link,0.26102113723754883,0.21164155006408691,0.34632277488708496,0.0,0.0,0.0,0.0,0.0,0.0,0.0,0.0,0.0
2026/06/04 15:16:54.922081780,1780597014,921872065,imu_link,0.25631070137023926,0.20665526390075684,0.3400146961212158,0.0,0.0,0.0,0.0,0.0,0.0,0.0,0.0,0.0
2026/06/04 15:16:54.932902258,1780597014,932577211,imu_link,0.24241209030151367,0.20743966102600098,0.33756065368652344,0.0,0.0,0.0,0.0,0.0,0.0,0.0,0.0,0.0
2026/06/04 15:16:54.943544030,1780597014,943272035,imu_link,0.24974370002746582,0.22276067733764648,0.32782697677612305,0.0,0.0,0.0,0.0,0.0,0.0,0.0,0.0,0.0
2026/06/04 15:16:54.954193633,1780597014,953969263,imu_link,0.2542848587036133,0.2115328311920166,0.33417320251464844,0.0,0.0,0.0,0.0,0.0,0.0,0.0,0.0,0.0
2026/06/04 15:16:54.966062702,1780597014,965775497,imu_link,0.2546885013580322,0.21843624114990234,0.3516359329223633,0.0,0.0,0.0,0.0,0.0,0.0,0.0,0.0,0.0
2026/06/04 15:16:54.967817679,1780597014,965929405,imu_link,0.2556936740875244,0.21401643753051758,0.3404815196990967,0.0,0.0,0.0,0.0,0.0,0.0,0.0,0.0,0.0
2026/06/04 15:16:54.977900501,1780597014,976607609,imu_link,0.24674367904663086,0.20503711700439453,0.33126211166381836,0.0,0.0,0.0,0.0,0.0,0.0,0.0,0.0,0.0
2026/06/04 15:16:54.993781708,1780597014,993527000,imu_link,0.24685025215148926,0.22370100021362305,0.32636308670043945,0.0,0.0,0.0,0.0,0.0,0.0,0.0,0.0,0.0
2026/06/04 15:16:55.4789639,1780597015,4268504,imu_link,0.2469031810760498,0.22124767303466797,0.3283109664916992,0.0,0.0,0.0,0.0,0.0,0.0,0.0,0.0,0.0
2026/06/04 15:16:55.16326572,1780597015,15989069,imu_link,0.25903749465942383,0.21505093574523926,0.34485459327697754,0.0,0.0,0.0,0.0,0.0,0.0,0.0,0.0,0.0
2026/06/04 15:16:55.17158097,1780597015,16075718,imu_link,0.25629353523254395,0.20813298225402832,0.34340953826904297,0.0,0.0,0.0,0.0,0.0,0.0,0.0,0.0,0.0
2026/06/04 15:16:55.27227478,1780597015,26711942,imu_link,0.2427983283996582,0.2123584747314453,0.33803486824035645,0.0,0.0,0.0,0.0,0.0,0.0,0.0,0.0,0.0
2026/06/04 15:16:55.36601015,1780597015,36210119,imu_link,0.25159311294555664,0.2262263298034668,0.3283073902130127,0.0,0.0,0.0,0.0,0.0,0.0,0.0,0.0,0.0
2026/06/04 15:16:55.49308185,1780597015,49033508,imu_link,0.25569820404052734,0.21253418922424316,0.3332023620605469,0.0,0.0,0.0,0.0,0.0,0.0,0.0,0.0,0.0
2026/06/04 15:16:55.59902175,1780597015,59637059,imu_link,0.2523515224456787,0.2154555320739746,0.3511533737182617,0.0,0.0,0.0,0.0,0.0,0.0,0.0,0.0,0.0
2026/06/04 15:16:55.70645320,1780597015,70315561,imu_link,0.25573253631591797,0.2120523452758789,0.3409717082977295,0.0,0.0,0.0,0.0,0.0,0.0,0.0,0.0,0.0
2026/06/04 15:16:55.81330169,1780597015,81009934,imu_link,0.24813175201416016,0.2080073356628418,0.3341708183288574,0.0,0.0,0.0,0.0,0.0,0.0,0.0,0.0,0.0
2026/06/04 15:16:55.91985825,1780597015,90681466,imu_link,0.24493694305419922,0.22367405891418457,0.32635974884033203,0.0,0.0,0.0,0.0,0.0,0.0,0.0,0.0,0.0
2026/06/04 15:16:55.103009217,1780597015,102437715,imu_link,0.24926066398620605,0.22275233268737793,0.3263695240020752,0.0,0.0,0.0,0.0,0.0,0.0,0.0,0.0,0.0
2026/06/04 15:16:55.113592593,1780597015,113174463,imu_link,0.2600066661834717,0.21506905555725098,0.3487403392791748,0.0,0.0,0.0,0.0,0.0,0.0,0.0,0.0,0.0
2026/06/04 15:16:55.124133528,1780597015,123794731,imu_link,0.2572472095489502,0.2081451416015625,0.3424403667449951,0.0,0.0,0.0,0.0,0.0,0.0,0.0,0.0,0.0
2026/06/04 15:16:55.136036808,1780597015,135593470,imu_link,0.24225592613220215,0.2157902717590332,0.33851122856140137,0.0,0.0,0.0,0.0,0.0,0.0,0.0,0.0,0.0
2026/06/04 15:16:55.138410144,1780597015,135769576,imu_link,0.25017380714416504,0.22522258758544922,0.32733607292175293,0.0,0.0,0.0,0.0,0.0,0.0,0.0,0.0,0.0
2026/06/04 15:16:55.147344475,1780597015,146385642,imu_link,0.253734827041626,0.21496176719665527,0.33222198486328125,0.0,0.0,0.0,0.0,0.0,0.0,0.0,0.0,0.0
2026/06/04 15:16:55.157697892,1780597015,156999941,imu_link,0.2537710666656494,0.21645903587341309,0.3521244525909424,0.0,0.0,0.0,0.0,0.0,0.0,0.0,0.0,0.0
2026/06/04 15:16:55.169064519,1780597015,168579701,imu_link,0.25665974617004395,0.21353864669799805,0.3404843807220459,0.0,0.0,0.0,0.0,0.0,0.0,0.0,0.0,0.0
2026/06/04 15:16:55.179513592,1780597015,179231420,imu_link,0.24764418601989746,0.20849180221557617,0.3341686725616455,0.0,0.0,0.0,0.0,0.0,0.0,0.0,0.0,0.0
2026/06/04 15:16:55.191184480,1780597015,190954710,imu_link,0.2453606128692627,0.22712278366088867,0.32975053787231445,0.0,0.0,0.0,0.0,0.0,0.0,0.0,0.0,0.0
2026/06/04 15:16:55.201810592,1780597015,201633018,imu_link,0.2482450008392334,0.22667384147644043,0.33121347427368164,0.0,0.0,0.0,0.0,0.0,0.0,0.0,0.0,0.0
2026/06/04 15:16:55.211404499,1780597015,211205058,imu_link,0.2586045265197754,0.2135772705078125,0.35019803047180176,0.0,0.0,0.0,0.0,0.0,0.0,0.0,0.0,0.0
2026/06/04 15:16:55.223304809,1780597015,223016902,imu_link,0.2592203617095947,0.2057209014892578,0.34633350372314453,0.0,0.0,0.0,0.0,0.0,0.0,0.0,0.0,0.0
2026/06/04 15:16:55.230608667,1780597015,230421385,imu_link,0.2428123950958252,0.2118690013885498,0.3394925594329834,0.0,0.0,0.0,0.0,0.0,0.0,0.0,0.0,0.0
2026/06/04 15:16:55.240990403,1780597015,240509785,imu_link,0.24879980087280273,0.22225737571716309,0.3287975788116455,0.0,0.0,0.0,0.0,0.0,0.0,0.0,0.0,0.0
2026/06/04 15:16:55.251917141,1780597015,251405239,imu_link,0.25376152992248535,0.21398258209228516,0.3346519470214844,0.0,0.0,0.0,0.0,0.0,0.0,0.0,0.0,0.0
2026/06/04 15:16:55.261476385,1780597015,261000770,imu_link,0.25186705589294434,0.2159409523010254,0.35212230682373047,0.0,0.0,0.0,0.0,0.0,0.0,0.0,0.0,0.0
2026/06/04 15:16:55.273489211,1780597015,273014280,imu_link,0.25377559661865234,0.21448230743408203,0.3419334888458252,0.0,0.0,0.0,0.0,0.0,0.0,0.0,0.0,0.0
2026/06/04 15:16:55.284233193,1780597015,283776416,imu_link,0.2457587718963623,0.20699143409729004,0.3341689109802246,0.0,0.0,0.0,0.0,0.0,0.0,0.0,0.0,0.0
2026/06/04 15:16:55.295210050,1780597015,294609759,imu_link,0.24491024017333984,0.22514820098876953,0.3268415927886963,0.0,0.0,0.0,0.0,0.0,0.0,0.0,0.0,0.0
2026/06/04 15:16:55.305754651,1780597015,305391913,imu_link,0.2473146915435791,0.22518634796142578,0.33072972297668457,0.0,0.0,0.0,0.0,0.0,0.0,0.0,0.0,0.0
2026/06/04 15:16:55.306231654,1780597015,305512293,imu_link,0.25809812545776367,0.2150440216064453,0.35019350051879883,0.0,0.0,0.0,0.0,0.0,0.0,0.0,0.0,0.0
2026/06/04 15:16:55.316720690,1780597015,316182591,imu_link,0.2567925453186035,0.20715785026550293,0.3438985347747803,0.0,0.0,0.0,0.0,0.0,0.0,0.0,0.0,0.0
2026/06/04 15:16:55.328717948,1780597015,327953022,imu_link,0.24231386184692383,0.21333861351013184,0.3419158458709717,0.0,0.0,0.0,0.0,0.0,0.0,0.0,0.0,0.0
2026/06/04 15:16:55.339082217,1780597015,338555687,imu_link,0.2521481513977051,0.2223043441772461,0.32880330085754395,0.0,0.0,0.0,0.0,0.0,0.0,0.0,0.0,0.0
2026/06/04 15:16:55.349793897,1780597015,349333923,imu_link,0.2533578872680664,0.21004676818847656,0.33466053009033203,0.0,0.0,0.0,0.0,0.0,0.0,0.0,0.0,0.0
2026/06/04 15:16:55.361693767,1780597015,361115801,imu_link,0.2532925605773926,0.21645236015319824,0.352123498916626,0.0,0.0,0.0,0.0,0.0,0.0,0.0,0.0,0.0
2026/06/04 15:16:55.372484563,1780597015,371874984,imu_link,0.2561500072479248,0.2154989242553711,0.3424208164215088,0.0,0.0,0.0,0.0,0.0,0.0,0.0,0.0,0.0
2026/06/04 15:16:55.382176231,1780597015,381461636,imu_link,0.2466733455657959,0.20946240425109863,0.3356211185455322,0.0,0.0,0.0,0.0,0.0,0.0,0.0,0.0,0.0
2026/06/04 15:16:55.393823755,1780597015,392979111,imu_link,0.24491500854492188,0.22514986991882324,0.32829809188842773,0.0,0.0,0.0,0.0,0.0,0.0,0.0,0.0,0.0
2026/06/04 15:16:55.404025874,1780597015,403789767,imu_link,0.24641728401184082,0.22173261642456055,0.3287944793701172,0.0,0.0,0.0,0.0,0.0,0.0,0.0,0.0,0.0
2026/06/04 15:16:55.414070272,1780597015,413757292,imu_link,0.26001739501953125,0.21457862854003906,0.3492269515991211,0.0,0.0,0.0,0.0,0.0,0.0,0.0,0.0,0.0
2026/06/04 15:16:55.425964499,1780597015,425606352,imu_link,0.2558591365814209,0.20566940307617188,0.34244370460510254,0.0,0.0,0.0,0.0,0.0,0.0,0.0,0.0,0.0
2026/06/04 15:16:55.428213438,1780597015,425734878,imu_link,0.24091601371765137,0.2108592987060547,0.3390061855316162,0.0,0.0,0.0,0.0,0.0,0.0,0.0,0.0,0.0
2026/06/04 15:16:55.437816466,1780597015,436590419,imu_link,0.25113677978515625,0.22474384307861328,0.3263680934906006,0.0,0.0,0.0,0.0,0.0,0.0,0.0,0.0,0.0
2026/06/04 15:16:55.449027232,1780597015,447666124,imu_link,0.2533142566680908,0.21250343322753906,0.33562564849853516,0.0,0.0,0.0,0.0,0.0,0.0,0.0,0.0,0.0
2026/06/04 15:16:55.459385066,1780597015,458595104,imu_link,0.249955415725708,0.21591472625732422,0.35260462760925293,0.0,0.0,0.0,0.0,0.0,0.0,0.0,0.0,0.0
2026/06/04 15:16:55.469725361,1780597015,469239639,imu_link,0.255709171295166,0.21352767944335938,0.3424248695373535,0.0,0.0,0.0,0.0,0.0,0.0,0.0,0.0,0.0
2026/06/04 15:16:55.478420220,1780597015,477850520,imu_link,0.2466733455657959,0.208967924118042,0.33270931243896484,0.0,0.0,0.0,0.0,0.0,0.0,0.0,0.0,0.0
2026/06/04 15:16:55.487087941,1780597015,486391429,imu_link,0.24487757682800293,0.22711443901062012,0.3282933235168457,0.0,0.0,0.0,0.0,0.0,0.0,0.0,0.0,0.0
2026/06/04 15:16:55.498948164,1780597015,498187444,imu_link,0.2463219165802002,0.22664356231689453,0.3282968997955322,0.0,0.0,0.0,0.0,0.0,0.0,0.0,0.0,0.0
2026/06/04 15:16:55.509541782,1780597015,508985932,imu_link,0.2595360279083252,0.2145705223083496,0.3482551574707031,0.0,0.0,0.0,0.0,0.0,0.0,0.0,0.0,0.0
2026/06/04 15:16:55.520768994,1780597015,519694271,imu_link,0.2563047409057617,0.2076423168182373,0.34389638900756836,0.0,0.0,0.0,0.0,0.0,0.0,0.0,0.0,0.0
2026/06/04 15:16:55.531460767,1780597015,530585107,imu_link,0.2423698902130127,0.20989727973937988,0.33901119232177734,0.0,0.0,0.0,0.0,0.0,0.0,0.0,0.0,0.0
2026/06/04 15:16:55.541897430,1780597015,541286098,imu_link,0.25254058837890625,0.2267308235168457,0.3283078670501709,0.0,0.0,0.0,0.0,0.0,0.0,0.0,0.0,0.0
2026/06/04 15:16:55.553995347,1780597015,553302662,imu_link,0.25282979011535645,0.2124943733215332,0.3336830139160156,0.0,0.0,0.0,0.0,0.0,0.0,0.0,0.0,0.0
2026/06/04 15:16:55.563465153,1780597015,563104035,imu_link,0.25139331817626953,0.21544146537780762,0.3506660461425781,0.0,0.0,0.0,0.0,0.0,0.0,0.0,0.0,0.0
2026/06/04 15:16:55.574483389,1780597015,573953827,imu_link,0.2561624050140381,0.21500897407531738,0.34339284896850586,0.0,0.0,0.0,0.0,0.0,0.0,0.0,0.0,0.0
2026/06/04 15:16:55.586040054,1780597015,585711799,imu_link,0.24716424942016602,0.20848464965820312,0.3336825370788574,0.0,0.0,0.0,0.0,0.0,0.0,0.0,0.0,0.0
2026/06/04 15:16:55.587482533,1780597015,585882606,imu_link,0.24535727500915527,0.22662711143493652,0.3258676528930664,0.0,0.0,0.0,0.0,0.0,0.0,0.0,0.0,0.0
2026/06/04 15:16:55.596393132,1780597015,595518370,imu_link,0.24876832962036133,0.22372961044311523,0.3278229236602783,0.0,0.0,0.0,0.0,0.0,0.0,0.0,0.0,0.0
2026/06/04 15:16:55.606817313,1780597015,606249400,imu_link,0.25669097900390625,0.21305561065673828,0.34728264808654785,0.0,0.0,0.0,0.0,0.0,0.0,0.0,0.0,0.0
2026/06/04 15:16:55.618434416,1780597015,618007549,imu_link,0.2582120895385742,0.20766687393188477,0.34195756912231445,0.0,0.0,0.0,0.0,0.0,0.0,0.0,0.0,0.0
2026/06/04 15:16:55.628978060,1780597015,628660905,imu_link,0.24140048027038574,0.21086812019348145,0.34094905853271484,0.0,0.0,0.0,0.0,0.0,0.0,0.0,0.0,0.0
2026/06/04 15:16:55.639658954,1780597015,639396049,imu_link,0.25018310546875,0.2247314453125,0.32733726501464844,0.0,0.0,0.0,0.0,0.0,0.0,0.0,0.0,0.0
2026/06/04 15:16:55.651463334,1780597015,651166773,imu_link,0.2566704750061035,0.2115640640258789,0.33223533630371094,0.0,0.0,0.0,0.0,0.0,0.0,0.0,0.0,0.0
2026/06/04 15:16:55.661098672,1780597015,660793133,imu_link,0.2542414665222168,0.2164628505706787,0.3496975898742676,0.0,0.0,0.0,0.0,0.0,0.0,0.0,0.0,0.0
2026/06/04 15:16:55.673404547,1780597015,672806959,imu_link,0.2580902576446533,0.2140517234802246,0.34194207191467285,0.0,0.0,0.0,0.0,0.0,0.0,0.0,0.0,0.0
2026/06/04 15:16:55.683434220,1780597015,683247740,imu_link,0.24862289428710938,0.20752406120300293,0.3351438045501709,0.0,0.0,0.0,0.0,0.0,0.0,0.0,0.0,0.0
2026/06/04 15:16:55.694294622,1780597015,693978582,imu_link,0.24441170692443848,0.22661781311035156,0.32926464080810547,0.0,0.0,0.0,0.0,0.0,0.0,0.0,0.0,0.0
2026/06/04 15:16:55.705142327,1780597015,704842908,imu_link,0.2473149299621582,0.22568106651306152,0.33364176750183105,0.0,0.0,0.0,0.0,0.0,0.0,0.0,0.0,0.0
2026/06/04 15:16:55.706492973,1780597015,705030106,imu_link,0.25856685638427734,0.21504712104797363,0.34728121757507324,0.0,0.0,0.0,0.0,0.0,0.0,0.0,0.0,0.0
2026/06/04 15:16:55.717198120,1780597015,715775806,imu_link,0.2558326721191406,0.20714330673217773,0.3429257869720459,0.0,0.0,0.0,0.0,0.0,0.0,0.0,0.0,0.0
2026/06/04 15:16:55.727615708,1780597015,726433512,imu_link,0.23942947387695312,0.21329283714294434,0.3375413417816162,0.0,0.0,0.0,0.0,0.0,0.0,0.0,0.0,0.0
2026/06/04 15:16:55.744518178,1780597015,744366542,imu_link,0.25113368034362793,0.22474265098571777,0.3253970146179199,0.0,0.0,0.0,0.0,0.0,0.0,0.0,0.0,0.0
2026/06/04 15:16:55.756319113,1780597015,756187983,imu_link,0.25618743896484375,0.2120504379272461,0.33368992805480957,0.0,0.0,0.0,0.0,0.0,0.0,0.0,0.0,0.0
2026/06/04 15:16:55.756973789,1780597015,756263247,imu_link,0.2537381649017334,0.21793055534362793,0.3506643772125244,0.0,0.0,0.0,0.0,0.0,0.0,0.0,0.0,0.0
2026/06/04 15:16:55.766318217,1780597015,765828222,imu_link,0.25662708282470703,0.21550488471984863,0.3419361114501953,0.0,0.0,0.0,0.0,0.0,0.0,0.0,0.0,0.0
2026/06/04 15:16:55.776931625,1780597015,776501883,imu_link,0.24766159057617188,0.20750904083251953,0.33368563652038574,0.0,0.0,0.0,0.0,0.0,0.0,0.0,0.0,0.0
2026/06/04 15:16:55.788678047,1780597015,788240733,imu_link,0.2444319725036621,0.2251415252685547,0.3268406391143799,0.0,0.0,0.0,0.0,0.0,0.0,0.0,0.0,0.0
2026/06/04 15:16:55.799199463,1780597015,798972281,imu_link,0.24876999855041504,0.22373032569885254,0.3283083438873291,0.0,0.0,0.0,0.0,0.0,0.0,0.0,0.0,0.0
2026/06/04 15:16:55.811323992,1780597015,810796193,imu_link,0.26096010208129883,0.21458673477172852,0.34485912322998047,0.0,0.0,0.0,0.0,0.0,0.0,0.0,0.0,0.0
2026/06/04 15:16:55.821964705,1780597015,821509702,imu_link,0.25966405868530273,0.20670413970947266,0.3414771556854248,0.0,0.0,0.0,0.0,0.0,0.0,0.0,0.0,0.0
2026/06/04 15:16:55.831347665,1780597015,831020847,imu_link,0.24277472496032715,0.21333885192871094,0.336575984954834,0.0,0.0,0.0,0.0,0.0,0.0,0.0,0.0,0.0
2026/06/04 15:16:55.843405094,1780597015,842929279,imu_link,0.24918889999389648,0.2266826629638672,0.3273308277130127,0.0,0.0,0.0,0.0,0.0,0.0,0.0,0.0,0.0
2026/06/04 15:16:55.853854179,1780597015,853641469,imu_link,0.2547476291656494,0.2125229835510254,0.3351428508758545,0.0,0.0,0.0,0.0,0.0,0.0,0.0,0.0,0.0
2026/06/04 15:16:55.863633989,1780597015,863326533,imu_link,0.25231099128723145,0.21840786933898926,0.3560011386871338,0.0,0.0,0.0,0.0,0.0,0.0,0.0,0.0,0.0
2026/06/04 15:16:55.875505872,1780597015,875231975,imu_link,0.2538177967071533,0.21251964569091797,0.34339475631713867,0.0,0.0,0.0,0.0,0.0,0.0,0.0,0.0,0.0
2026/06/04 15:16:55.877025483,1780597015,875395414,imu_link,0.24576044082641602,0.20699214935302734,0.3346543312072754,0.0,0.0,0.0,0.0,0.0,0.0,0.0,0.0,0.0
2026/06/04 15:16:55.886664235,1780597015,885849164,imu_link,0.2420339584350586,0.225600004196167,0.3278064727783203,0.0,0.0,0.0,0.0,0.0,0.0,0.0,0.0,0.0
2026/06/04 15:16:55.897295792,1780597015,896498155,imu_link,0.24782586097717285,0.22372126579284668,0.33219075202941895,0.0,0.0,0.0,0.0,0.0,0.0,0.0,0.0,0.0
2026/06/04 15:16:55.908543231,1780597015,908073197,imu_link,0.2586076259613037,0.213578462600708,0.3511691093444824,0.0,0.0,0.0,0.0,0.0,0.0,0.0,0.0,0.0
2026/06/04 15:16:55.918957485,1780597015,918645181,imu_link,0.2554605007171631,0.201735258102417,0.34390878677368164,0.0,0.0,0.0,0.0,0.0,0.0,0.0,0.0,0.0
2026/06/04 15:16:55.930669661,1780597015,930393487,imu_link,0.2399437427520752,0.21182918548583984,0.33997321128845215,0.0,0.0,0.0,0.0,0.0,0.0,0.0,0.0,0.0
2026/06/04 15:16:55.941228757,1780597015,941065569,imu_link,0.25115418434143066,0.22425556182861328,0.3287968635559082,0.0,0.0,0.0,0.0,0.0,0.0,0.0,0.0,0.0
2026/06/04 15:16:55.951966371,1780597015,951735670,imu_link,0.25471949577331543,0.2135016918182373,0.3322272300720215,0.0,0.0,0.0,0.0,0.0,0.0,0.0,0.0,0.0
2026/06/04 15:16:55.964080438,1780597015,963588362,imu_link,0.25281739234924316,0.2164466381072998,0.35309386253356934,0.0,0.0,0.0,0.0,0.0,0.0,0.0,0.0,0.0
2026/06/04 15:16:55.973465983,1780597015,973242663,imu_link,0.2547461986541748,0.2140064239501953,0.34339284896850586,0.0,0.0,0.0,0.0,0.0,0.0,0.0,0.0,0.0
2026/06/04 15:16:55.981108184,1780597015,980858666,imu_link,0.2472219467163086,0.20553827285766602,0.33417487144470215,0.0,0.0,0.0,0.0,0.0,0.0,0.0,0.0,0.0
2026/06/04 15:16:55.991138540,1780597015,990538357,imu_link,0.24490737915039062,0.22564148902893066,0.3287825584411621,0.0,0.0,0.0,0.0,0.0,0.0,0.0,0.0,0.0
2026/06/04 15:16:56.1796969,1780597016,1233295,imu_link,0.24732565879821777,0.22469592094421387,0.33121657371520996,0.0,0.0,0.0,0.0,0.0,0.0,0.0,0.0,0.0
2026/06/04 15:16:56.13742176,1780597016,13128228,imu_link,0.2571427822113037,0.21453619003295898,0.3477654457092285,0.0,0.0,0.0,0.0,0.0,0.0,0.0,0.0,0.0
2026/06/04 15:16:56.23975381,1780597016,23663350,imu_link,0.2558450698852539,0.20665335655212402,0.34389805793762207,0.0,0.0,0.0,0.0,0.0,0.0,0.0,0.0,0.0
2026/06/04 15:16:56.33763766,1780597016,33420623,imu_link,0.2408769130706787,0.21282315254211426,0.3385157585144043,0.0,0.0,0.0,0.0,0.0,0.0,0.0,0.0,0.0
2026/06/04 15:16:56.45527885,1780597016,45303800,imu_link,0.24971580505371094,0.22423410415649414,0.3278234004974365,0.0,0.0,0.0,0.0,0.0,0.0,0.0,0.0,0.0
2026/06/04 15:16:56.46062045,1780597016,45361766,imu_link,0.25380373001098633,0.212019681930542,0.33611321449279785,0.0,0.0,0.0,0.0,0.0,0.0,0.0,0.0,0.0
2026/06/04 15:16:56.56533242,1780597016,56132361,imu_link,0.25278472900390625,0.2184128761291504,0.35454559326171875,0.0,0.0,0.0,0.0,0.0,0.0,0.0,0.0,0.0
2026/06/04 15:16:56.68304447,1780597016,67908066,imu_link,0.25665974617004395,0.2140333652496338,0.3433961868286133,0.0,0.0,0.0,0.0,0.0,0.0,0.0,0.0,0.0
2026/06/04 15:16:56.79076559,1780597016,78646629,imu_link,0.2471625804901123,0.20848393440246582,0.33319687843322754,0.0,0.0,0.0,0.0,0.0,0.0,0.0,0.0,0.0
2026/06/04 15:16:56.89903995,1780597016,89522928,imu_link,0.2434830665588379,0.22463607788085938,0.3263547420501709,0.0,0.0,0.0,0.0,0.0,0.0,0.0,0.0,0.0
2026/06/04 15:16:56.100985093,1780597016,100311369,imu_link,0.2482900619506836,0.2237226963043213,0.3278219699859619,0.0,0.0,0.0,0.0,0.0,0.0,0.0,0.0,0.0
2026/06/04 15:16:56.111778811,1780597016,111110915,imu_link,0.26143860816955566,0.215087890625,0.34777188301086426,0.0,0.0,0.0,0.0,0.0,0.0,0.0,0.0,0.0
2026/06/04 15:16:56.122683580,1780597016,121766148,imu_link,0.2577707767486572,0.2061903476715088,0.34487342834472656,0.0,0.0,0.0,0.0,0.0,0.0,0.0,0.0,0.0
2026/06/04 15:16:56.133346675,1780597016,132814631,imu_link,0.24140048027038574,0.21086812019348145,0.34094905853271484,0.0,0.0,0.0,0.0,0.0,0.0,0.0,0.0,0.0
2026/06/04 15:16:56.143839721,1780597016,143579024,imu_link,0.249664306640625,0.22718286514282227,0.3292727470397949,0.0,0.0,0.0,0.0,0.0,0.0,0.0,0.0,0.0
2026/06/04 15:16:56.153579210,1780597016,153316596,imu_link,0.25567007064819336,0.21450233459472656,0.33611059188842773,0.0,0.0,0.0,0.0,0.0,0.0,0.0,0.0,0.0
2026/06/04 15:16:56.165539153,1780597016,165220830,imu_link,0.250899076461792,0.21641826629638672,0.35163402557373047,0.0,0.0,0.0,0.0,0.0,0.0,0.0,0.0,0.0
2026/06/04 15:16:56.167955435,1780597016,165375362,imu_link,0.25331592559814453,0.21349334716796875,0.3419349193572998,0.0,0.0,0.0,0.0,0.0,0.0,0.0,0.0,0.0
2026/06/04 15:16:56.177618795,1780597016,176143356,imu_link,0.2457573413848877,0.20699095726013184,0.33368349075317383,0.0,0.0,0.0,0.0,0.0,0.0,0.0,0.0,0.0
2026/06/04 15:16:56.188834246,1780597016,187904521,imu_link,0.24535417556762695,0.22662591934204102,0.32489657402038574,0.0,0.0,0.0,0.0,0.0,0.0,0.0,0.0,0.0
2026/06/04 15:16:56.199089722,1780597016,198549330,imu_link,0.2506706714630127,0.22474193572998047,0.33025145530700684,0.0,0.0,0.0,0.0,0.0,0.0,0.0,0.0,0.0
2026/06/04 15:16:56.209769822,1780597016,209271161,imu_link,0.261432409286499,0.21558022499084473,0.3487417697906494,0.0,0.0,0.0,0.0,0.0,0.0,0.0,0.0,0.0
2026/06/04 15:16:56.220485116,1780597016,220144690,imu_link,0.2577178478240967,0.20864367485046387,0.3429255485534668,0.0,0.0,0.0,0.0,0.0,0.0,0.0,0.0,0.0
2026/06/04 15:16:56.229935852,1780597016,229722251,imu_link,0.2418522834777832,0.2118542194366455,0.338519811630249,0.0,0.0,0.0,0.0,0.0,0.0,0.0,0.0,0.0
2026/06/04 15:16:56.238508466,1780597016,238257590,imu_link,0.251615047454834,0.22475051879882812,0.326369047164917,0.0,0.0,0.0,0.0,0.0,0.0,0.0,0.0,0.0
2026/06/04 15:16:56.249564835,1780597016,249079858,imu_link,0.25478363037109375,0.2105579376220703,0.33466196060180664,0.0,0.0,0.0,0.0,0.0,0.0,0.0,0.0,0.0
2026/06/04 15:16:56.260801825,1780597016,259803289,imu_link,0.25615477561950684,0.2164897918701172,0.349700927734375,0.0,0.0,0.0,0.0,0.0,0.0,0.0,0.0,0.0
2026/06/04 15:16:56.271393695,1780597016,270523611,imu_link,0.2566566467285156,0.21353745460510254,0.33951330184936523,0.0,0.0,0.0,0.0,0.0,0.0,0.0,0.0,0.0
2026/06/04 15:16:56.281893778,1780597016,281322809,imu_link,0.2481398582458496,0.20751571655273438,0.33368659019470215,0.0,0.0,0.0,0.0,0.0,0.0,0.0,0.0,0.0
2026/06/04 15:16:56.292909879,1780597016,292275530,imu_link,0.24588274955749512,0.22417807579040527,0.32587456703186035,0.0,0.0,0.0,0.0,0.0,0.0,0.0,0.0,0.0
2026/06/04 15:16:56.303121815,1780597016,302913258,imu_link,0.24494481086730957,0.2236769199371338,0.32878732681274414,0.0,0.0,0.0,0.0,0.0,0.0,0.0,0.0,0.0
2026/06/04 15:16:56.314118721,1780597016,313763756,imu_link,0.25907039642333984,0.21407389640808105,0.3492264747619629,0.0,0.0,0.0,0.0,0.0,0.0,0.0,0.0,0.0
2026/06/04 15:16:56.325891015,1780597016,325654360,imu_link,0.2586791515350342,0.20816421508789062,0.34147191047668457,0.0,0.0,0.0,0.0,0.0,0.0,0.0,0.0,0.0
2026/06/04 15:16:56.326940877,1780597016,325784204,imu_link,0.23994064331054688,0.21182823181152344,0.3390021324157715,0.0,0.0,0.0,0.0,0.0,0.0,0.0,0.0,0.0
2026/06/04 15:16:56.337091221,1780597016,336387697,imu_link,0.24968767166137695,0.22521305084228516,0.3249077796936035,0.0,0.0,0.0,0.0,0.0,0.0,0.0,0.0,0.0
2026/06/04 15:16:56.346305149,1780597016,345952755,imu_link,0.25331878662109375,0.21201062202453613,0.3341703414916992,0.0,0.0,0.0,0.0,0.0,0.0,0.0,0.0,0.0
2026/06/04 15:16:56.358069794,1780597016,357669857,imu_link,0.2537100315093994,0.21940398216247559,0.350661039352417,0.0,0.0,0.0,0.0,0.0,0.0,0.0,0.0,0.0
2026/06/04 15:16:56.368614556,1780597016,368310689,imu_link,0.2561919689178467,0.2130413055419922,0.3409700393676758,0.0,0.0,0.0,0.0,0.0,0.0,0.0,0.0,0.0
2026/06/04 15:16:56.379466222,1780597016,379158015,imu_link,0.24715161323547363,0.20897459983825684,0.33271026611328125,0.0,0.0,0.0,0.0,0.0,0.0,0.0,0.0,0.0
2026/06/04 15:16:56.391896203,1780597016,391437969,imu_link,0.24776649475097656,0.2256777286529541,0.32538890838623047,0.0,0.0,0.0,0.0,0.0,0.0,0.0,0.0,0.0
2026/06/04 15:16:56.401689776,1780597016,401197335,imu_link,0.25064587593078613,0.2257218360900879,0.3283069133758545,0.0,0.0,0.0,0.0,0.0,0.0,0.0,0.0,0.0
2026/06/04 15:16:56.413580285,1780597016,412976032,imu_link,0.2595643997192383,0.2126023769378662,0.34534692764282227,0.0,0.0,0.0,0.0,0.0,0.0,0.0,0.0,0.0
2026/06/04 15:16:56.423921344,1780597016,423663819,imu_link,0.2577848434448242,0.20520639419555664,0.34341907501220703,0.0,0.0,0.0,0.0,0.0,0.0,0.0,0.0,0.0
2026/06/04 15:16:56.433834735,1780597016,433545017,imu_link,0.24327516555786133,0.21236443519592285,0.33755040168762207,0.0,0.0,0.0,0.0,0.0,0.0,0.0,0.0,0.0
2026/06/04 15:16:56.445607457,1780597016,445386362,imu_link,0.24873566627502441,0.22520136833190918,0.32636284828186035,0.0,0.0,0.0,0.0,0.0,0.0,0.0,0.0,0.0
2026/06/04 15:16:56.446407634,1780597016,445510363,imu_link,0.2556948661804199,0.21203851699829102,0.32931947708129883,0.0,0.0,0.0,0.0,0.0,0.0,0.0,0.0,0.0
2026/06/04 15:16:56.456214527,1780597016,455275959,imu_link,0.25277209281921387,0.21840810775756836,0.3506615161895752,0.0,0.0,0.0,0.0,0.0,0.0,0.0,0.0,0.0
2026/06/04 15:16:56.467319935,1780597016,466114439,imu_link,0.2547338008880615,0.21400165557861328,0.3395087718963623,0.0,0.0,0.0,0.0,0.0,0.0,0.0,0.0,0.0
2026/06/04 15:16:56.477302012,1780597016,476658091,imu_link,0.24861979484558105,0.20702838897705078,0.33126091957092285,0.0,0.0,0.0,0.0,0.0,0.0,0.0,0.0,0.0
2026/06/04 15:16:56.495849341,1780597016,495719814,imu_link,0.24347519874572754,0.2251279354095459,0.32683897018432617,0.0,0.0,0.0,0.0,0.0,0.0,0.0,0.0,0.0
2026/06/04 15:16:56.496304667,1780597016,495783934,imu_link,0.24921250343322754,0.22570204734802246,0.32878994941711426,0.0,0.0,0.0,0.0,0.0,0.0,0.0,0.0,0.0
2026/06/04 15:16:56.506863414,1780597016,506428876,imu_link,0.25524044036865234,0.2140188217163086,0.3482487201690674,0.0,0.0,0.0,0.0,0.0,0.0,0.0,0.0,0.0
2026/06/04 15:16:56.516573045,1780597016,516130201,imu_link,0.2572801113128662,0.20667338371276855,0.3439004421234131,0.0,0.0,0.0,0.0,0.0,0.0,0.0,0.0,0.0
2026/06/04 15:16:56.528320571,1780597016,527861306,imu_link,0.24138355255126953,0.2118511199951172,0.3414323329925537,0.0,0.0,0.0,0.0,0.0,0.0,0.0,0.0,0.0
2026/06/04 15:16:56.539136675,1780597016,538642337,imu_link,0.25066137313842773,0.2252330780029297,0.33025026321411133,0.0,0.0,0.0,0.0,0.0,0.0,0.0,0.0,0.0
2026/06/04 15:16:56.551526668,1780597016,550582928,imu_link,0.2552354335784912,0.21154379844665527,0.3322327136993408,0.0,0.0,0.0,0.0,0.0,0.0,0.0,0.0,0.0
2026/06/04 15:16:56.561988427,1780597016,561370246,imu_link,0.2523641586303711,0.21546006202697754,0.3550374507904053,0.0,0.0,0.0,0.0,0.0,0.0,0.0,0.0,0.0
2026/06/04 15:16:56.571736246,1780597016,571168714,imu_link,0.25521063804626465,0.2149970531463623,0.3448479175567627,0.0,0.0,0.0,0.0,0.0,0.0,0.0,0.0,0.0
2026/06/04 15:16:56.582929541,1780597016,582319502,imu_link,0.24861359596252441,0.2085099220275879,0.3380544185638428,0.0,0.0,0.0,0.0,0.0,0.0,0.0,0.0,0.0
2026/06/04 15:16:56.593390303,1780597016,593066082,imu_link,0.24537277221679688,0.22613811492919922,0.32781100273132324,0.0,0.0,0.0,0.0,0.0,0.0,0.0,0.0,0.0
2026/06/04 15:16:56.604391224,1780597016,603943355,imu_link,0.24924063682556152,0.2242286205291748,0.3287935256958008,0.0,0.0,0.0,0.0,0.0,0.0,0.0,0.0,0.0
2026/06/04 15:16:56.616174033,1780597016,615803582,imu_link,0.25861549377441406,0.21358132362365723,0.35359668731689453,0.0,0.0,0.0,0.0,0.0,0.0,0.0,0.0,0.0
2026/06/04 15:16:56.617166203,1780597016,615953409,imu_link,0.2553231716156006,0.20860862731933594,0.3419501781463623,0.0,0.0,0.0,0.0,0.0,0.0,0.0,0.0,0.0
2026/06/04 15:16:56.626029148,1780597016,625485660,imu_link,0.24280142784118652,0.21285414695739746,0.3419177532196045,0.0,0.0,0.0,0.0,0.0,0.0,0.0,0.0,0.0
2026/06/04 15:16:56.636560198,1780597016,636140414,imu_link,0.24872779846191406,0.22618770599365234,0.329758882522583,0.0,0.0,0.0,0.0,0.0,0.0,0.0,0.0,0.0
2026/06/04 15:16:56.648319018,1780597016,647891744,imu_link,0.254286527633667,0.2115335464477539,0.3346586227416992,0.0,0.0,0.0,0.0,0.0,0.0,0.0,0.0,0.0
2026/06/04 15:16:56.658920517,1780597016,658640632,imu_link,0.25330376625061035,0.21596193313598633,0.35261034965515137,0.0,0.0,0.0,0.0,0.0,0.0,0.0,0.0,0.0
2026/06/04 15:16:56.670664465,1780597016,670375334,imu_link,0.2518916130065918,0.2129826545715332,0.3424193859100342,0.0,0.0,0.0,0.0,0.0,0.0,0.0,0.0,0.0
2026/06/04 15:16:56.681573565,1780597016,681201726,imu_link,0.2452259063720703,0.2099323272705078,0.33464646339416504,0.0,0.0,0.0,0.0,0.0,0.0,0.0,0.0,0.0
2026/06/04 15:16:56.691550799,1780597016,691010857,imu_link,0.24591684341430664,0.22270679473876953,0.3278203010559082,0.0,0.0,0.0,0.0,0.0,0.0,0.0,0.0,0.0
2026/06/04 15:16:56.703993620,1780597016,703100923,imu_link,0.24738788604736328,0.22125673294067383,0.33025383949279785,0.0,0.0,0.0,0.0,0.0,0.0,0.0,0.0,0.0
2026/06/04 15:16:56.714101542,1780597016,713811305,imu_link,0.26196861267089844,0.21264100074768066,0.34923505783081055,0.0,0.0,0.0,0.0,0.0,0.0,0.0,0.0,0.0
2026/06/04 15:16:56.724875478,1780597016,724550906,imu_link,0.2568206787109375,0.20568442344665527,0.3439018726348877,0.0,0.0,0.0,0.0,0.0,0.0,0.0,0.0,0.0
2026/06/04 15:16:56.731300281,1780597016,731121744,imu_link,0.24184775352478027,0.21234703063964844,0.33997535705566406,0.0,0.0,0.0,0.0,0.0,0.0,0.0,0.0,0.0
2026/06/04 15:16:56.741097758,1780597016,740809812,imu_link,0.2516899108886719,0.22131609916687012,0.32929039001464844,0.0,0.0,0.0,0.0,0.0,0.0,0.0,0.0,0.0
2026/06/04 15:16:56.753206523,1780597016,752736666,imu_link,0.25282979011535645,0.2124943733215332,0.3336830139160156,0.0,0.0,0.0,0.0,0.0,0.0,0.0,0.0,0.0
2026/06/04 15:16:56.763736368,1780597016,763570774,imu_link,0.25098514556884766,0.21199846267700195,0.3521301746368408,0.0,0.0,0.0,0.0,0.0,0.0,0.0,0.0,0.0
2026/06/04 15:16:56.773671526,1780597016,773522631,imu_link,0.2533080577850342,0.21398520469665527,0.3424193859100342,0.0,0.0,0.0,0.0,0.0,0.0,0.0,0.0,0.0
2026/06/04 15:16:56.785324369,1780597016,785215637,imu_link,0.24672651290893555,0.20651459693908691,0.3346571922302246,0.0,0.0,0.0,0.0,0.0,0.0,0.0,0.0,0.0
2026/06/04 15:16:56.785862198,1780597016,785249031,imu_link,0.24344086647033691,0.22709345817565918,0.3278052806854248,0.0,0.0,0.0,0.0,0.0,0.0,0.0,0.0,0.0
2026/06/04 15:16:56.796701633,1780597016,796254518,imu_link,0.2477881908416748,0.22519135475158691,0.32927417755126953,0.0,0.0,0.0,0.0,0.0,0.0,0.0,0.0,0.0
2026/06/04 15:16:56.808615151,1780597016,808130331,imu_link,0.2586371898651123,0.2116107940673828,0.34874629974365234,0.0,0.0,0.0,0.0,0.0,0.0,0.0,0.0,0.0
2026/06/04 15:16:56.819193906,1780597016,818829861,imu_link,0.2554154396057129,0.2041914463043213,0.3443882465362549,0.0,0.0,0.0,0.0,0.0,0.0,0.0,0.0,0.0
2026/06/04 15:16:56.828790411,1780597016,828402541,imu_link,0.2413773536682129,0.21234345436096191,0.34240221977233887,0.0,0.0,0.0,0.0,0.0,0.0,0.0,0.0,0.0
2026/06/04 15:16:56.841553577,1780597016,840410286,imu_link,0.25307512283325195,0.22379088401794434,0.32831573486328125,0.0,0.0,0.0,0.0,0.0,0.0,0.0,0.0,0.0
2026/06/04 15:16:56.852138552,1780597016,851158087,imu_link,0.254286527633667,0.2115335464477539,0.3346586227416992,0.0,0.0,0.0,0.0,0.0,0.0,0.0,0.0,0.0
2026/06/04 15:16:56.862810707,1780597016,861856010,imu_link,0.2528080940246582,0.21693778038024902,0.35309267044067383,0.0,0.0,0.0,0.0,0.0,0.0,0.0,0.0,0.0
2026/06/04 15:16:56.874471177,1780597016,873653324,imu_link,0.2547585964202881,0.21302175521850586,0.34145331382751465,0.0,0.0,0.0,0.0,0.0,0.0,0.0,0.0,0.0
2026/06/04 15:16:56.883554851,1780597016,883176606,imu_link,0.2490837574005127,0.20801925659179688,0.3327159881591797,0.0,0.0,0.0,0.0,0.0,0.0,0.0,0.0,0.0
2026/06/04 15:16:56.894155973,1780597016,893938752,imu_link,0.24592185020446777,0.2222139835357666,0.32636499404907227,0.0,0.0,0.0,0.0,0.0,0.0,0.0,0.0,0.0
2026/06/04 15:16:56.905959908,1780597016,905748390,imu_link,0.24880576133728027,0.22176504135131836,0.32782769203186035,0.0,0.0,0.0,0.0,0.0,0.0,0.0,0.0,0.0
2026/06/04 15:16:56.906637033,1780597016,905800517,imu_link,0.2595236301422119,0.21506047248840332,0.34728288650512695,0.0,0.0,0.0,0.0,0.0,0.0,0.0,0.0,0.0
2026/06/04 15:16:56.917118637,1780597016,916439716,imu_link,0.25679874420166016,0.2066655158996582,0.3429286479949951,0.0,0.0,0.0,0.0,0.0,0.0,0.0,0.0,0.0
2026/06/04 15:16:56.926547416,1780597016,926049455,imu_link,0.24037671089172363,0.21379756927490234,0.3375418186187744,0.0,0.0,0.0,0.0,0.0,0.0,0.0,0.0,0.0
2026/06/04 15:16:56.938616133,1780597016,937812015,imu_link,0.25014567375183105,0.22669601440429688,0.3273324966430664,0.0,0.0,0.0,0.0,0.0,0.0,0.0,0.0,0.0
2026/06/04 15:16:56.949103051,1780597016,948573425,imu_link,0.25330018997192383,0.21249842643737793,0.3312561511993408,0.0,0.0,0.0,0.0,0.0,0.0,0.0,0.0,0.0
2026/06/04 15:16:56.961122192,1780597016,960414305,imu_link,0.25520777702331543,0.21598505973815918,0.3497004508972168,0.0,0.0,0.0,0.0,0.0,0.0,0.0,0.0,0.0
2026/06/04 15:16:56.971806815,1780597016,971312730,imu_link,0.2566535472869873,0.21403098106384277,0.34145426750183105,0.0,0.0,0.0,0.0,0.0,0.0,0.0,0.0,0.0
2026/06/04 15:16:56.979522816,1780597016,978904787,imu_link,0.2476973533630371,0.20554375648498535,0.3332045078277588,0.0,0.0,0.0,0.0,0.0,0.0,0.0,0.0,0.0
2026/06/04 15:16:56.989296080,1780597016,988646176,imu_link,0.24587655067443848,0.22417569160461426,0.3239326477050781,0.0,0.0,0.0,0.0,0.0,0.0,0.0,0.0,0.0
2026/06/04 15:16:57.276526,1780597016,999405786,imu_link,0.24781322479248047,0.22371673583984375,0.3283066749572754,0.0,0.0,0.0,0.0,0.0,0.0,0.0,0.0,0.0
2026/06/04 15:16:57.12133692,1780597017,11305510,imu_link,0.25905799865722656,0.21406912803649902,0.34534239768981934,0.0,0.0,0.0,0.0,0.0,0.0,0.0,0.0,0.0
2026/06/04 15:16:57.21969464,1780597017,21358287,imu_link,0.2601313591003418,0.20720148086547852,0.3409910202026367,0.0,0.0,0.0,0.0,0.0,0.0,0.0,0.0,0.0
2026/06/04 15:16:57.32456462,1780597017,32097713,imu_link,0.24085044860839844,0.21429729461669922,0.33899784088134766,0.0,0.0,0.0,0.0,0.0,0.0,0.0,0.0,0.0
2026/06/04 15:16:57.43225451,1780597017,42882494,imu_link,0.24971270561218262,0.22423315048217773,0.32685232162475586,0.0,0.0,0.0,0.0,0.0,0.0,0.0,0.0,0.0
2026/06/04 15:16:57.53799145,1780597017,53608627,imu_link,0.2528374195098877,0.21200251579284668,0.33319854736328125,0.0,0.0,0.0,0.0,0.0,0.0,0.0,0.0,0.0
2026/06/04 15:16:57.65585523,1780597017,65397412,imu_link,0.251845121383667,0.21692228317260742,0.3511490821838379,0.0,0.0,0.0,0.0,0.0,0.0,0.0,0.0,0.0
2026/06/04 15:16:57.65940697,1780597017,65434182,imu_link,0.2552216053009033,0.2135171890258789,0.3395106792449951,0.0,0.0,0.0,0.0,0.0,0.0,0.0,0.0,0.0
2026/06/04 15:16:57.76538600,1780597017,76186669,imu_link,0.24718451499938965,0.2075028419494629,0.3341703414916992,0.0,0.0,0.0,0.0,0.0,0.0,0.0,0.0,0.0
2026/06/04 15:16:57.86251675,1780597017,85843893,imu_link,0.24250459671020508,0.22560381889343262,0.3253796100616455,0.0,0.0,0.0,0.0,0.0,0.0,0.0,0.0,0.0
2026/06/04 15:16:57.98087558,1780597017,97683132,imu_link,0.24967217445373535,0.22669100761413574,0.32878851890563965,0.0,0.0,0.0,0.0,0.0,0.0,0.0,0.0,0.0
2026/06/04 15:16:57.109299984,1780597017,108725303,imu_link,0.26139020919799805,0.21704840660095215,0.34436845779418945,0.0,0.0,0.0,0.0,0.0,0.0,0.0,0.0,0.0
2026/06/04 15:16:57.119153280,1780597017,118543162,imu_link,0.2587089538574219,0.20669126510620117,0.3419609069824219,0.0,0.0,0.0,0.0,0.0,0.0,0.0,0.0,0.0
2026/06/04 15:16:57.130824756,1780597017,130299157,imu_link,0.24183034896850586,0.21283531188964844,0.33754658699035645,0.0,0.0,0.0,0.0,0.0,0.0,0.0,0.0,0.0
2026/06/04 15:16:57.142095234,1780597017,141316460,imu_link,0.25165247917175293,0.22278594970703125,0.326373815536499,0.0,0.0,0.0,0.0,0.0,0.0,0.0,0.0,0.0
2026/06/04 15:16:57.152734992,1780597017,152146343,imu_link,0.2556588649749756,0.21449828147888184,0.33271217346191406,0.0,0.0,0.0,0.0,0.0,0.0,0.0,0.0,0.0
2026/06/04 15:16:57.164632261,1780597017,164069902,imu_link,0.253277063369751,0.2174358367919922,0.3530921936035156,0.0,0.0,0.0,0.0,0.0,0.0,0.0,0.0,0.0
2026/06/04 15:16:57.173949222,1780597017,173550435,imu_link,0.25473999977111816,0.2140040397644043,0.34145092964172363,0.0,0.0,0.0,0.0,0.0,0.0,0.0,0.0,0.0
2026/06/04 15:16:57.184504978,1780597017,184261749,imu_link,0.2485978603363037,0.20850396156311035,0.33319926261901855,0.0,0.0,0.0,0.0,0.0,0.0,0.0,0.0,0.0
2026/06/04 15:16:57.195348150,1780597017,195100911,imu_link,0.24402379989624023,0.22169828414916992,0.3283047676086426,0.0,0.0,0.0,0.0,0.0,0.0,0.0,0.0,0.0
2026/06/04 15:16:57.196669194,1780597017,195190971,imu_link,0.24643301963806152,0.22173857688903809,0.3336496353149414,0.0,0.0,0.0,0.0,0.0,0.0,0.0,0.0,0.0
2026/06/04 15:16:57.206968258,1780597017,205828423,imu_link,0.25668931007385254,0.21305513381958008,0.34679722785949707,0.0,0.0,0.0,0.0,0.0,0.0,0.0,0.0,0.0
2026/06/04 15:16:57.218378575,1780597017,217507248,imu_link,0.25540733337402344,0.2046830654144287,0.34487271308898926,0.0,0.0,0.0,0.0,0.0,0.0,0.0,0.0,0.0
2026/06/04 15:16:57.228921914,1780597017,228260011,imu_link,0.2409365177154541,0.2103722095489502,0.3424060344696045,0.0,0.0,0.0,0.0,0.0,0.0,0.0,0.0,0.0
2026/06/04 15:16:57.236449212,1780597017,235652646,imu_link,0.2511868476867676,0.2222893238067627,0.3273448944091797,0.0,0.0,0.0,0.0,0.0,0.0,0.0,0.0,0.0
2026/06/04 15:16:57.247100058,1780597017,246396273,imu_link,0.2557260990142822,0.2110607624053955,0.3332059383392334,0.0,0.0,0.0,0.0,0.0,0.0,0.0,0.0,0.0
2026/06/04 15:16:57.257171658,1780597017,256070947,imu_link,0.2533378601074219,0.21399617195129395,0.35164403915405273,0.0,0.0,0.0,0.0,0.0,0.0,0.0,0.0,0.0
2026/06/04 15:16:57.271240354,1780597017,269332422,imu_link,0.25470709800720215,0.21547555923461914,0.33999085426330566,0.0,0.0,0.0,0.0,0.0,0.0,0.0,0.0,0.0
2026/06/04 15:16:57.280164861,1780597017,278831080,imu_link,0.24672508239746094,0.20700860023498535,0.3370835781097412,0.0,0.0,0.0,0.0,0.0,0.0,0.0,0.0,0.0
2026/06/04 15:16:57.291972328,1780597017,290929063,imu_link,0.24488520622253418,0.22612810134887695,0.32489705085754395,0.0,0.0,0.0,0.0,0.0,0.0,0.0,0.0,0.0
2026/06/04 15:16:57.301436656,1780597017,300634746,imu_link,0.24827909469604492,0.22470808029174805,0.330247163772583,0.0,0.0,0.0,0.0,0.0,0.0,0.0,0.0,0.0
2026/06/04 15:16:57.312330637,1780597017,311357327,imu_link,0.2595689296722412,0.21309876441955566,0.3497152328491211,0.0,0.0,0.0,0.0,0.0,0.0,0.0,0.0,0.0
2026/06/04 15:16:57.323980759,1780597017,323111821,imu_link,0.25632476806640625,0.20616602897644043,0.34147214889526367,0.0,0.0,0.0,0.0,0.0,0.0,0.0,0.0,0.0
2026/06/04 15:16:57.332963306,1780597017,332665454,imu_link,0.23990941047668457,0.21330046653747559,0.3380274772644043,0.0,0.0,0.0,0.0,0.0,0.0,0.0,0.0,0.0
2026/06/04 15:16:57.343562332,1780597017,343352271,imu_link,0.2492513656616211,0.2237381935119629,0.32928013801574707,0.0,0.0,0.0,0.0,0.0,0.0,0.0,0.0,0.0
2026/06/04 15:16:57.355233570,1780597017,355113538,imu_link,0.2528529167175293,0.21151375770568848,0.3351418972015381,0.0,0.0,0.0,0.0,0.0,0.0,0.0,0.0,0.0
2026/06/04 15:16:57.356131819,1780597017,355150890,imu_link,0.2503833770751953,0.21837568283081055,0.35162830352783203,0.0,0.0,0.0,0.0,0.0,0.0,0.0,0.0,0.0
2026/06/04 15:16:57.366572971,1780597017,365831100,imu_link,0.2561500072479248,0.2154989242553711,0.3424208164215088,0.0,0.0,0.0,0.0,0.0,0.0,0.0,0.0,0.0
2026/06/04 15:16:57.377293477,1780597017,376511538,imu_link,0.24622631072998047,0.20798325538635254,0.3365950584411621,0.0,0.0,0.0,0.0,0.0,0.0,0.0,0.0,0.0
2026/06/04 15:16:57.389098091,1780597017,388348377,imu_link,0.24441027641296387,0.22661709785461426,0.3287792205810547,0.0,0.0,0.0,0.0,0.0,0.0,0.0,0.0,0.0
2026/06/04 15:16:57.399861526,1780597017,398973113,imu_link,0.24731159210205078,0.22518515586853027,0.3297586441040039,0.0,0.0,0.0,0.0,0.0,0.0,0.0,0.0,0.0
2026/06/04 15:16:57.410917256,1780597017,409717191,imu_link,0.2590656280517578,0.21456670761108398,0.35068178176879883,0.0,0.0,0.0,0.0,0.0,0.0,0.0,0.0,0.0
2026/06/04 15:16:57.421883941,1780597017,420450560,imu_link,0.2549116611480713,0.20516467094421387,0.34244322776794434,0.0,0.0,0.0,0.0,0.0,0.0,0.0,0.0,0.0
2026/06/04 15:16:57.431897447,1780597017,431324504,imu_link,0.24231529235839844,0.2128446102142334,0.3394894599914551,0.0,0.0,0.0,0.0,0.0,0.0,0.0,0.0,0.0
2026/06/04 15:16:57.444379271,1780597017,443242749,imu_link,0.24828553199768066,0.22372102737426758,0.32636547088623047,0.0,0.0,0.0,0.0,0.0,0.0,0.0,0.0,0.0
2026/06/04 15:16:57.453547504,1780597017,453267374,imu_link,0.2532799243927002,0.2139747142791748,0.3336801528930664,0.0,0.0,0.0,0.0,0.0,0.0,0.0,0.0,0.0
2026/06/04 15:16:57.464366535,1780597017,464109933,imu_link,0.25136375427246094,0.2174088954925537,0.3530888557434082,0.0,0.0,0.0,0.0,0.0,0.0,0.0,0.0,0.0
2026/06/04 15:16:57.475232993,1780597017,474912434,imu_link,0.25425219535827637,0.21448850631713867,0.3414487838745117,0.0,0.0,0.0,0.0,0.0,0.0,0.0,0.0,0.0
2026/06/04 15:16:57.476573698,1780597017,475096552,imu_link,0.2462451457977295,0.20650649070739746,0.33368563652038574,0.0,0.0,0.0,0.0,0.0,0.0,0.0,0.0,0.0
2026/06/04 15:16:57.492627723,1780597017,492349098,imu_link,0.2468423843383789,0.22419285774230957,0.3268473148345947,0.0,0.0,0.0,0.0,0.0,0.0,0.0,0.0,0.0
2026/06/04 15:16:57.503184782,1780597017,503113665,imu_link,0.24976730346679688,0.22178030014038086,0.3292858600616455,0.0,0.0,0.0,0.0,0.0,0.0,0.0,0.0,0.0
2026/06/04 15:16:57.513924644,1780597017,513773899,imu_link,0.25804948806762695,0.21700453758239746,0.346790075302124,0.0,0.0,0.0,0.0,0.0,0.0,0.0,0.0,0.0
2026/06/04 15:16:57.525689535,1780597017,525623490,imu_link,0.2582430839538574,0.20619463920593262,0.34293198585510254,0.0,0.0,0.0,0.0,0.0,0.0,0.0,0.0,0.0
2026/06/04 15:16:57.526157891,1780597017,525653306,imu_link,0.2423105239868164,0.2128429412841797,0.33803296089172363,0.0,0.0,0.0,0.0,0.0,0.0,0.0,0.0,0.0
2026/06/04 15:16:57.536802516,1780597017,536380812,imu_link,0.25020813941955566,0.22325682640075684,0.3263700008392334,0.0,0.0,0.0,0.0,0.0,0.0,0.0,0.0,0.0
2026/06/04 15:16:57.546870681,1780597017,546405968,imu_link,0.25565099716186523,0.21449542045593262,0.33028459548950195,0.0,0.0,0.0,0.0,0.0,0.0,0.0,0.0,0.0
2026/06/04 15:16:57.559386192,1780597017,558614435,imu_link,0.25284266471862793,0.21546673774719238,0.3550384044647217,0.0,0.0,0.0,0.0,0.0,0.0,0.0,0.0,0.0
2026/06/04 15:16:57.570392785,1780597017,569421396,imu_link,0.25525760650634766,0.21204662322998047,0.34194183349609375,0.0,0.0,0.0,0.0,0.0,0.0,0.0,0.0,0.0
2026/06/04 15:16:57.581829153,1780597017,580239748,imu_link,0.24573373794555664,0.2084660530090332,0.33513641357421875,0.0,0.0,0.0,0.0,0.0,0.0,0.0,0.0,0.0
2026/06/04 15:16:57.591888826,1780597017,591222500,imu_link,0.24779748916625977,0.2247002124786377,0.32927536964416504,0.0,0.0,0.0,0.0,0.0,0.0,0.0,0.0,0.0
2026/06/04 15:16:57.602773159,1780597017,602063068,imu_link,0.24975013732910156,0.2227630615234375,0.3297688961029053,0.0,0.0,0.0,0.0,0.0,0.0,0.0,0.0,0.0
2026/06/04 15:16:57.614414916,1780597017,613820511,imu_link,0.2576427459716797,0.21306753158569336,0.3458278179168701,0.0,0.0,0.0,0.0,0.0,0.0,0.0,0.0,0.0
2026/06/04 15:16:57.623887854,1780597017,623541882,imu_link,0.25821352005004883,0.20766758918762207,0.34244322776794434,0.0,0.0,0.0,0.0,0.0,0.0,0.0,0.0,0.0
2026/06/04 15:16:57.633329961,1780597017,633174964,imu_link,0.24570107460021973,0.21092700958251953,0.33949995040893555,0.0,0.0,0.0,0.0,0.0,0.0,0.0,0.0,0.0
2026/06/04 15:16:57.645135256,1780597017,645017368,imu_link,0.25022196769714355,0.22276735305786133,0.32782769203186035,0.0,0.0,0.0,0.0,0.0,0.0,0.0,0.0,0.0
2026/06/04 15:16:57.646125549,1780597017,645058745,imu_link,0.2542567253112793,0.21300625801086426,0.3341696262359619,0.0,0.0,0.0,0.0,0.0,0.0,0.0,0.0,0.0
2026/06/04 15:16:57.656393609,1780597017,655685615,imu_link,0.25285792350769043,0.21448326110839844,0.35406970977783203,0.0,0.0,0.0,0.0,0.0,0.0,0.0,0.0,0.0
2026/06/04 15:16:57.667047893,1780597017,666326453,imu_link,0.25423192977905273,0.21497559547424316,0.33804893493652344,0.0,0.0,0.0,0.0,0.0,0.0,0.0,0.0,0.0
2026/06/04 15:16:57.678973045,1780597017,678216895,imu_link,0.24718451499938965,0.2075028419494629,0.3341703414916992,0.0,0.0,0.0,0.0,0.0,0.0,0.0,0.0,0.0
2026/06/04 15:16:57.689521305,1780597017,688991637,imu_link,0.24489641189575195,0.22563743591308594,0.32538390159606934,0.0,0.0,0.0,0.0,0.0,0.0,0.0,0.0,0.0
2026/06/04 15:16:57.701850065,1780597017,700816025,imu_link,0.24729132652282715,0.22567224502563477,0.3263590335845947,0.0,0.0,0.0,0.0,0.0,0.0,0.0,0.0,0.0
2026/06/04 15:16:57.711691851,1780597017,710442371,imu_link,0.257169246673584,0.21306228637695312,0.34728336334228516,0.0,0.0,0.0,0.0,0.0,0.0,0.0,0.0,0.0
2026/06/04 15:16:57.722095412,1780597017,721372159,imu_link,0.25681281089782715,0.2061760425567627,0.34438610076904297,0.0,0.0,0.0,0.0,0.0,0.0,0.0,0.0,0.0
2026/06/04 15:16:57.730667330,1780597017,729961732,imu_link,0.2404327392578125,0.21085071563720703,0.33754897117614746,0.0,0.0,0.0,0.0,0.0,0.0,0.0,0.0,0.0
2026/06/04 15:16:57.740394740,1780597017,739466315,imu_link,0.2520933151245117,0.22475719451904297,0.3263697624206543,0.0,0.0,0.0,0.0,0.0,0.0,0.0,0.0,0.0
2026/06/04 15:16:57.752853586,1780597017,751320589,imu_link,0.2533407211303711,0.21053481101989746,0.3322317600250244,0.0,0.0,0.0,0.0,0.0,0.0,0.0,0.0,0.0
2026/06/04 15:16:57.761665048,1780597017,760865374,imu_link,0.25233912467956543,0.21594548225402832,0.35018110275268555,0.0,0.0,0.0,0.0,0.0,0.0,0.0,0.0,0.0
2026/06/04 15:16:57.772454932,1780597017,771612041,imu_link,0.2557246685028076,0.2120494842529297,0.3385441303253174,0.0,0.0,0.0,0.0,0.0,0.0,0.0,0.0,0.0
2026/06/04 15:16:57.783751016,1780597017,783305566,imu_link,0.24816608428955078,0.20604157447814941,0.3332042694091797,0.0,0.0,0.0,0.0,0.0,0.0,0.0,0.0,0.0
2026/06/04 15:16:57.793031110,1780597017,792910530,imu_link,0.24395203590393066,0.22513389587402344,0.3263545036315918,0.0,0.0,0.0,0.0,0.0,0.0,0.0,0.0,0.0
2026/06/04 15:16:57.803688335,1780597017,803514489,imu_link,0.24679851531982422,0.22664952278137207,0.32781243324279785,0.0,0.0,0.0,0.0,0.0,0.0,0.0,0.0,0.0
2026/06/04 15:16:57.815420681,1780597017,815241985,imu_link,0.26001906394958496,0.21408462524414062,0.3468005657196045,0.0,0.0,0.0,0.0,0.0,0.0,0.0,0.0,0.0
2026/06/04 15:16:57.816253874,1780597017,815272409,imu_link,0.25681591033935547,0.2061772346496582,0.34535717964172363,0.0,0.0,0.0,0.0,0.0,0.0,0.0,0.0,0.0
2026/06/04 15:16:57.826775120,1780597017,825970289,imu_link,0.24131488800048828,0.2152879238128662,0.3404529094696045,0.0,0.0,0.0,0.0,0.0,0.0,0.0,0.0,0.0
2026/06/04 15:16:57.838575836,1780597017,837711245,imu_link,0.24776935577392578,0.22617363929748535,0.3292717933654785,0.0,0.0,0.0,0.0,0.0,0.0,0.0,0.0,0.0
2026/06/04 15:16:57.849128269,1780597017,848457620,imu_link,0.2566812038421631,0.211073637008667,0.33272218704223633,0.0,0.0,0.0,0.0,0.0,0.0,0.0,0.0,0.0
2026/06/04 15:16:57.860095514,1780597017,859179563,imu_link,0.2537822723388672,0.21596860885620117,0.3526113033294678,0.0,0.0,0.0,0.0,0.0,0.0,0.0,0.0,0.0
2026/06/04 15:16:57.872112253,1780597017,870896749,imu_link,0.25379276275634766,0.2134995460510254,0.34145045280456543,0.0,0.0,0.0,0.0,0.0,0.0,0.0,0.0,0.0
2026/06/04 15:16:57.882125102,1780597017,881511554,imu_link,0.24906039237976074,0.20949435234069824,0.3341689109802246,0.0,0.0,0.0,0.0,0.0,0.0,0.0,0.0,0.0
2026/06/04 15:16:57.891755704,1780597017,891179039,imu_link,0.24441170692443848,0.22612309455871582,0.3263528347015381,0.0,0.0,0.0,0.0,0.0,0.0,0.0,0.0,0.0
2026/06/04 15:16:57.903484468,1780597017,902993829,imu_link,0.24930119514465332,0.2212836742401123,0.3302571773529053,0.0,0.0,0.0,0.0,0.0,0.0,0.0,0.0,0.0
2026/06/04 15:16:57.913886820,1780597017,913654089,imu_link,0.25812768936157227,0.21307635307312012,0.34777069091796875,0.0,0.0,0.0,0.0,0.0,0.0,0.0,0.0,0.0
