time,layout_data_offset,data_0,data_1,data_2,data_3,data_4,data_5,data_6,data_7,data_8,data_9,data_10,data_11,data_12,data_13,data_14,data_15,data_16,data_17,data_18,data_19,data_20,data_21,data_22,data_23,data_24,data_25,data_26,data_27,data_28,data_29,data_30
2026/06/04 15:16:52.95656822,0,1780597012.0500925,497.56600000000003,16644.0,-0.38790160791730477,0.0,0.0,0.0,18.949939961757643,0.0,0.04374930433468835,-0.6878013187121237,0.0,0.0078125,-0.9375,-0.359375,95.3030303030303,497.56,0.0,0.0,0.0,0.0,327.42,327.42,15.96875,3.9898639947466563e-16,1.28,-0.35000000000000003,41.6,0.0,5.0,0.0
2026/06/04 15:16:52.95794765,0,1780597012.0700645,497.586,16644.0,-0.38790160791730477,0.0,0.0,0.0,18.889458699798347,0.0,0.03798073776151765,-0.61613124916667,1.0,0.0234375,-0.9296875,-0.34375,95.04887585532747,497.58,0.0,0.0,0.0,0.0,327.42,327.42,15.96875,3.9898639947466563e-16,1.28,-0.37,41.6,0.0,7.0,0.0
2026/06/04 15:16:52.95899480,0,1780597012.0900671,497.606,16644.0,-0.38790160791730477,0.0,0.0,0.0,19.12207893810334,0.0,0.05520373401761519,-0.7675631703030289,1.0,0.0,-0.921875,-0.359375,95.17595307917888,497.6,0.0,0.0,0.0,0.0,327.42,327.42,15.96875,3.9898639947466563e-16,1.28,-0.38,41.6,0.0,9.0,0.0
2026/06/04 15:16:52.110421321,0,1780597012.110051,497.62600000000003,16644.0,-0.38790160791730477,0.0,0.0,0.0,18.984367757026785,0.0,0.042467400651761536,-0.8866279632575731,0.0,0.015625,-0.9296875,-0.34375,95.11241446725317,497.62,0.0,0.0,0.0,0.0,327.42,327.42,15.96875,3.9898639947466563e-16,1.28,-0.4,41.6,0.0,0.0,0.0
2026/06/04 15:16:52.130595227,0,1780597012.1301007,497.646,16644.0,-0.38790160791730477,0.0,0.0,0.0,18.819672628306844,0.0,0.04823596722493228,-0.613819311439398,0.0,0.0078125,-0.921875,-0.34375,95.3030303030303,497.64,0.0,0.0,0.0,0.0,327.42,327.42,15.96875,3.9898639947466563e-16,1.28,-0.36,41.6,0.0,2.0,0.0
2026/06/04 15:16:52.150645438,0,1780597012.1501045,497.666,16644.0,-0.38790160791730477,0.0,0.0,0.0,18.842004171184122,0.0,0.04819461549322494,-0.7490676684848454,0.0,0.015625,-0.9296875,-0.3671875,95.3030303030303,497.66,0.0,0.0,0.0,0.0,327.42,327.42,15.96875,3.9898639947466563e-16,1.28,-0.39,41.6,0.0,4.0,0.0
2026/06/04 15:16:52.170596503,0,1780597012.170084,497.68600000000004,16644.0,-0.38790160791730477,0.0,0.0,0.0,18.742442709189586,0.0,0.04205388333468837,-0.5745163700757592,0.0,0.0078125,-0.921875,-0.3515625,95.43010752688171,497.68,0.0,0.0,0.0,0.0,327.42,327.42,15.96875,3.9898639947466563e-16,1.28,-0.37,41.7,0.0,6.0,0.0
2026/06/04 15:16:52.190770088,0,1780597012.1901057,497.706,16644.0,-0.38790160791730477,0.0,0.0,0.0,19.010421223716943,0.0,0.04480377349322497,-0.7872146409848484,0.0,0.0234375,-0.9296875,-0.328125,95.17595307917888,497.7,0.0,0.0,0.0,0.0,327.42,327.42,15.96875,3.9898639947466563e-16,1.28,-0.41000000000000003,41.7,0.0,8.0,0.0
2026/06/04 15:16:52.210825625,0,1780597012.2101247,497.726,16644.0,-0.38790160791730477,0.0,0.0,0.0,19.02344795706202,0.0,0.048070560298103006,-0.9374905932575798,0.0,0.0078125,-0.921875,-0.3671875,95.17595307917888,497.72,0.0,0.0,0.0,0.0,327.42,327.42,15.96875,3.9898639947466563e-16,1.28,-0.35000000000000003,41.6,0.0,10.0,0.0
2026/06/04 15:16:52.230925559,0,1780597012.2301714,497.74600000000004,16644.0,-0.38790160791730477,0.0,0.0,0.0,18.845726094997,0.0,0.03998629674932251,-0.42308444893939184,0.0,0.015625,-0.9375,-0.359375,95.3030303030303,497.74,0.0,0.0,0.0,0.0,327.42,327.42,15.96875,3.9898639947466563e-16,1.28,-0.4,41.7,0.0,1.0,0.0
2026/06/04 15:16:52.250721615,0,1780597012.2501395,497.766,16644.0,-0.38790160791730477,0.0,0.0,0.0,18.882945333125804,0.0,0.04339781461517617,-0.4103687914393965,0.0,0.015625,-0.921875,-0.34375,95.17595307917888,497.76,0.0,0.0,0.0,0.0,327.42,327.42,15.96875,3.9898639947466563e-16,1.28,-0.35000000000000003,41.7,0.0,3.0,0.0
2026/06/04 15:16:52.270514459,0,1780597012.270108,497.786,16644.0,-0.38790160791730477,0.0,0.0,0.0,18.998324971325083,0.0,0.06161325243224933,-0.7606273571212132,1.0,0.0078125,-0.9375,-0.3515625,95.17595307917888,497.78000000000003,0.0,0.0,0.0,0.0,327.42,327.42,15.96875,3.9898639947466563e-16,1.28,-0.39,41.6,0.0,5.0,0.0
2026/06/04 15:16:52.290826936,0,1780597012.2901545,497.806,16644.0,-0.38790160791730477,0.0,0.0,0.0,18.9201645712546,0.0,0.04223996612737132,-0.5305895532575766,1.0,0.0234375,-0.921875,-0.359375,95.17595307917888,497.8,0.0,0.0,0.0,0.0,327.42,327.42,15.96875,3.9898639947466563e-16,1.28,-0.32,41.7,0.0,7.0,0.0
2026/06/04 15:16:52.311278657,0,1780597012.3102653,497.826,16644.0,-0.38790160791730477,0.0,0.0,0.0,18.93039986174002,0.0,0.055637927200542045,-0.6785535678030277,1.0,0.0,-0.9296875,-0.34375,95.11241446725317,497.82,0.0,0.0,0.0,0.0,327.42,327.42,15.96875,3.9898639947466563e-16,1.28,-0.34,41.6,0.0,9.0,0.0
2026/06/04 15:16:52.330823868,0,1780597012.3301678,497.846,16644.0,-0.38790160791730477,0.0,0.0,0.0,18.953661885570522,0.0,0.04401809059078594,-0.614975280303034,0.0,0.0234375,-0.9296875,-0.34375,95.17595307917888,497.84000000000003,0.0,0.0,0.0,0.0,327.42,327.42,15.96875,3.9898639947466563e-16,1.28,-0.36,41.800000000000004,0.0,0.0,0.0
2026/06/04 15:16:52.350582027,0,1780597012.350108,497.866,16644.0,-0.38790160791730477,0.0,0.0,0.0,18.844795614043782,0.0,0.04401809059078594,-0.4912866118939377,0.0,0.0,-0.9296875,-0.359375,95.3030303030303,497.86,0.0,0.0,0.0,0.0,327.42,327.42,15.96875,3.9898639947466563e-16,1.28,-0.38,41.7,0.0,2.0,0.0
2026/06/04 15:16:52.370679468,0,1780597012.3700888,497.886,16644.0,-0.38790160791730477,0.0,0.0,0.0,18.916442647441723,0.0,0.05450075457859082,-0.6924251941666674,0.0,0.0234375,-0.9296875,-0.3515625,95.23949169110459,497.88,0.0,0.0,0.0,0.0,327.42,327.42,15.96875,3.9898639947466563e-16,1.28,-0.39,41.6,0.0,4.0,0.0
2026/06/04 15:16:52.390793477,0,1780597012.3901267,497.906,16644.0,-0.38790160791730477,0.0,0.0,0.0,19.01135170467016,0.0,0.04627175996883471,-0.7687191391666649,0.0,0.0,-0.9296875,-0.3671875,95.3030303030303,497.90000000000003,0.0,0.0,0.0,0.0,327.42,327.42,15.96875,3.9898639947466563e-16,1.28,-0.38,41.6,0.0,6.0,0.0
2026/06/04 15:16:52.410556847,0,1780597012.410086,497.926,16644.0,-0.38790160791730477,0.0,0.0,0.0,18.859683309295303,0.0,0.04701609113956642,-0.6011036539393944,0.0,0.0234375,-0.9296875,-0.3359375,95.23949169110459,497.92,0.0,0.0,0.0,0.0,327.42,327.42,15.96875,3.9898639947466563e-16,1.28,-0.41000000000000003,41.6,0.0,8.0,0.0
2026/06/04 15:16:52.430550824,0,1780597012.4301202,497.946,16644.0,-0.38790160791730477,0.0,0.0,0.0,18.94156563317867,0.0,0.05938025892005423,-0.6912692253030315,0.0,0.0,-0.921875,-0.3515625,95.17595307917888,497.94,0.0,0.0,0.0,0.0,327.42,327.42,15.96875,3.9898639947466563e-16,1.28,-0.35000000000000003,41.7,0.0,10.0,0.0
2026/06/04 15:16:52.450556195,0,1780597012.4500947,497.966,16644.0,-0.38790160791730477,0.0,0.0,0.0,18.875501485500042,0.0,0.03864236546883472,-0.3756897255303014,0.0,0.015625,-0.9296875,-0.359375,95.23949169110459,497.96000000000004,0.0,0.0,0.0,0.0,327.42,327.42,15.96875,3.9898639947466563e-16,1.28,-0.4,41.6,0.0,1.0,0.0
2026/06/04 15:16:52.470984536,0,1780597012.470147,497.986,16644.0,-0.38790160791730477,0.0,0.0,0.0,18.835490804511586,0.0,0.04769839471273717,-0.6022596228030302,0.0,0.0078125,-0.921875,-0.3515625,95.17595307917888,497.98,0.0,0.0,0.0,0.0,327.42,327.42,15.96875,3.9898639947466563e-16,1.28,-0.33,41.7,0.0,3.0,0.0
2026/06/04 15:16:52.490875491,0,1780597012.4901156,498.00600000000003,16644.0,-0.38790160791730477,0.0,0.0,0.0,18.903415914096648,0.0,0.04073062792005422,-0.43117623098485186,1.0,0.0078125,-0.9375,-0.34375,95.17595307917888,498.0,0.0,0.0,0.0,0.0,327.42,327.42,15.96875,3.9898639947466563e-16,1.28,-0.39,41.7,0.0,5.0,0.0
2026/06/04 15:16:52.510762691,0,1780597012.510088,498.026,16644.0,-0.38790160791730477,0.0,0.0,0.0,18.916442647441723,0.0,0.040358462334688386,-0.5016903316666695,1.0,0.015625,-0.921875,-0.3515625,95.17595307917888,498.02000000000004,0.0,0.0,0.0,0.0,327.42,327.42,15.96875,3.9898639947466563e-16,1.28,-0.37,41.6,0.0,7.0,0.0
2026/06/04 15:16:52.530913724,0,1780597012.530221,498.046,16644.0,-0.38790160791730477,0.0,0.0,0.0,18.882945333125804,0.0,0.052846685310298104,-0.7733430146212086,0.0,0.0,-0.9296875,-0.3515625,95.23949169110459,498.04,0.0,0.0,0.0,0.0,327.42,327.42,15.96875,3.9898639947466563e-16,1.28,-0.43,41.6,0.0,9.0,0.0
2026/06/04 15:16:52.550760237,0,1780597012.5501935,498.06600000000003,16644.0,-0.38790160791730477,0.0,0.0,0.0,19.02065651420236,0.0,0.05357034061517616,-0.9155271848484884,0.0,0.0234375,-0.9296875,-0.34375,95.11241446725317,498.06,0.0,0.0,0.0,0.0,327.42,327.42,15.96875,3.9898639947466563e-16,1.28,-0.4,41.7,0.0,0.0,0.0
2026/06/04 15:16:52.570631119,0,1780597012.5701485,498.086,16644.0,-0.38790160791730477,0.0,0.0,0.0,18.940635152225447,0.0,0.04486580109078593,-0.7849027032575765,0.0,0.0078125,-0.9375,-0.3515625,95.17595307917888,498.08,0.0,0.0,0.0,0.0,327.42,327.42,15.96875,3.9898639947466563e-16,1.28,-0.46,41.800000000000004,0.0,2.0,0.0
2026/06/04 15:16:52.590660076,0,1780597012.5901315,498.106,16644.0,-0.38790160791730477,0.0,0.0,0.0,18.9573838093834,0.0,0.04157833842005421,-0.5999476850757584,0.0,0.015625,-0.921875,-0.3515625,95.11241446725317,498.1,0.0,0.0,0.0,0.0,327.42,327.42,15.96875,3.9898639947466563e-16,1.28,-0.46,41.6,0.0,4.0,0.0
2026/06/04 15:16:52.610800897,0,1780597012.610112,498.12600000000003,16644.0,-0.38790160791730477,0.0,0.0,0.0,18.92109505220782,0.0,0.03988291742005423,-0.7247923223484822,0.0,0.0,-0.9296875,-0.3515625,95.23949169110459,498.12,0.0,0.0,0.0,0.0,327.42,327.42,15.96875,3.9898639947466563e-16,1.28,-0.48,41.6,0.0,6.0,0.0
2026/06/04 15:16:52.630683028,0,1780597012.6301532,498.146,16644.0,-0.38790160791730477,0.0,0.0,0.0,18.841073690230903,0.0,0.03798073776151765,-0.4935985496212096,0.0,0.0234375,-0.921875,-0.34375,95.17595307917888,498.14,0.0,0.0,0.0,0.0,327.42,327.42,15.96875,3.9898639947466563e-16,1.28,-0.46,41.6,0.0,8.0,0.0
2026/06/04 15:16:52.650679665,0,1780597012.6501212,498.166,16644.0,-0.38790160791730477,0.0,0.0,0.0,18.855961385482424,0.0,0.04395606299322492,-0.606883498257574,0.0,0.0,-0.9296875,-0.359375,95.17595307917888,498.16,0.0,0.0,0.0,0.0,327.42,327.42,15.96875,3.9898639947466563e-16,1.28,-0.39,41.6,0.0,10.0,0.0
2026/06/04 15:16:52.670969675,0,1780597012.6702173,498.18600000000004,16644.0,-0.38790160791730477,0.0,0.0,0.0,18.903415914096648,0.0,0.04133022802981031,-0.6635259725757604,0.0,0.0234375,-0.921875,-0.34375,95.3030303030303,498.18,0.0,0.0,0.0,0.0,327.42,327.42,15.96875,3.9898639947466563e-16,1.28,-0.44,41.900000000000006,0.0,1.0,0.0
2026/06/04 15:16:52.690654075,0,1780597012.6901114,498.206,16644.0,-0.38790160791730477,0.0,0.0,0.0,18.844795614043782,0.0,0.03671950994444445,-0.6184431868939418,0.0,0.0,-0.9296875,-0.359375,95.17595307917888,498.2,0.0,0.0,0.0,0.0,327.42,327.42,15.96875,3.9898639947466563e-16,1.28,-0.38,41.800000000000004,0.0,3.0,0.0
2026/06/04 15:16:52.710675039,0,1780597012.710112,498.226,16644.0,-0.38790160791730477,0.0,0.0,0.0,18.966688618915605,0.0,0.045382697737127387,-0.7317281355303062,1.0,0.0078125,-0.9296875,-0.34375,95.17595307917888,498.22,0.0,0.0,0.0,0.0,327.42,327.42,15.96875,3.9898639947466563e-16,1.28,-0.4,41.6,0.0,5.0,0.0
2026/06/04 15:16:52.730525896,0,1780597012.7300491,498.24600000000004,16644.0,-0.38790160791730477,0.0,0.0,0.0,18.90062447123698,0.0,0.03992426915176153,-0.5872320275757545,1.0,0.015625,-0.9140625,-0.359375,95.17595307917888,498.24,0.0,0.0,0.0,0.0,327.42,327.42,15.96875,3.9898639947466563e-16,1.28,-0.32,41.900000000000006,0.0,7.0,0.0
2026/06/04 15:16:52.750692463,0,1780597012.7500737,498.266,16644.0,-0.38790160791730477,0.0,0.0,0.0,18.961105733196288,0.0,0.05727132060298105,-0.8484809907575785,0.0,0.0078125,-0.9375,-0.359375,95.366568914956,498.26,0.0,0.0,0.0,0.0,327.42,327.42,15.96875,3.9898639947466563e-16,1.28,-0.33,41.6,0.0,9.0,0.0
2026/06/04 15:16:52.770902473,0,1780597012.770179,498.286,16644.0,-0.38790160791730477,0.0,0.0,0.0,18.936913228412564,0.0,0.05493494776151764,-0.7560034816666695,0.0,0.015625,-0.921875,-0.3359375,95.3030303030303,498.28000000000003,0.0,0.0,0.0,0.0,327.42,327.42,15.96875,3.9898639947466563e-16,1.28,-0.28,42.0,0.0,0.0,0.0
2026/06/04 15:16:52.791094819,0,1780597012.7902348,498.306,16644.0,-0.38790160791730477,0.0,0.0,0.0,18.924816976020704,0.0,0.04269483517615176,-0.5999476850757584,0.0,0.0078125,-0.9296875,-0.3515625,95.17595307917888,498.3,0.0,0.0,0.0,0.0,327.42,327.42,15.96875,3.9898639947466563e-16,1.28,-0.33,41.6,0.0,2.0,0.0
2026/06/04 15:16:52.810738453,0,1780597012.8101482,498.326,16644.0,-0.38790160791730477,0.0,0.0,0.0,18.9759934284478,0.0,0.04498985628590786,-0.765251232575757,0.0,0.0234375,-0.921875,-0.3671875,95.23949169110459,498.32,0.0,0.0,0.0,0.0,327.42,327.42,15.96875,3.9898639947466563e-16,1.28,-0.34,41.800000000000004,0.0,4.0,0.0
2026/06/04 15:16:52.830587942,0,1780597012.8300803,498.346,16644.0,-0.38790160791730477,0.0,0.0,0.0,18.89783302837732,0.0,0.04304632489566398,-0.6404065953030331,0.0,0.0078125,-0.9296875,-0.3515625,95.17595307917888,498.34000000000003,0.0,0.0,0.0,0.0,327.42,327.42,15.96875,3.9898639947466563e-16,1.28,-0.36,41.800000000000004,0.0,6.0,0.0
2026/06/04 15:16:52.850493593,0,1780597012.8500786,498.366,16644.0,-0.38790160791730477,0.0,0.0,0.0,18.908998799815965,0.0,0.035354902798103,-0.4427359196212113,0.0,0.0234375,-0.921875,-0.3359375,95.3030303030303,498.36,0.0,0.0,0.0,0.0,327.42,327.42,15.96875,3.9898639947466563e-16,1.28,-0.35000000000000003,41.7,0.0,8.0,0.0
2026/06/04 15:16:52.870648021,0,1780597012.8701453,498.386,16644.0,-0.38790160791730477,0.0,0.0,0.0,18.890389180751566,0.0,0.039758862224932294,-0.46816723462121046,0.0,0.0,-0.9375,-0.359375,95.3030303030303,498.38,0.0,0.0,0.0,0.0,327.42,327.42,15.96875,3.9898639947466563e-16,1.28,-0.37,41.7,0.0,10.0,0.0
2026/06/04 15:16:52.890740598,0,1780597012.8901036,498.406,16644.0,-0.38790160791730477,0.0,0.0,0.0,18.78338387113126,0.0,0.04364592500542007,-0.45198367053030725,0.0,0.015625,-0.921875,-0.359375,95.3030303030303,498.40000000000003,0.0,0.0,0.0,0.0,327.42,327.42,15.96875,3.9898639947466563e-16,1.28,-0.4,41.900000000000006,0.0,1.0,0.0
2026/06/04 15:16:52.911037735,0,1780597012.9101865,498.426,16644.0,-0.38790160791730477,0.0,0.0,0.0,19.004838337997626,0.0,0.06142716963956644,-0.7906825475757562,1.0,0.0078125,-0.921875,-0.34375,95.17595307917888,498.42,0.0,0.0,0.0,0.0,327.42,327.42,15.96875,3.9898639947466563e-16,1.28,-0.38,41.900000000000006,0.0,3.0,0.0
2026/06/04 15:16:52.930672665,0,1780597012.930104,498.446,16644.0,-0.38790160791730477,0.0,0.0,0.0,18.956453328430182,0.0,0.0478224499078591,-0.613819311439398,1.0,0.015625,-0.9296875,-0.3515625,95.23949169110459,498.44,0.0,0.0,0.0,0.0,327.42,327.42,15.96875,3.9898639947466563e-16,1.28,-0.42,41.900000000000006,0.0,5.0,0.0
2026/06/04 15:16:52.950751135,0,1780597012.9501143,498.466,16644.0,-0.38790160791730477,0.0,0.0,0.0,19.01228218562338,0.0,0.05082045045663958,-0.7929944853030281,1.0,0.0078125,-0.921875,-0.34375,95.23949169110459,498.46000000000004,0.0,0.0,0.0,0.0,327.42,327.42,15.96875,3.9898639947466563e-16,1.28,-0.29,41.900000000000006,0.0,7.0,0.0
2026/06/04 15:16:52.970627500,0,1780597012.9701211,498.486,16644.0,-0.38790160791730477,0.0,0.0,0.0,18.891319661704784,0.0,0.04472107002981034,-0.5606447437121195,0.0,0.015625,-0.9375,-0.359375,95.17595307917888,498.48,0.0,0.0,0.0,0.0,327.42,327.42,15.96875,3.9898639947466563e-16,1.28,-0.34,41.800000000000004,0.0,9.0,0.0
2026/06/04 15:16:52.990580894,0,1780597012.9901195,498.50600000000003,16644.0,-0.38790160791730477,0.0,0.0,0.0,18.985298237980007,0.0,0.05780889311517618,-0.7155445714393946,0.0,0.015625,-0.921875,-0.359375,95.11241446725317,498.5,0.0,0.0,0.0,0.0,327.42,327.42,15.96875,3.9898639947466563e-16,1.28,-0.34,42.0,0.0,0.0,0.0
2026/06/04 15:16:53.10641176,0,1780597013.0101972,498.526,16644.0,-0.38790160791730477,0.0,0.0,0.0,18.965758137962382,0.0,0.05295006463956639,-0.6473424084848488,0.0,0.015625,-0.9296875,-0.3359375,95.3030303030303,498.52000000000004,0.0,0.0,0.0,0.0,327.42,327.42,15.96875,3.9898639947466563e-16,1.28,-0.42,41.900000000000006,0.0,2.0,0.0
2026/06/04 15:16:53.30644985,0,1780597013.0301433,498.546,16644.0,-0.38790160791730477,0.0,0.0,0.0,18.876431966453264,0.0,0.03984156568834693,-0.43348816871212376,0.0,0.0234375,-0.921875,-0.359375,95.17595307917888,498.54,0.0,0.0,0.0,0.0,327.42,327.42,15.96875,3.9898639947466563e-16,1.28,-0.33,42.0,0.0,4.0,0.0
2026/06/04 15:16:53.50824106,0,1780597013.0501015,498.56600000000003,16644.0,-0.38790160791730477,0.0,0.0,0.0,18.909929280769184,0.0,0.057002534346883495,-0.6739296923484839,0.0,0.0078125,-0.9375,-0.3671875,95.3030303030303,498.56,0.0,0.0,0.0,0.0,327.42,327.42,15.96875,3.9898639947466563e-16,1.28,-0.35000000000000003,42.0,0.0,6.0,0.0
2026/06/04 15:16:53.70617960,0,1780597013.0701265,498.586,16644.0,-0.38790160791730477,0.0,0.0,0.0,18.985298237980007,0.0,0.0452793184078591,-0.6947371318939393,0.0,0.0234375,-0.9296875,-0.3359375,95.23949169110459,498.58,0.0,0.0,0.0,0.0,327.42,327.42,15.96875,3.9898639947466563e-16,1.28,-0.34,41.800000000000004,0.0,8.0,0.0
2026/06/04 15:16:53.90791398,0,1780597013.0901802,498.606,16644.0,-0.38790160791730477,0.0,0.0,0.0,18.868057637874287,0.0,0.042736186907859124,-0.49475451848484553,0.0,0.0,-0.9375,-0.359375,95.23949169110459,498.6,0.0,0.0,0.0,0.0,327.42,327.42,15.96875,3.9898639947466563e-16,1.28,-0.38,41.900000000000006,0.0,10.0,0.0
2026/06/04 15:16:53.110712474,0,1780597013.110074,498.62600000000003,16644.0,-0.38790160791730477,0.0,0.0,0.0,18.937843709365783,0.0,0.05129599537127371,-0.5872320275757545,0.0,0.015625,-0.9296875,-0.359375,95.17595307917888,498.62,0.0,0.0,0.0,0.0,327.42,327.42,15.96875,3.9898639947466563e-16,1.28,-0.38,42.0,0.0,1.0,0.0
2026/06/04 15:16:53.130496678,0,1780597013.1300714,498.646,16644.0,-0.38790160791730477,0.0,0.0,0.0,18.912720723628844,0.0,0.047781098176151775,-0.7155445714393946,1.0,0.0078125,-0.921875,-0.34375,95.23949169110459,498.64,0.0,0.0,0.0,0.0,327.42,327.42,15.96875,3.9898639947466563e-16,1.28,-0.35000000000000003,42.0,0.0,3.0,0.0
2026/06/04 15:16:53.150500141,0,1780597013.15011,498.666,16644.0,-0.38790160791730477,0.0,0.0,0.0,18.765704733020083,0.0,0.03396961978590791,-0.33060693984848283,1.0,0.015625,-0.9296875,-0.3515625,95.17595307917888,498.66,0.0,0.0,0.0,0.0,327.42,327.42,15.96875,3.9898639947466563e-16,1.28,-0.38,41.900000000000006,0.0,5.0,0.0
2026/06/04 15:16:53.170484398,0,1780597013.1701062,498.68600000000004,16644.0,-0.38790160791730477,0.0,0.0,0.0,18.98715919988644,0.0,0.049063001859078616,-0.6773975989393918,0.0,0.0,-0.921875,-0.359375,95.23949169110459,498.68,0.0,0.0,0.0,0.0,327.42,327.42,15.96875,3.9898639947466563e-16,1.28,-0.34,41.6,0.0,7.0,0.0
2026/06/04 15:16:53.190853100,0,1780597013.1901107,498.706,16644.0,-0.38790160791730477,0.0,0.0,0.0,18.800132528289225,0.0,0.035747744249322526,-0.4762590166666704,0.0,0.015625,-0.921875,-0.34375,95.23949169110459,498.7,0.0,0.0,0.0,0.0,327.42,327.42,15.96875,3.9898639947466563e-16,1.28,-0.42,42.0,0.0,9.0,0.0
2026/06/04 15:16:53.210728114,0,1780597013.2100897,498.726,16644.0,-0.38790160791730477,0.0,0.0,0.0,18.748025594908906,0.0,0.03504476481029812,-0.4912866118939377,0.0,0.0,-0.921875,-0.3671875,95.17595307917888,498.72,0.0,0.0,0.0,0.0,327.42,327.42,15.96875,3.9898639947466563e-16,1.28,-0.43,41.900000000000006,0.0,0.0,0.0
2026/06/04 15:16:53.230634746,0,1780597013.2301493,498.74600000000004,16644.0,-0.38790160791730477,0.0,0.0,0.0,18.937843709365783,0.0,0.03957277943224934,-0.6091954359848459,0.0,0.015625,-0.9375,-0.3515625,95.3030303030303,498.74,0.0,0.0,0.0,0.0,327.42,327.42,15.96875,3.9898639947466563e-16,1.28,-0.51,42.0,0.0,2.0,0.0
2026/06/04 15:16:53.250716131,0,1780597013.250143,498.766,16644.0,-0.38790160791730477,0.0,0.0,0.0,18.791758199710237,0.0,0.03518949587127376,-0.4161486357575762,0.0,0.0234375,-0.9140625,-0.34375,95.11241446725317,498.76,0.0,0.0,0.0,0.0,327.42,327.42,15.96875,3.9898639947466563e-16,1.28,-0.46,41.900000000000006,0.0,4.0,0.0
2026/06/04 15:16:53.270595523,0,1780597013.2701013,498.786,16644.0,-0.38790160791730477,0.0,0.0,0.0,18.914581685535286,0.0,0.014865119737127392,-0.5826081521212108,0.0,0.0078125,-0.9375,-0.3671875,95.04887585532747,498.78000000000003,0.0,0.0,0.0,0.0,327.42,327.42,15.96875,3.9898639947466563e-16,1.28,-0.5,41.900000000000006,0.0,6.0,0.0
2026/06/04 15:16:53.290625006,0,1780597013.2901185,498.806,16644.0,-0.38790160791730477,0.0,0.0,0.0,18.965758137962382,0.0,0.0439353871273713,-0.774498983484853,0.0,0.015625,-0.9296875,-0.3515625,95.17595307917888,498.8,0.0,0.0,0.0,0.0,327.42,327.42,15.96875,3.9898639947466563e-16,1.28,-0.42,41.900000000000006,0.0,8.0,0.0
2026/06/04 15:16:53.310721083,0,1780597013.3100948,498.826,16644.0,-0.38790160791730477,0.0,0.0,0.0,18.784314352084483,0.0,0.03841493094444447,-0.4646993280303026,0.0,0.0078125,-0.9296875,-0.328125,95.11241446725317,498.82,0.0,0.0,0.0,0.0,327.42,327.42,15.96875,3.9898639947466563e-16,1.28,-0.43,42.0,0.0,10.0,0.0
2026/06/04 15:16:53.330675249,0,1780597013.3301032,498.846,16644.0,-0.38790160791730477,0.0,0.0,0.0,18.912720723628844,0.0,0.0502208503468835,-0.6831774432575799,0.0,0.0234375,-0.921875,-0.375,95.23949169110459,498.84000000000003,0.0,0.0,0.0,0.0,327.42,327.42,15.96875,3.9898639947466563e-16,1.28,-0.42,41.800000000000004,0.0,1.0,0.0
2026/06/04 15:16:53.350854487,0,1780597013.3501859,498.866,16644.0,-0.38790160791730477,0.0,0.0,0.0,18.84851753785667,0.0,0.04649919449322496,-0.6219110934848496,1.0,0.0078125,-0.9296875,-0.359375,95.17595307917888,498.86,0.0,0.0,0.0,0.0,327.42,327.42,15.96875,3.9898639947466563e-16,1.28,-0.4,42.0,0.0,3.0,0.0
2026/06/04 15:16:53.370627425,0,1780597013.3700948,498.886,16644.0,-0.38790160791730477,0.0,0.0,0.0,18.882945333125804,0.0,0.03657477888346886,-0.5282776155303047,0.0,0.0234375,-0.921875,-0.328125,95.3030303030303,498.88,0.0,0.0,0.0,0.0,327.42,327.42,15.96875,3.9898639947466563e-16,1.28,-0.41000000000000003,41.900000000000006,0.0,5.0,0.0
2026/06/04 15:16:53.390735501,0,1780597013.3901346,498.906,16644.0,-0.38790160791730477,0.0,0.0,0.0,18.774079061599064,0.0,0.04294294556639569,-0.5456171484848522,0.0,0.0,-0.9375,-0.3828125,95.3030303030303,498.90000000000003,0.0,0.0,0.0,0.0,327.42,327.42,15.96875,3.9898639947466563e-16,1.28,-0.42,42.0,0.0,7.0,0.0
2026/06/04 15:16:53.410557256,0,1780597013.4100695,498.926,16644.0,-0.38790160791730477,0.0,0.0,0.0,18.878292928359702,0.0,0.039448724237127406,-0.4589194837121229,0.0,0.015625,-0.9296875,-0.34375,95.17595307917888,498.92,0.0,0.0,0.0,0.0,327.42,327.42,15.96875,3.9898639947466563e-16,1.28,-0.47000000000000003,41.7,0.0,9.0,0.0
2026/06/04 15:16:53.430537425,0,1780597013.4301412,498.946,16644.0,-0.38790160791730477,0.0,0.0,0.0,18.833629842605145,0.0,0.042736186907859124,-0.6080394671212099,0.0,0.0078125,-0.921875,-0.34375,95.17595307917888,498.94,0.0,0.0,0.0,0.0,327.42,327.42,15.96875,3.9898639947466563e-16,1.28,-0.42,42.0,0.0,0.0,0.0
2026/06/04 15:16:53.450835325,0,1780597013.4501333,498.966,16644.0,-0.38790160791730477,0.0,0.0,0.0,18.962966695102725,0.0,0.04451431137127374,-0.7386639487121219,0.0,0.015625,-0.9375,-0.359375,95.04887585532747,498.96000000000004,0.0,0.0,0.0,0.0,327.42,327.42,15.96875,3.9898639947466563e-16,1.28,-0.48,42.0,0.0,2.0,0.0
2026/06/04 15:16:53.470604131,0,1780597013.4701042,498.986,16644.0,-0.38790160791730477,0.0,0.0,0.0,18.853169942622763,0.0,0.03663680648102985,-0.44157995075757533,0.0,0.015625,-0.9140625,-0.3515625,95.366568914956,498.98,0.0,0.0,0.0,0.0,327.42,327.42,15.96875,3.9898639947466563e-16,1.28,-0.42,42.0,0.0,4.0,0.0
2026/06/04 15:16:53.490840021,0,1780597013.4901135,499.00600000000003,16644.0,-0.38790160791730477,0.0,0.0,0.0,18.87922340931292,0.0,0.0487115121395664,-0.6334707821212091,0.0,0.015625,-0.9296875,-0.3515625,95.17595307917888,499.0,-1.0,0.0,0.0,0.0,327.42,327.42,15.96875,3.9898639947466563e-16,1.28,-0.45,42.0,0.0,6.0,0.0
2026/06/04 15:16:53.510732353,0,1780597013.5101025,499.026,16644.0,-0.38790160791730477,0.0,0.0,0.0,18.832699361651926,0.0,0.03998629674932251,-0.4450478573484832,0.0,0.015625,-0.921875,-0.3671875,95.17595307917888,499.02000000000004,0.0,0.0,0.0,0.0,327.42,327.42,15.96875,3.9898639947466563e-16,1.28,-0.41000000000000003,41.900000000000006,0.0,8.0,0.0
2026/06/04 15:16:53.530646846,0,1780597013.530129,499.046,16644.0,-0.38790160791730477,0.0,0.0,0.0,18.863405233108182,0.0,0.03949007596883471,-0.5086261448484852,0.0,0.015625,-0.9296875,-0.3359375,95.23949169110459,499.04,0.0,0.0,0.0,0.0,327.42,327.42,15.96875,3.9898639947466563e-16,1.28,-0.44,42.0,0.0,10.0,0.0
2026/06/04 15:16:53.550947286,0,1780597013.5501807,499.06600000000003,16644.0,-0.38790160791730477,0.0,0.0,0.0,18.914581685535286,0.0,0.05357034061517616,-0.6658379103030323,1.0,0.0234375,-0.921875,-0.359375,95.11241446725317,499.06,0.0,0.0,0.0,0.0,327.42,327.42,15.96875,3.9898639947466563e-16,1.28,-0.42,42.0,0.0,1.0,0.0
2026/06/04 15:16:53.570626714,0,1780597013.5701194,499.086,16644.0,-0.38790160791730477,0.0,0.0,0.0,18.89969399028376,0.0,0.042818890371273725,-0.5051582382575774,1.0,0.0,-0.9375,-0.3828125,95.23949169110459,499.08,0.0,0.0,0.0,0.0,327.42,327.42,15.96875,3.9898639947466563e-16,1.28,-0.44,42.0,0.0,3.0,0.0
2026/06/04 15:16:53.590644287,0,1780597013.5901165,499.106,16644.0,-0.38790160791730477,0.0,0.0,0.0,18.910859761722403,0.0,0.0559067134566396,-0.7687191391666649,0.0,0.0234375,-0.921875,-0.328125,95.3030303030303,499.1,0.0,0.0,0.0,0.0,327.42,327.42,15.96875,3.9898639947466563e-16,1.28,-0.44,42.0,0.0,5.0,0.0
2026/06/04 15:16:53.610447832,0,1780597013.6101022,499.12600000000003,16644.0,-0.38790160791730477,0.0,0.0,0.0,18.893180623611226,0.0,0.0382495240176152,-0.43580010643939565,0.0,0.0,-0.9296875,-0.34375,95.11241446725317,499.12,0.0,0.0,0.0,0.0,327.42,327.42,15.96875,3.9898639947466563e-16,1.28,-0.4,42.0,0.0,7.0,0.0
2026/06/04 15:16:53.630782991,0,1780597013.6301312,499.146,16644.0,-0.38790160791730477,0.0,0.0,0.0,18.981576314167125,0.0,0.06016594182249324,-0.8010862673484881,0.0,0.015625,-0.9375,-0.375,95.23949169110459,499.14,0.0,0.0,0.0,0.0,327.42,327.42,15.96875,3.9898639947466563e-16,1.28,-0.39,42.0,0.0,9.0,0.0
2026/06/04 15:16:53.650944468,0,1780597013.6501858,499.166,16644.0,-0.38790160791730477,0.0,0.0,0.0,18.986228718933226,0.0,0.04902165012737129,-0.7051408516666712,0.0,0.0078125,-0.9140625,-0.34375,95.366568914956,499.16,0.0,0.0,0.0,0.0,327.42,327.42,15.96875,3.9898639947466563e-16,1.28,-0.3,42.0,0.0,0.0,0.0
2026/06/04 15:16:53.670845380,0,1780597013.6701176,499.18600000000004,16644.0,-0.38790160791730477,0.0,0.0,0.0,18.869918599780725,0.0,0.04019305540785911,-0.42308444893939184,0.0,0.015625,-0.9296875,-0.3359375,95.17595307917888,499.18,0.0,0.0,0.0,0.0,327.42,327.42,15.96875,3.9898639947466563e-16,1.28,-0.35000000000000003,42.2,0.0,2.0,0.0
2026/06/04 15:16:53.690723707,0,1780597013.690104,499.206,16644.0,-0.38790160791730477,0.0,0.0,0.0,18.969480061775265,0.0,0.056030768651761535,-0.7259482912121181,0.0,0.0,-0.921875,-0.375,95.17595307917888,499.2,0.0,0.0,0.0,0.0,327.42,327.42,15.96875,3.9898639947466563e-16,1.28,-0.28,42.2,0.0,4.0,0.0
2026/06/04 15:16:53.710595412,0,1780597013.7101493,499.226,16644.0,-0.38790160791730477,0.0,0.0,0.0,18.855961385482424,0.0,0.04321173182249324,-0.44157995075757533,0.0,0.015625,-0.9296875,-0.34375,95.49364613880743,499.22,0.0,0.0,0.0,0.0,327.42,327.42,15.96875,3.9898639947466563e-16,1.28,-0.32,42.2,0.0,6.0,0.0
2026/06/04 15:16:53.730586946,0,1780597013.7301455,499.24600000000004,16644.0,-0.38790160791730477,0.0,0.0,0.0,18.927608418880364,0.0,0.05156478162737129,-0.7190124780303025,0.0,0.015625,-0.9296875,-0.34375,95.3030303030303,499.24,0.0,0.0,0.0,0.0,327.42,327.42,15.96875,3.9898639947466563e-16,1.28,-0.25,42.2,0.0,8.0,0.0
2026/06/04 15:16:53.750760681,0,1780597013.7501261,499.266,16644.0,-0.38790160791730477,0.0,0.0,0.0,18.845726094997,0.0,0.034217730176151775,-0.31904725121212335,1.0,0.0,-0.9375,-0.359375,95.3030303030303,499.26,0.0,0.0,0.0,0.0,327.42,327.42,15.96875,3.9898639947466563e-16,1.28,-0.32,42.300000000000004,0.0,10.0,0.0
2026/06/04 15:16:53.770723048,0,1780597013.770129,499.286,16644.0,-0.38790160791730477,0.0,0.0,0.0,18.892250142658003,0.0,0.04792582923712739,-0.5375253664393922,1.0,0.0234375,-0.921875,-0.34375,95.17595307917888,499.28000000000003,0.0,0.0,0.0,0.0,327.42,327.42,15.96875,3.9898639947466563e-16,1.28,-0.32,42.2,0.0,1.0,0.0
2026/06/04 15:16:53.790817125,0,1780597013.7901156,499.306,16644.0,-0.38790160791730477,0.0,0.0,0.0,18.989950642746102,0.0,0.04848407761517615,-0.7802788278030327,1.0,0.0,-0.9375,-0.359375,95.23949169110459,499.3,0.0,0.0,0.0,0.0,327.42,327.42,15.96875,3.9898639947466563e-16,1.28,-0.36,42.2,0.0,3.0,0.0
2026/06/04 15:16:53.811179995,0,1780597013.8101974,499.326,16644.0,-0.38790160791730477,0.0,0.0,0.0,18.942496114131888,0.0,0.04395606299322492,-0.6334707821212091,0.0,0.0234375,-0.9296875,-0.359375,95.11241446725317,499.32,0.0,0.0,0.0,0.0,327.42,327.42,15.96875,3.9898639947466563e-16,1.28,-0.33,42.5,0.0,5.0,0.0
2026/06/04 15:16:53.830815539,0,1780597013.830232,499.346,16644.0,-0.38790160791730477,0.0,0.0,0.0,18.799202047336003,0.0,0.03640937195663957,-0.3675979434848498,0.0,0.0078125,-0.9296875,-0.34375,95.3030303030303,499.34000000000003,0.0,0.0,0.0,0.0,327.42,327.42,15.96875,3.9898639947466563e-16,1.28,-0.28,42.300000000000004,0.0,7.0,0.0
2026/06/04 15:16:53.850802367,0,1780597013.8501275,499.366,16644.0,-0.38790160791730477,0.0,0.0,0.0,18.868988118827506,0.0,0.05135802296883469,-0.8068661116666678,0.0,0.015625,-0.921875,-0.3515625,95.17595307917888,499.36,0.0,0.0,0.0,0.0,327.42,327.42,15.96875,3.9898639947466563e-16,1.28,-0.25,42.300000000000004,0.0,9.0,0.0
2026/06/04 15:16:53.870652619,0,1780597013.8701034,499.386,16644.0,-0.38790160791730477,0.0,0.0,0.0,18.982506795120347,0.0,0.04811191202981034,-0.8658205237121177,0.0,0.0,-0.9375,-0.375,95.3030303030303,499.38,0.0,0.0,0.0,0.0,327.42,327.42,15.96875,3.9898639947466563e-16,1.28,-0.27,42.300000000000004,0.0,0.0,0.0
2026/06/04 15:16:53.890889255,0,1780597013.890219,499.406,16644.0,-0.38790160791730477,0.0,0.0,0.0,18.908998799815965,0.0,0.0380427653590786,-0.6230670623484856,0.0,0.0234375,-0.9296875,-0.328125,95.3030303030303,499.40000000000003,0.0,0.0,0.0,0.0,327.42,327.42,15.96875,3.9898639947466563e-16,1.28,-0.35000000000000003,42.5,0.0,2.0,0.0
2026/06/04 15:16:53.911005636,0,1780597013.9102204,499.426,16644.0,-0.38790160791730477,0.0,0.0,0.0,18.905276876003086,0.0,0.0400896760785908,-0.6531222528030285,0.0,0.0,-0.921875,-0.3515625,95.17595307917888,499.42,0.0,0.0,0.0,0.0,327.42,327.42,15.96875,3.9898639947466563e-16,1.28,-0.34,42.5,0.0,4.0,0.0
2026/06/04 15:16:53.930974287,0,1780597013.930206,499.446,16644.0,-0.38790160791730477,0.0,0.0,0.0,18.90620735695631,0.0,0.04703676700542007,-0.7479116996212095,0.0,0.015625,-0.9296875,-0.3671875,95.04887585532747,499.44,0.0,0.0,0.0,0.0,327.42,327.42,15.96875,3.9898639947466563e-16,1.28,-0.37,42.5,0.0,6.0,0.0
2026/06/04 15:16:53.951064648,0,1780597013.9502573,499.466,16644.0,-0.38790160791730477,0.0,0.0,0.0,18.814089742587527,0.0,0.04563080812737132,-0.6496543462121207,0.0,0.0078125,-0.921875,-0.34375,95.17595307917888,499.46000000000004,0.0,0.0,0.0,0.0,327.42,327.42,15.96875,3.9898639947466563e-16,1.28,-0.29,42.5,0.0,8.0,0.0
2026/06/04 15:16:53.971245207,0,1780597013.970262,499.486,16644.0,-0.38790160791730477,0.0,0.0,0.0,18.86247475215496,0.0,0.06545896348102985,-0.6484983773484848,1.0,0.0078125,-0.9296875,-0.3515625,95.04887585532747,499.48,0.0,0.0,0.0,0.0,327.42,327.42,15.96875,3.9898639947466563e-16,1.28,-0.35000000000000003,42.5,0.0,10.0,0.0
2026/06/04 15:16:53.991067162,0,1780597013.9902246,499.50600000000003,16644.0,-0.38790160791730477,0.0,0.0,0.0,18.938774190319002,0.0,0.05462480977371276,-0.7421318553030297,1.0,0.015625,-0.921875,-0.3671875,95.11241446725317,499.5,0.0,0.0,0.0,0.0,327.42,327.42,15.96875,3.9898639947466563e-16,1.28,-0.32,42.5,0.0,1.0,0.0
2026/06/04 15:16:54.10849467,0,1780597014.0101953,499.526,16644.0,-0.38790160791730477,0.0,0.0,0.0,18.813159261634308,0.0,0.03624396502981033,-0.4727911100757542,1.0,0.0078125,-0.9296875,-0.34375,95.3030303030303,499.52000000000004,0.0,0.0,0.0,0.0,327.42,327.42,15.96875,3.9898639947466563e-16,1.28,-0.35000000000000003,42.5,0.0,3.0,0.0
2026/06/04 15:16:54.30755937,0,1780597014.030189,499.546,16644.0,-0.38790160791730477,0.0,0.0,0.0,18.78245339017804,0.0,0.034362461237127426,-0.3780016632575733,0.0,0.0234375,-0.921875,-0.3515625,95.23949169110459,499.54,0.0,0.0,0.0,0.0,327.42,327.42,15.96875,3.9898639947466563e-16,1.28,-0.34,42.5,0.0,5.0,0.0
2026/06/04 15:16:54.50547146,0,1780597014.050178,499.56600000000003,16644.0,-0.38790160791730477,0.0,0.0,0.0,18.946218037944764,0.0,0.05553454787127376,-0.8218937068939435,0.0,0.0,-0.9375,-0.359375,95.17595307917888,499.56,0.0,0.0,0.0,0.0,327.42,327.42,15.96875,3.9898639947466563e-16,1.28,-0.33,42.5,0.0,7.0,0.0
2026/06/04 15:16:54.71368449,0,1780597014.07027,499.586,16644.0,-0.38790160791730477,0.0,0.0,0.0,18.940635152225447,0.0,0.040213731273712736,-0.6970490696212112,0.0,0.0234375,-0.921875,-0.3359375,95.3030303030303,499.58,0.0,0.0,0.0,0.0,327.42,327.42,15.96875,3.9898639947466563e-16,1.28,-0.3,42.5,0.0,9.0,0.0
2026/06/04 15:16:54.90931300,0,1780597014.090136,499.606,16644.0,-0.38790160791730477,0.0,0.0,0.0,18.956453328430182,0.0,0.0418471246761518,-0.550241023939396,0.0,0.0,-0.921875,-0.3671875,95.23949169110459,499.6,0.0,0.0,0.0,0.0,327.42,327.42,15.96875,3.9898639947466563e-16,1.28,-0.32,42.6,0.0,0.0,0.0
2026/06/04 15:16:54.111135021,0,1780597014.110259,499.62600000000003,16644.0,-0.38790160791730477,0.0,0.0,0.0,18.82432503307294,0.0,0.045362021871273736,-0.6380946575757613,0.0,0.0234375,-0.9296875,-0.3515625,95.23949169110459,499.62,0.0,0.0,0.0,0.0,327.42,327.42,15.96875,3.9898639947466563e-16,1.28,-0.36,42.5,0.0,2.0,0.0
2026/06/04 15:16:54.130728762,0,1780597014.1302142,499.646,16644.0,-0.38790160791730477,0.0,0.0,0.0,18.875501485500042,0.0,0.04947651917615179,-0.6334707821212091,0.0,0.0078125,-0.921875,-0.34375,95.366568914956,499.64,0.0,0.0,0.0,0.0,327.42,327.42,15.96875,3.9898639947466563e-16,1.28,-0.33,42.6,0.0,4.0,0.0
2026/06/04 15:16:54.150577273,0,1780597014.1501038,499.666,16644.0,-0.38790160791730477,0.0,0.0,0.0,18.940635152225447,0.0,0.03891115172493227,-0.5941678407575787,0.0,0.0234375,-0.9296875,-0.359375,95.3030303030303,499.66,0.0,0.0,0.0,0.0,327.42,327.42,15.96875,3.9898639947466563e-16,1.28,-0.36,42.6,0.0,6.0,0.0
2026/06/04 15:16:54.170699478,0,1780597014.1701534,499.68600000000004,16644.0,-0.38790160791730477,0.0,0.0,0.0,18.898763509330543,0.0,0.04463836656639568,-0.5883879964393905,0.0,0.0,-0.9296875,-0.375,95.23949169110459,499.68,0.0,0.0,0.0,0.0,327.42,327.42,15.96875,3.9898639947466563e-16,1.28,-0.28,42.6,0.0,8.0,0.0
2026/06/04 15:16:54.190760305,0,1780597014.1901767,499.706,16644.0,-0.38790160791730477,0.0,0.0,0.0,18.870849080733947,0.0,0.03829087574932253,-0.4045889471212168,1.0,0.015625,-0.9296875,-0.328125,95.23949169110459,499.7,0.0,0.0,0.0,0.0,327.42,327.42,15.96875,3.9898639947466563e-16,1.28,-0.32,42.6,0.0,10.0,0.0
2026/06/04 15:16:54.210846770,0,1780597014.210185,499.726,16644.0,-0.38790160791730477,0.0,0.0,0.0,18.82804695688582,0.0,0.03407299911517619,-0.3202032200757593,1.0,0.015625,-0.921875,-0.3671875,95.17595307917888,499.72,0.0,0.0,0.0,0.0,327.42,327.42,15.96875,3.9898639947466563e-16,1.28,-0.24,42.6,0.0,1.0,0.0
2026/06/04 15:16:54.230961713,0,1780597014.2301667,499.74600000000004,16644.0,-0.38790160791730477,0.0,0.0,0.0,18.912720723628844,0.0,0.05416994072493225,-0.5872320275757545,0.0,0.0078125,-0.9375,-0.3671875,95.11241446725317,499.74,0.0,0.0,0.0,0.0,327.42,327.42,15.96875,3.9898639947466563e-16,1.28,-0.26,42.6,0.0,3.0,0.0
2026/06/04 15:16:54.250799293,0,1780597014.2502294,499.766,16644.0,-0.38790160791730477,0.0,0.0,0.0,18.901554952190203,0.0,0.04151631082249326,-0.5271216466666687,0.0,0.0234375,-0.921875,-0.3359375,95.3030303030303,499.76,0.0,0.0,0.0,0.0,327.42,327.42,15.96875,3.9898639947466563e-16,1.28,-0.21,42.6,0.0,5.0,0.0
2026/06/04 15:16:54.270695406,0,1780597014.2701027,499.786,16644.0,-0.38790160791730477,0.0,0.0,0.0,18.890389180751566,0.0,0.04230199372493224,-0.5224977712121249,0.0,0.0,-0.9296875,-0.3515625,95.17595307917888,499.78000000000003,0.0,0.0,0.0,0.0,327.42,327.42,15.96875,3.9898639947466563e-16,1.28,-0.3,42.6,0.0,7.0,0.0
2026/06/04 15:16:54.290461119,0,1780597014.2900958,499.806,16644.0,-0.38790160791730477,0.0,0.0,0.0,18.80757637591498,0.0,0.03504476481029812,-0.25893687030302914,0.0,0.0234375,-0.921875,-0.359375,95.11241446725317,499.8,0.0,0.0,0.0,0.0,327.42,327.42,15.96875,3.9898639947466563e-16,1.28,-0.22,42.6,0.0,9.0,0.0
2026/06/04 15:16:54.310842455,0,1780597014.3102088,499.826,16644.0,-0.38790160791730477,0.0,0.0,0.0,18.911790242675625,0.0,0.04070995205420057,-0.5467731173484882,0.0,0.0,-0.9296875,-0.3515625,95.04887585532747,499.82,0.0,0.0,0.0,0.0,327.42,327.42,15.96875,3.9898639947466563e-16,1.28,-0.28,42.7,0.0,0.0,0.0
2026/06/04 15:16:54.330552466,0,1780597014.3300679,499.846,16644.0,-0.38790160791730477,0.0,0.0,0.0,18.784314352084483,0.0,0.037546544578590794,-0.39302925848484893,0.0,0.0234375,-0.9296875,-0.3515625,95.11241446725317,499.84000000000003,0.0,0.0,0.0,0.0,327.42,327.42,15.96875,3.9898639947466563e-16,1.28,-0.31,42.6,0.0,2.0,0.0
2026/06/04 15:16:54.350781889,0,1780597014.350172,499.866,16644.0,-0.38790160791730477,0.0,0.0,0.0,18.912720723628844,0.0,0.05524508574932253,-0.5756723389393952,0.0,0.0,-0.9296875,-0.3515625,95.11241446725317,499.86,0.0,0.0,0.0,0.0,327.42,327.42,15.96875,3.9898639947466563e-16,1.28,-0.26,42.6,0.0,4.0,0.0
2026/06/04 15:16:54.370980953,0,1780597014.3701856,499.886,16644.0,-0.38790160791730477,0.0,0.0,0.0,18.962966695102725,0.0,0.042777538639566424,-0.642718533030305,0.0,0.0234375,-0.921875,-0.3515625,95.23949169110459,499.88,0.0,0.0,0.0,0.0,327.42,327.42,15.96875,3.9898639947466563e-16,1.28,-0.26,42.6,0.0,6.0,0.0
2026/06/04 15:16:54.390971918,0,1780597014.3901691,499.906,16644.0,-0.38790160791730477,0.0,0.0,0.0,18.894111104564445,0.0,0.040647924456639555,-0.43348816871212376,1.0,0.0078125,-0.9296875,-0.359375,95.17595307917888,499.90000000000003,0.0,0.0,0.0,0.0,327.42,327.42,15.96875,3.9898639947466563e-16,1.28,-0.24,42.6,0.0,8.0,0.0
2026/06/04 15:16:54.411222356,0,1780597014.4102638,499.926,16644.0,-0.38790160791730477,0.0,0.0,0.0,18.923886495067485,0.0,0.05638225837127375,-0.6542782216666645,1.0,0.015625,-0.921875,-0.3359375,95.11241446725317,499.92,0.0,0.0,0.0,0.0,327.42,327.42,15.96875,3.9898639947466563e-16,1.28,-0.25,42.6,0.0,10.0,0.0
2026/06/04 15:16:54.430935686,0,1780597014.4302237,499.946,16644.0,-0.38790160791730477,0.0,0.0,0.0,18.89783302837732,0.0,0.05797430004200542,-0.6369386887121253,1.0,0.0078125,-0.921875,-0.3515625,95.23949169110459,499.94,0.0,0.0,0.0,0.0,327.42,327.42,15.96875,3.9898639947466563e-16,1.28,-0.23,42.800000000000004,0.0,1.0,0.0
2026/06/04 15:16:54.450464239,0,1780597014.4500608,499.966,16644.0,-0.38790160791730477,0.0,0.0,0.0,18.860613790248525,0.0,0.041123469371273744,-0.5525529616666679,0.0,0.015625,-0.9375,-0.3671875,95.3030303030303,499.96000000000004,0.0,0.0,0.0,0.0,327.42,327.42,15.96875,3.9898639947466563e-16,1.28,-0.32,42.6,0.0,3.0,0.0
2026/06/04 15:16:54.470872971,0,1780597014.4701765,499.986,16644.0,-0.38790160791730477,0.0,0.0,0.0,18.898763509330543,0.0,0.03969683462737128,-0.419616542348484,0.0,0.015625,-0.921875,-0.34375,95.43010752688171,499.98,0.0,0.0,0.0,0.0,327.42,327.42,15.96875,3.9898639947466563e-16,1.28,-0.26,42.6,0.0,5.0,0.0
2026/06/04 15:16:54.490628559,0,1780597014.4901197,500.00600000000003,16644.0,-0.38790160791730477,0.0,0.0,0.0,19.027169880874904,0.0,0.07284024759078594,-0.9559860950757548,0.0,0.0078125,-0.9375,-0.34375,95.04887585532747,500.0,0.0,0.0,0.0,0.0,327.42,327.42,15.96875,3.9898639947466563e-16,1.28,-0.33,42.6,0.0,7.0,0.0
2026/06/04 15:16:54.510957676,0,1780597014.5101163,500.026,16644.0,-0.38790160791730477,0.0,0.0,0.0,18.876431966453264,0.0,0.04044116579810299,-0.7721870457575727,0.0,0.0234375,-0.921875,-0.359375,95.04887585532747,500.02000000000004,0.0,0.0,0.0,0.0,327.42,327.42,15.96875,3.9898639947466563e-16,1.28,-0.22,42.6,0.0,9.0,0.0
2026/06/04 15:16:54.531303708,0,1780597014.530198,500.046,16644.0,-0.38790160791730477,0.0,0.0,0.0,18.905276876003086,0.0,0.05323952676151763,-0.7548475128030335,0.0,0.0078125,-0.9375,-0.3515625,95.3030303030303,500.04,0.0,0.0,0.0,0.0,327.42,327.42,15.96875,3.9898639947466563e-16,1.28,-0.28,42.6,0.0,0.0,0.0
2026/06/04 15:16:54.551067002,0,1780597014.5501926,500.06600000000003,16644.0,-0.38790160791730477,0.0,0.0,0.0,18.980645833213906,0.0,0.04529999427371275,-0.8912518387121252,0.0,0.0234375,-0.9296875,-0.34375,95.17595307917888,500.06,0.0,0.0,0.0,0.0,327.42,327.42,15.96875,3.9898639947466563e-16,1.28,-0.29,42.6,0.0,2.0,0.0
2026/06/04 15:16:54.571278428,0,1780597014.5702589,500.086,16644.0,-0.38790160791730477,0.0,0.0,0.0,18.923886495067485,0.0,0.03992426915176153,-0.5594887748484836,0.0,0.0,-0.9296875,-0.34375,95.23949169110459,500.08,0.0,0.0,0.0,0.0,327.42,327.42,15.96875,3.9898639947466563e-16,1.28,-0.3,42.7,0.0,4.0,0.0
2026/06/04 15:16:54.590855232,0,1780597014.5901928,500.106,16644.0,-0.38790160791730477,0.0,0.0,0.0,18.78896675685058,0.0,0.039469400102981056,-0.613819311439398,0.0,0.0234375,-0.921875,-0.3515625,95.17595307917888,500.1,0.0,0.0,0.0,0.0,327.42,327.42,15.96875,3.9898639947466563e-16,1.28,-0.33,42.7,0.0,6.0,0.0
2026/06/04 15:16:54.610670637,0,1780597014.6100872,500.12600000000003,16644.0,-0.38790160791730477,0.0,0.0,0.0,18.978784871307464,0.0,0.0436872767371274,-0.7640952637121211,1.0,0.0,-0.9296875,-0.3671875,95.3030303030303,500.12,0.0,0.0,0.0,0.0,327.42,327.42,15.96875,3.9898639947466563e-16,1.28,-0.33,42.6,0.0,8.0,0.0
2026/06/04 15:16:54.630691283,0,1780597014.6302345,500.146,16644.0,-0.38790160791730477,0.0,0.0,0.0,18.797341085429565,0.0,0.036864241005420066,-0.38262553871212546,1.0,0.015625,-0.921875,-0.3359375,95.11241446725317,500.14,0.0,0.0,0.0,0.0,327.42,327.42,15.96875,3.9898639947466563e-16,1.28,-0.39,42.900000000000006,0.0,10.0,0.0
2026/06/04 15:16:54.650708608,0,1780597014.6501348,500.166,16644.0,-0.38790160791730477,0.0,0.0,0.0,18.724763571078405,0.0,0.03564436492005421,-0.2288816798484862,0.0,0.0078125,-0.921875,-0.3515625,95.11241446725317,500.16,0.0,0.0,0.0,0.0,327.42,327.42,15.96875,3.9898639947466563e-16,1.28,-0.33,42.7,0.0,1.0,0.0
2026/06/04 15:16:54.670762415,0,1780597014.670109,500.18600000000004,16644.0,-0.38790160791730477,0.0,0.0,0.0,18.860613790248525,0.0,0.04589959438346884,-0.6207551246212137,0.0,0.0078125,-0.9375,-0.359375,95.17595307917888,500.18,0.0,0.0,0.0,0.0,327.42,327.42,15.96875,3.9898639947466563e-16,1.28,-0.36,43.0,0.0,3.0,0.0
2026/06/04 15:16:54.690763194,0,1780597014.690121,500.206,16644.0,-0.38790160791730477,0.0,0.0,0.0,18.84014320927768,0.0,0.04654054622493226,-0.605727529393938,0.0,0.015625,-0.921875,-0.34375,95.17595307917888,500.2,0.0,0.0,0.0,0.0,327.42,327.42,15.96875,3.9898639947466563e-16,1.28,-0.27,43.0,0.0,5.0,0.0
2026/06/04 15:16:54.710839607,0,1780597014.7101197,500.226,16644.0,-0.38790160791730477,0.0,0.0,0.0,18.943426595085104,0.0,0.042777538639566424,-0.5698924946212155,0.0,0.015625,-0.9375,-0.34375,95.17595307917888,500.22,0.0,0.0,0.0,0.0,327.42,327.42,15.96875,3.9898639947466563e-16,1.28,-0.34,42.900000000000006,0.0,7.0,0.0
2026/06/04 15:16:54.731180390,0,1780597014.7302494,500.24600000000004,16644.0,-0.38790160791730477,0.0,0.0,0.0,18.947148518897986,0.0,0.04451431137127374,-0.7779668900757608,0.0,0.015625,-0.9296875,-0.359375,95.17595307917888,500.24,0.0,0.0,0.0,0.0,327.42,327.42,15.96875,3.9898639947466563e-16,1.28,-0.32,42.900000000000006,0.0,9.0,0.0
2026/06/04 15:16:54.750951341,0,1780597014.7502012,500.266,16644.0,-0.38790160791730477,0.0,0.0,0.0,18.781522909224826,0.0,-0.06364114290921409,-0.3017077182575758,0.0,0.015625,-0.9296875,-0.3515625,95.17595307917888,500.26,0.0,0.0,0.0,0.0,327.42,327.42,15.96875,3.9898639947466563e-16,1.28,-0.39,43.0,0.0,0.0,0.0
2026/06/04 15:16:54.770807483,0,1780597014.7701104,500.286,16644.0,-0.38790160791730477,0.0,0.0,0.0,18.855961385482424,0.0,0.03953142770054204,-0.5837641209848468,0.0,0.015625,-0.9296875,-0.3515625,95.3030303030303,500.28000000000003,0.0,0.0,0.0,0.0,327.42,327.42,15.96875,3.9898639947466563e-16,1.28,-0.35000000000000003,43.0,0.0,2.0,0.0
2026/06/04 15:16:54.790899444,0,1780597014.7902157,500.306,16644.0,-0.38790160791730477,0.0,0.0,0.0,18.871779561687166,0.0,0.054045885529810316,-0.6380946575757613,0.0,0.0078125,-0.9375,-0.3515625,95.04887585532747,500.3,0.0,0.0,0.0,0.0,327.42,327.42,15.96875,3.9898639947466563e-16,1.28,-0.4,43.0,0.0,4.0,0.0
2026/06/04 15:16:54.811092505,0,1780597014.810164,500.326,16644.0,-0.38790160791730477,0.0,0.0,0.0,18.854100423575982,0.0,0.04829799482249323,-0.6982050384848472,0.0,0.0234375,-0.9140625,-0.3515625,95.3030303030303,500.32,0.0,0.0,0.0,0.0,327.42,327.42,15.96875,3.9898639947466563e-16,1.28,-0.41000000000000003,43.0,0.0,6.0,0.0
2026/06/04 15:16:54.831302291,0,1780597014.8302724,500.346,16644.0,-0.38790160791730477,0.0,0.0,0.0,18.889458699798347,0.0,0.05247451972493227,-0.6484983773484848,1.0,0.0,-0.9296875,-0.359375,95.17595307917888,500.34000000000003,0.0,0.0,0.0,0.0,327.42,327.42,15.96875,3.9898639947466563e-16,1.28,-0.39,43.0,0.0,8.0,0.0
2026/06/04 15:16:54.850641170,0,1780597014.8500915,500.366,16644.0,-0.38790160791730477,0.0,0.0,0.0,18.969480061775265,0.0,0.04271551104200544,-0.7271042600757541,0.0,0.015625,-0.9296875,-0.34375,95.23949169110459,500.36,0.0,0.0,0.0,0.0,327.42,327.42,15.96875,3.9898639947466563e-16,1.28,-0.39,42.900000000000006,0.0,10.0,0.0
2026/06/04 15:16:54.870657868,0,1780597014.8701236,500.386,16644.0,-0.38790160791730477,0.0,0.0,0.0,18.97506294749458,0.0,0.04864948454200545,-0.7109206959848509,0.0,0.0,-0.9296875,-0.3515625,95.3030303030303,500.38,0.0,0.0,0.0,0.0,327.42,327.42,15.96875,3.9898639947466563e-16,1.28,-0.37,43.0,0.0,1.0,0.0
2026/06/04 15:16:54.890573605,0,1780597014.8900998,500.406,16644.0,-0.38790160791730477,0.0,0.0,0.0,18.928538899833587,0.0,0.04155766255420056,-0.5756723389393952,0.0,0.015625,-0.9296875,-0.359375,95.11241446725317,500.40000000000003,0.0,0.0,0.0,0.0,327.42,327.42,15.96875,3.9898639947466563e-16,1.28,-0.39,43.0,0.0,3.0,0.0
2026/06/04 15:16:54.910819594,0,1780597014.910164,500.426,16644.0,-0.38790160791730477,0.0,0.0,0.0,18.842004171184122,0.0,0.040771979651761554,-0.40690088484848863,0.0,0.0,-0.9296875,-0.359375,95.3030303030303,500.42,0.0,0.0,0.0,0.0,327.42,327.42,15.96875,3.9898639947466563e-16,1.28,-0.35000000000000003,43.0,0.0,5.0,0.0
2026/06/04 15:16:54.930648913,0,1780597014.9301314,500.446,16644.0,-0.38790160791730477,0.0,0.0,0.0,18.962036214149506,0.0,0.050468960737127366,-0.7872146409848484,0.0,0.015625,-0.9375,-0.328125,95.366568914956,500.44,0.0,0.0,0.0,0.0,327.42,327.42,15.96875,3.9898639947466563e-16,1.28,-0.39,43.1,0.0,7.0,0.0
2026/06/04 15:16:54.951026212,0,1780597014.9502072,500.466,16644.0,-0.38790160791730477,0.0,0.0,0.0,18.858752828342084,0.0,0.046375139298103024,-0.5074701759848493,0.0,0.0,-0.9296875,-0.359375,95.17595307917888,500.46000000000004,0.0,0.0,0.0,0.0,327.42,327.42,15.96875,3.9898639947466563e-16,1.28,-0.3,43.1,0.0,9.0,0.0
2026/06/04 15:16:54.970827261,0,1780597014.9701343,500.486,16644.0,-0.38790160791730477,0.0,0.0,0.0,18.943426595085104,0.0,0.04232266959078595,-0.613819311439398,0.0,0.015625,-0.9296875,-0.359375,95.23949169110459,500.48,0.0,0.0,0.0,0.0,327.42,327.42,15.96875,3.9898639947466563e-16,1.28,-0.33,43.1,0.0,0.0,0.0
2026/06/04 15:16:54.991299702,0,1780597014.990269,500.50600000000003,16644.0,-0.38790160791730477,0.0,0.0,0.0,18.893180623611226,0.0,0.037608572176151774,-0.4739470789393986,0.0,0.015625,-0.921875,-0.34375,95.366568914956,500.5,0.0,0.0,0.0,0.0,327.42,327.42,15.96875,3.9898639947466563e-16,1.28,-0.26,43.1,0.0,2.0,0.0
2026/06/04 15:16:55.10920109,0,1780597015.0101469,500.526,16644.0,-0.38790160791730477,0.0,0.0,0.0,19.021586995155584,0.0,0.07240605440785912,-0.9536741573484829,0.0,0.0078125,-0.9296875,-0.3515625,95.11241446725317,500.52000000000004,0.0,0.0,0.0,0.0,327.42,327.42,15.96875,3.9898639947466563e-16,1.28,-0.31,43.2,0.0,4.0,0.0
2026/06/04 15:16:55.30558367,0,1780597015.0301025,500.546,16644.0,-0.38790160791730477,0.0,0.0,0.0,18.931330342693244,0.0,0.056010092785907885,-0.774498983484853,1.0,0.0234375,-0.921875,-0.359375,95.3030303030303,500.54,0.0,0.0,0.0,0.0,327.42,327.42,15.96875,3.9898639947466563e-16,1.28,-0.32,43.2,0.0,6.0,0.0
2026/06/04 15:16:55.50800219,0,1780597015.0501935,500.56600000000003,16644.0,-0.38790160791730477,0.0,0.0,0.0,18.914581685535286,0.0,0.04554810466395668,-0.6103514048484818,1.0,0.0,-0.9296875,-0.3515625,95.11241446725317,500.56,0.0,0.0,0.0,0.0,327.42,327.42,15.96875,3.9898639947466563e-16,1.28,-0.37,43.2,0.0,8.0,0.0
2026/06/04 15:16:55.70637156,0,1780597015.0702045,500.586,16644.0,-0.38790160791730477,0.0,0.0,0.0,18.869918599780725,0.0,0.03998629674932251,-0.4427359196212113,0.0,0.0234375,-0.921875,-0.359375,95.3030303030303,500.58,0.0,0.0,0.0,0.0,327.42,327.42,15.96875,3.9898639947466563e-16,1.28,-0.35000000000000003,43.2,0.0,10.0,0.0
2026/06/04 15:16:55.90881762,0,1780597015.090128,500.606,16644.0,-0.38790160791730477,0.0,0.0,0.0,18.860613790248525,0.0,0.048835567334688364,-0.48203886098485016,0.0,0.0078125,-0.9296875,-0.3515625,95.17595307917888,500.6,0.0,0.0,0.0,0.0,327.42,327.42,15.96875,3.9898639947466563e-16,1.28,-0.37,43.2,0.0,1.0,0.0
2026/06/04 15:16:55.110669707,0,1780597015.1101382,500.62600000000003,16644.0,-0.38790160791730477,0.0,0.0,0.0,18.908998799815965,0.0,0.05485224429810301,-0.7178565091666665,0.0,0.0234375,-0.921875,-0.34375,95.23949169110459,500.62,0.0,0.0,0.0,0.0,327.42,327.42,15.96875,3.9898639947466563e-16,1.28,-0.37,43.2,0.0,3.0,0.0
2026/06/04 15:16:55.130647422,0,1780597015.1301396,500.646,16644.0,-0.38790160791730477,0.0,0.0,0.0,18.986228718933226,0.0,0.049435167444444456,-0.7872146409848484,0.0,0.0,-0.9296875,-0.3671875,95.3030303030303,500.64,0.0,0.0,0.0,0.0,327.42,327.42,15.96875,3.9898639947466563e-16,1.28,-0.27,43.2,0.0,5.0,0.0
2026/06/04 15:16:55.151217829,0,1780597015.150263,500.666,16644.0,-0.38790160791730477,0.0,0.0,0.0,18.775940023505505,0.0,0.03971751049322493,-0.3837815075757614,0.0,0.0234375,-0.9296875,-0.34375,95.23949169110459,500.66,0.0,0.0,0.0,0.0,327.42,327.42,15.96875,3.9898639947466563e-16,1.28,-0.28,43.300000000000004,0.0,7.0,0.0
2026/06/04 15:16:55.170740083,0,1780597015.1701632,500.68600000000004,16644.0,-0.38790160791730477,0.0,0.0,0.0,18.866196675967842,0.0,0.04490715282249326,-0.6646819414393964,0.0,0.0,-0.921875,-0.3515625,95.17595307917888,500.68,0.0,0.0,0.0,0.0,327.42,327.42,15.96875,3.9898639947466563e-16,1.28,-0.28,43.2,0.0,9.0,0.0
2026/06/04 15:16:55.190600656,0,1780597015.1900976,500.706,16644.0,-0.38790160791730477,0.0,0.0,0.0,18.986228718933226,0.0,0.04751231192005422,-0.8357653332575747,0.0,0.0234375,-0.9375,-0.359375,95.17595307917888,500.7,0.0,0.0,0.0,0.0,327.42,327.42,15.96875,3.9898639947466563e-16,1.28,-0.38,43.300000000000004,0.0,0.0,0.0
2026/06/04 15:16:55.210749607,0,1780597015.2102015,500.726,16644.0,-0.38790160791730477,0.0,0.0,0.0,18.965758137962382,0.0,0.04792582923712739,-0.80339820507576,0.0,0.0,-0.921875,-0.359375,95.04887585532747,500.72,0.0,0.0,0.0,0.0,327.42,327.42,15.96875,3.9898639947466563e-16,1.28,-0.33,43.300000000000004,0.0,2.0,0.0
2026/06/04 15:16:55.231222152,0,1780597015.2302616,500.74600000000004,16644.0,-0.38790160791730477,0.0,0.0,0.0,18.826185994979383,0.0,0.03849763440785913,-0.5849200898484826,1.0,0.0078125,-0.9296875,-0.3359375,95.3030303030303,500.74,0.0,0.0,0.0,0.0,327.42,327.42,15.96875,3.9898639947466563e-16,1.28,-0.42,43.2,0.0,4.0,0.0
2026/06/04 15:16:55.251012314,0,1780597015.2502038,500.766,16644.0,-0.38790160791730477,0.0,0.0,0.0,18.797341085429565,0.0,0.0330185299566396,-0.4404239818939394,1.0,0.015625,-0.921875,-0.3671875,95.17595307917888,500.76,0.0,0.0,0.0,0.0,327.42,327.42,15.96875,3.9898639947466563e-16,1.28,-0.34,43.400000000000006,0.0,6.0,0.0
2026/06/04 15:16:55.270721865,0,1780597015.270091,500.786,16644.0,-0.38790160791730477,0.0,0.0,0.0,18.93598274745934,0.0,0.06146852137127374,-0.829985488939395,1.0,0.0078125,-0.9296875,-0.3515625,95.17595307917888,500.78000000000003,0.0,0.0,0.0,0.0,327.42,327.42,15.96875,3.9898639947466563e-16,1.28,-0.38,43.300000000000004,0.0,8.0,0.0
2026/06/04 15:16:55.290985906,0,1780597015.2901206,500.806,16644.0,-0.38790160791730477,0.0,0.0,0.0,18.855961385482424,0.0,0.04201253160298107,-0.6843334121212158,0.0,0.015625,-0.921875,-0.3359375,95.04887585532747,500.8,0.0,0.0,0.0,0.0,327.42,327.42,15.96875,3.9898639947466563e-16,1.28,-0.29,43.400000000000006,0.0,10.0,0.0
2026/06/04 15:16:55.311113130,0,1780597015.310253,500.826,16644.0,-0.38790160791730477,0.0,0.0,0.0,18.847587056903443,0.0,0.038766420663956656,-0.5548648993939398,0.0,0.0,-0.9375,-0.3671875,95.17595307917888,500.82,0.0,0.0,0.0,0.0,327.42,327.42,15.96875,3.9898639947466563e-16,1.28,-0.31,43.400000000000006,0.0,1.0,0.0
2026/06/04 15:16:55.330487138,0,1780597015.330066,500.846,16644.0,-0.38790160791730477,0.0,0.0,0.0,18.868057637874287,0.0,0.03818749642005424,-0.5525529616666679,0.0,0.0234375,-0.9296875,-0.34375,95.17595307917888,500.84000000000003,0.0,0.0,0.0,0.0,327.42,327.42,15.96875,3.9898639947466563e-16,1.28,-0.28,43.400000000000006,0.0,3.0,0.0
2026/06/04 15:16:55.350630000,0,1780597015.3500679,500.866,16644.0,-0.38790160791730477,0.0,0.0,0.0,18.891319661704784,0.0,0.040461841663956666,-0.6184431868939418,0.0,0.0,-0.9375,-0.3515625,95.17595307917888,500.86,0.0,0.0,0.0,0.0,327.42,327.42,15.96875,3.9898639947466563e-16,1.28,-0.29,43.400000000000006,0.0,5.0,0.0
2026/06/04 15:16:55.370917607,0,1780597015.3702269,500.886,16644.0,-0.38790160791730477,0.0,0.0,0.0,18.78896675685058,0.0,0.035540985590785924,-0.3999650716666646,0.0,0.0234375,-0.9296875,-0.359375,95.11241446725317,500.88,0.0,0.0,0.0,0.0,327.42,327.42,15.96875,3.9898639947466563e-16,1.28,-0.32,43.400000000000006,0.0,7.0,0.0
2026/06/04 15:16:55.391238329,0,1780597015.3902135,500.906,16644.0,-0.38790160791730477,0.0,0.0,0.0,18.868057637874287,0.0,0.044245525115176154,-0.5872320275757545,0.0,0.0078125,-0.9296875,-0.3515625,95.17595307917888,500.90000000000003,0.0,0.0,0.0,0.0,327.42,327.42,15.96875,3.9898639947466563e-16,1.28,-0.34,43.400000000000006,0.0,9.0,0.0
2026/06/04 15:16:55.410756431,0,1780597015.41012,500.926,16644.0,-0.38790160791730477,0.0,0.0,0.0,18.959244771289846,0.0,0.06076554193224933,-0.9305547800757556,0.0,0.0234375,-0.921875,-0.359375,95.3030303030303,500.92,0.0,0.0,0.0,0.0,327.42,327.42,15.96875,3.9898639947466563e-16,1.28,-0.35000000000000003,43.5,0.0,0.0,0.0
2026/06/04 15:16:55.430742342,0,1780597015.430135,500.946,16644.0,-0.38790160791730477,0.0,0.0,0.0,18.948078999851205,0.0,0.045796215054200555,-0.6646819414393964,0.0,0.0078125,-0.921875,-0.3671875,95.3030303030303,500.94,0.0,0.0,0.0,0.0,327.42,327.42,15.96875,3.9898639947466563e-16,1.28,-0.29,43.400000000000006,0.0,2.0,0.0
2026/06/04 15:16:55.450620782,0,1780597015.4501143,500.966,16644.0,-0.38790160791730477,0.0,0.0,0.0,18.859683309295303,0.0,0.03992426915176153,-0.6542782216666645,1.0,0.015625,-0.9296875,-0.3359375,95.11241446725317,500.96000000000004,0.0,0.0,0.0,0.0,327.42,327.42,15.96875,3.9898639947466563e-16,1.28,-0.36,43.5,0.0,4.0,0.0
2026/06/04 15:16:55.470514036,0,1780597015.4700682,500.986,16644.0,-0.38790160791730477,0.0,0.0,0.0,18.908068318862743,0.0,0.05607212038346887,-0.8138019248484835,1.0,0.0078125,-0.921875,-0.359375,95.17595307917888,500.98,0.0,0.0,0.0,0.0,327.42,327.42,15.96875,3.9898639947466563e-16,1.28,-0.34,43.400000000000006,0.0,6.0,0.0
2026/06/04 15:16:55.490505058,0,1780597015.4900963,501.00600000000003,16644.0,-0.38790160791730477,0.0,0.0,0.0,18.805715414008542,0.0,0.034238406042005426,-0.4693232034848464,1.0,0.0078125,-0.9296875,-0.359375,95.11241446725317,501.0,0.0,0.0,0.0,0.0,327.42,327.42,15.96875,3.9898639947466563e-16,1.28,-0.39,43.300000000000004,0.0,8.0,0.0
2026/06/04 15:16:55.510558440,0,1780597015.5100956,501.026,16644.0,-0.38790160791730477,0.0,0.0,0.0,18.863405233108182,0.0,0.03485868201761517,-0.37684569439393734,0.0,0.0234375,-0.921875,-0.34375,95.3030303030303,501.02000000000004,0.0,0.0,0.0,0.0,327.42,327.42,15.96875,3.9898639947466563e-16,1.28,-0.28,43.6,0.0,10.0,0.0
2026/06/04 15:16:55.530952640,0,1780597015.5301845,501.046,16644.0,-0.38790160791730477,0.0,0.0,0.0,19.042988057079647,0.0,0.07618973785907864,-0.9871972543939421,0.0,0.0078125,-0.9375,-0.3515625,95.11241446725317,501.04,0.0,0.0,0.0,0.0,327.42,327.42,15.96875,3.9898639947466563e-16,1.28,-0.32,43.5,0.0,1.0,0.0
2026/06/04 15:16:55.550847730,0,1780597015.5501194,501.06600000000003,16644.0,-0.38790160791730477,0.0,0.0,0.0,19.029030842781342,0.0,0.04966260196883471,-0.858884710530302,0.0,0.0234375,-0.921875,-0.359375,95.11241446725317,501.06,-1.0,0.0,0.0,0.0,327.42,327.42,15.96875,3.9898639947466563e-16,1.28,-0.28,43.6,0.0,3.0,0.0
2026/06/04 15:16:55.570882986,0,1780597015.5701208,501.086,16644.0,-0.38790160791730477,0.0,0.0,0.0,18.942496114131888,0.0,0.04658189795663959,-0.6450304707575769,0.0,0.0078125,-0.9296875,-0.34375,95.3030303030303,501.08,0.0,0.0,0.0,0.0,327.42,327.42,15.96875,3.9898639947466563e-16,1.28,-0.3,43.6,0.0,5.0,0.0
2026/06/04 15:16:55.591070407,0,1780597015.5902045,501.106,16644.0,-0.38790160791730477,0.0,0.0,0.0,18.870849080733947,0.0,0.03806344122493225,-0.5352134287121203,0.0,0.0234375,-0.921875,-0.3515625,95.23949169110459,501.1,0.0,0.0,0.0,0.0,327.42,327.42,15.96875,3.9898639947466563e-16,1.28,-0.29,43.6,0.0,7.0,0.0
2026/06/04 15:16:55.610614265,0,1780597015.6100907,501.12600000000003,16644.0,-0.38790160791730477,0.0,0.0,0.0,18.912720723628844,0.0,0.050985857383468856,-0.7317281355303062,0.0,0.0,-0.9375,-0.3671875,95.3030303030303,501.12,0.0,0.0,0.0,0.0,327.42,327.42,15.96875,3.9898639947466563e-16,1.28,-0.31,43.800000000000004,0.0,9.0,0.0
2026/06/04 15:16:55.630585094,0,1780597015.630104,501.146,16644.0,-0.38790160791730477,0.0,0.0,0.0,18.922025533161047,0.0,0.047098794602981046,-0.7178565091666665,0.0,0.0234375,-0.921875,-0.34375,95.17595307917888,501.14,0.0,0.0,0.0,0.0,327.42,327.42,15.96875,3.9898639947466563e-16,1.28,-0.33,43.6,0.0,0.0,0.0
2026/06/04 15:16:55.651003638,0,1780597015.6503112,501.166,16644.0,-0.38790160791730477,0.0,0.0,0.0,18.98715919988644,0.0,0.045796215054200555,-0.6276909378030294,0.0,0.0,-0.9296875,-0.3671875,95.17595307917888,501.16,0.0,0.0,0.0,0.0,327.42,327.42,15.96875,3.9898639947466563e-16,1.28,-0.33,43.800000000000004,0.0,2.0,0.0
2026/06/04 15:16:55.671138996,0,1780597015.6701968,501.18600000000004,16644.0,-0.38790160791730477,0.0,0.0,0.0,18.86526619501462,0.0,0.04691271181029813,-0.5860760587121187,1.0,0.015625,-0.9296875,-0.34375,95.3030303030303,501.18,0.0,0.0,0.0,0.0,327.42,327.42,15.96875,3.9898639947466563e-16,1.28,-0.34,43.800000000000004,0.0,4.0,0.0
2026/06/04 15:16:55.690888890,0,1780597015.6902068,501.206,16644.0,-0.38790160791730477,0.0,0.0,0.0,18.97506294749458,0.0,0.04949719504200544,-0.765251232575757,1.0,0.0078125,-0.9296875,-0.3515625,95.17595307917888,501.2,0.0,0.0,0.0,0.0,327.42,327.42,15.96875,3.9898639947466563e-16,1.28,-0.26,43.900000000000006,0.0,6.0,0.0
2026/06/04 15:16:55.711299851,0,1780597015.710297,501.226,16644.0,-0.38790160791730477,0.0,0.0,0.0,18.89783302837732,0.0,0.040358462334688386,-0.5144059891666649,0.0,0.0078125,-0.9296875,-0.3671875,95.11241446725317,501.22,0.0,0.0,0.0,0.0,327.42,327.42,15.96875,3.9898639947466563e-16,1.28,-0.29,44.0,0.0,8.0,0.0
2026/06/04 15:16:55.731108964,0,1780597015.730272,501.24600000000004,16644.0,-0.38790160791730477,0.0,0.0,0.0,18.858752828342084,0.0,0.04314970422493229,-0.40574491598485274,0.0,0.0078125,-0.921875,-0.3515625,95.11241446725317,501.24,0.0,0.0,0.0,0.0,327.42,327.42,15.96875,3.9898639947466563e-16,1.28,-0.24,43.900000000000006,0.0,10.0,0.0
2026/06/04 15:16:55.750802422,0,1780597015.7501373,501.266,16644.0,-0.38790160791730477,0.0,0.0,0.0,18.892250142658003,0.0,0.04027575887127375,-0.513250020303029,0.0,0.015625,-0.9296875,-0.328125,95.17595307917888,501.26,0.0,0.0,0.0,0.0,327.42,327.42,15.96875,3.9898639947466563e-16,1.28,-0.35000000000000003,44.0,0.0,1.0,0.0
2026/06/04 15:16:55.770864078,0,1780597015.770204,501.286,16644.0,-0.38790160791730477,0.0,0.0,0.0,18.816881185447187,0.0,0.03649207542005423,-0.34216662848485063,0.0,0.0078125,-0.921875,-0.3671875,95.23949169110459,501.28000000000003,0.0,0.0,0.0,0.0,327.42,327.42,15.96875,3.9898639947466563e-16,1.28,-0.27,44.1,0.0,3.0,0.0
2026/06/04 15:16:55.790537746,0,1780597015.7901144,501.306,16644.0,-0.38790160791730477,0.0,0.0,0.0,18.872710042640385,0.0,0.04771907057859082,-0.606883498257574,0.0,0.0078125,-0.9375,-0.3671875,95.23949169110459,501.3,0.0,0.0,0.0,0.0,327.42,327.42,15.96875,3.9898639947466563e-16,1.28,-0.32,44.0,0.0,5.0,0.0
2026/06/04 15:16:55.810771938,0,1780597015.8100886,501.326,16644.0,-0.38790160791730477,0.0,0.0,0.0,18.82153359021328,0.0,0.047429608456639585,-0.5294335843939406,0.0,0.0234375,-0.921875,-0.3359375,95.3030303030303,501.32,0.0,0.0,0.0,0.0,327.42,327.42,15.96875,3.9898639947466563e-16,1.28,-0.29,44.0,0.0,7.0,0.0
2026/06/04 15:16:55.830594203,0,1780597015.830123,501.346,16644.0,-0.38790160791730477,0.0,0.0,0.0,18.911790242675625,0.0,0.044080118188346916,-0.7687191391666649,0.0,0.0078125,-0.9375,-0.34375,95.23949169110459,501.34000000000003,0.0,0.0,0.0,0.0,327.42,327.42,15.96875,3.9898639947466563e-16,1.28,-0.3,44.0,0.0,9.0,0.0
2026/06/04 15:16:55.850821737,0,1780597015.8501472,501.366,16644.0,-0.38790160791730477,0.0,0.0,0.0,18.796410604476343,0.0,0.032563660907859095,-0.3780016632575733,0.0,0.0234375,-0.921875,-0.359375,95.17595307917888,501.36,0.0,0.0,0.0,0.0,327.42,327.42,15.96875,3.9898639947466563e-16,1.28,-0.24,44.0,0.0,0.0,0.0
2026/06/04 15:16:55.870954836,0,1780597015.8702416,501.386,16644.0,-0.38790160791730477,0.0,0.0,0.0,18.801063009242444,0.0,0.044369580310298126,-0.5698924946212155,1.0,0.0,-0.9296875,-0.3515625,95.23949169110459,501.38,0.0,0.0,0.0,0.0,327.42,327.42,15.96875,3.9898639947466563e-16,1.28,-0.28,44.0,0.0,2.0,0.0
2026/06/04 15:16:55.890924620,0,1780597015.8901763,501.406,16644.0,-0.38790160791730477,0.0,0.0,0.0,18.922956014114266,0.0,0.04149563495663961,-0.7791228589393967,1.0,0.015625,-0.9296875,-0.34375,95.17595307917888,501.40000000000003,0.0,0.0,0.0,0.0,327.42,327.42,15.96875,3.9898639947466563e-16,1.28,-0.28,44.0,0.0,4.0,0.0
2026/06/04 15:16:55.910686063,0,1780597015.9101143,501.426,16644.0,-0.38790160791730477,0.0,0.0,0.0,18.822464071166504,0.0,0.03518949587127376,-0.4265523555302997,1.0,0.0,-0.9296875,-0.3671875,95.17595307917888,501.42,0.0,0.0,0.0,0.0,327.42,327.42,15.96875,3.9898639947466563e-16,1.28,-0.22,44.0,0.0,6.0,0.0
2026/06/04 15:16:55.930704861,0,1780597015.9302254,501.446,16644.0,-0.38790160791730477,0.0,0.0,0.0,18.8969025474241,0.0,0.052681278383468866,-0.8716003680303058,0.0,0.015625,-0.9296875,-0.3515625,95.04887585532747,501.44,0.0,0.0,0.0,0.0,327.42,327.42,15.96875,3.9898639947466563e-16,1.28,-0.3,44.0,0.0,8.0,0.0
2026/06/04 15:16:55.950605698,0,1780597015.9501166,501.466,16644.0,-0.38790160791730477,0.0,0.0,0.0,18.9527314046173,0.0,0.04827731895663958,-0.9143712159848525,0.0,0.0,-0.9296875,-0.3515625,95.17595307917888,501.46000000000004,0.0,0.0,0.0,0.0,327.42,327.42,15.96875,3.9898639947466563e-16,1.28,-0.25,44.0,0.0,10.0,0.0
2026/06/04 15:16:55.971093509,0,1780597015.9702125,501.486,16644.0,-0.38790160791730477,0.0,0.0,0.0,18.795480123523124,0.0,0.03504476481029812,-0.4404239818939394,0.0,0.015625,-0.9296875,-0.34375,95.3030303030303,501.48,0.0,0.0,0.0,0.0,327.42,327.42,15.96875,3.9898639947466563e-16,1.28,-0.3,44.0,0.0,1.0,0.0
2026/06/04 15:16:55.991030298,0,1780597015.9902647,501.50600000000003,16644.0,-0.38790160791730477,0.0,0.0,0.0,18.832699361651926,0.0,0.04786380163956641,-0.6924251941666674,0.0,0.0078125,-0.921875,-0.3515625,95.366568914956,501.5,0.0,0.0,0.0,0.0,327.42,327.42,15.96875,3.9898639947466563e-16,1.28,-0.22,44.0,0.0,3.0,0.0
2026/06/04 15:16:56.11347509,0,1780597016.0102751,501.526,16644.0,-0.38790160791730477,0.0,0.0,0.0,18.889458699798347,0.0,0.046416491029810325,-0.5710484634848514,0.0,0.015625,-0.9296875,-0.3515625,95.17595307917888,501.52000000000004,0.0,0.0,0.0,0.0,327.42,327.42,15.96875,3.9898639947466563e-16,1.28,-0.28,44.0,0.0,5.0,0.0
2026/06/04 15:16:56.30789173,0,1780597016.0301268,501.546,16644.0,-0.38790160791730477,0.0,0.0,0.0,18.789897237803803,0.0,0.04955922263956642,-0.5479290862121241,0.0,0.015625,-0.921875,-0.3515625,95.3030303030303,501.54,0.0,0.0,0.0,0.0,327.42,327.42,15.96875,3.9898639947466563e-16,1.28,-0.25,44.0,0.0,7.0,0.0
2026/06/04 15:16:56.50729890,0,1780597016.0501158,501.56600000000003,16644.0,-0.38790160791730477,0.0,0.0,0.0,18.927608418880364,0.0,0.0579122724444445,-0.8450130841666708,0.0,0.0078125,-0.9296875,-0.34375,95.3030303030303,501.56,0.0,0.0,0.0,0.0,327.42,327.42,15.96875,3.9898639947466563e-16,1.28,-0.31,44.0,0.0,9.0,0.0
2026/06/04 15:16:56.70709425,0,1780597016.0701175,501.586,16644.0,-0.38790160791730477,0.0,0.0,0.0,18.88666725693869,0.0,0.040503193395663974,-0.6484983773484848,0.0,0.015625,-0.921875,-0.3515625,95.11241446725317,501.58,0.0,0.0,0.0,0.0,327.42,327.42,15.96875,3.9898639947466563e-16,1.28,-0.28,44.0,0.0,0.0,0.0
2026/06/04 15:16:56.90670891,0,1780597016.0902474,501.606,16644.0,-0.38790160791730477,0.0,0.0,0.0,18.7852448330377,0.0,0.04174374534688348,-0.5745163700757592,1.0,0.0,-0.9296875,-0.359375,95.3030303030303,501.6,0.0,0.0,0.0,0.0,327.42,327.42,15.96875,3.9898639947466563e-16,1.28,-0.29,44.1,0.0,2.0,0.0
2026/06/04 15:16:56.110756012,0,1780597016.110108,501.62600000000003,16644.0,-0.38790160791730477,0.0,0.0,0.0,18.968549580822042,0.0,0.04680933248102984,-0.9502062507575751,1.0,0.015625,-0.921875,-0.3359375,95.3030303030303,501.62,0.0,0.0,0.0,0.0,327.42,327.42,15.96875,3.9898639947466563e-16,1.28,-0.32,44.0,0.0,4.0,0.0
2026/06/04 15:16:56.130590048,0,1780597016.13009,501.646,16644.0,-0.38790160791730477,0.0,0.0,0.0,18.78896675685058,0.0,0.035561661456639575,-0.48203886098485016,0.0,0.0,-0.9296875,-0.359375,95.17595307917888,501.64,0.0,0.0,0.0,0.0,327.42,327.42,15.96875,3.9898639947466563e-16,1.28,-0.29,44.0,0.0,6.0,0.0
2026/06/04 15:16:56.150759932,0,1780597016.1501129,501.666,16644.0,-0.38790160791730477,0.0,0.0,0.0,19.005768818950845,0.0,0.04550675293224932,-0.709764727121215,0.0,0.015625,-0.9296875,-0.359375,95.11241446725317,501.66,0.0,0.0,0.0,0.0,327.42,327.42,15.96875,3.9898639947466563e-16,1.28,-0.34,44.0,0.0,8.0,0.0
2026/06/04 15:16:56.170803206,0,1780597016.170132,501.68600000000004,16644.0,-0.38790160791730477,0.0,0.0,0.0,18.913651204582063,0.0,0.04201253160298107,-0.5964797784848506,0.0,0.0078125,-0.921875,-0.34375,95.3030303030303,501.68,0.0,0.0,0.0,0.0,327.42,327.42,15.96875,3.9898639947466563e-16,1.28,-0.29,44.1,0.0,10.0,0.0
2026/06/04 15:16:56.190722760,0,1780597016.190063,501.706,16644.0,-0.38790160791730477,0.0,0.0,0.0,18.830838399745485,0.0,0.043790656066395685,-0.4462038262121191,0.0,0.015625,-0.9296875,-0.3515625,95.17595307917888,501.7,0.0,0.0,0.0,0.0,327.42,327.42,15.96875,3.9898639947466563e-16,1.28,-0.35000000000000003,44.1,0.0,1.0,0.0
2026/06/04 15:16:56.210517885,0,1780597016.2100625,501.726,16644.0,-0.38790160791730477,0.0,0.0,0.0,19.016004109436267,0.0,0.05313614743224934,-0.7594713882575773,0.0,0.0,-0.921875,-0.3671875,95.17595307917888,501.72,0.0,0.0,0.0,0.0,327.42,327.42,15.96875,3.9898639947466563e-16,1.28,-0.33,44.0,0.0,3.0,0.0
2026/06/04 15:16:56.230647067,0,1780597016.2300985,501.74600000000004,16644.0,-0.38790160791730477,0.0,0.0,0.0,18.91737312839494,0.0,0.04817393962737129,-0.6484983773484848,0.0,0.015625,-0.9375,-0.3515625,95.11241446725317,501.74,0.0,0.0,0.0,0.0,327.42,327.42,15.96875,3.9898639947466563e-16,1.28,-0.35000000000000003,43.900000000000006,0.0,5.0,0.0
2026/06/04 15:16:56.250498859,0,1780597016.2500622,501.766,16644.0,-0.38790160791730477,0.0,0.0,0.0,18.84665657595022,0.0,0.04842205001761522,-0.5167179268939368,0.0,0.015625,-0.921875,-0.3515625,95.04887585532747,501.76,0.0,0.0,0.0,0.0,327.42,327.42,15.96875,3.9898639947466563e-16,1.28,-0.25,44.1,0.0,7.0,0.0
2026/06/04 15:16:56.270629627,0,1780597016.2701013,501.786,16644.0,-0.38790160791730477,0.0,0.0,0.0,18.968549580822042,0.0,0.057684837920054216,-0.617287218030306,0.0,0.015625,-0.9375,-0.3515625,95.23949169110459,501.78000000000003,0.0,0.0,0.0,0.0,327.42,327.42,15.96875,3.9898639947466563e-16,1.28,-0.32,44.0,0.0,9.0,0.0
2026/06/04 15:16:56.290851306,0,1780597016.290093,501.806,16644.0,-0.38790160791730477,0.0,0.0,0.0,18.881084371219362,0.0,0.042426048920054235,-0.43348816871212376,0.0,0.015625,-0.921875,-0.3515625,95.23949169110459,501.8,0.0,0.0,0.0,0.0,327.42,327.42,15.96875,3.9898639947466563e-16,1.28,-0.32,44.0,0.0,0.0,0.0
2026/06/04 15:16:56.310817731,0,1780597016.3101368,501.826,16644.0,-0.38790160791730477,0.0,0.0,0.0,18.894111104564445,0.0,0.04680933248102984,-0.6230670623484856,1.0,0.0,-0.9375,-0.3671875,95.3030303030303,501.82,0.0,0.0,0.0,0.0,327.42,327.42,15.96875,3.9898639947466563e-16,1.28,-0.35000000000000003,44.1,0.0,2.0,0.0
2026/06/04 15:16:56.330602691,0,1780597016.3300679,501.846,16644.0,-0.38790160791730477,0.0,0.0,0.0,18.80664589496176,0.0,0.034217730176151775,-0.35141437939393816,1.0,0.0234375,-0.9296875,-0.3359375,95.3030303030303,501.84000000000003,0.0,0.0,0.0,0.0,327.42,327.42,15.96875,3.9898639947466563e-16,1.28,-0.31,44.1,0.0,4.0,0.0
2026/06/04 15:16:56.350585825,0,1780597016.3501022,501.866,16644.0,-0.38790160791730477,0.0,0.0,0.0,18.874571004546823,0.0,0.0418471246761518,-0.5987917162121225,0.0,0.0,-0.9296875,-0.3515625,95.11241446725317,501.86,0.0,0.0,0.0,0.0,327.42,327.42,15.96875,3.9898639947466563e-16,1.28,-0.35000000000000003,44.2,0.0,6.0,0.0
2026/06/04 15:16:56.370702686,0,1780597016.3701334,501.886,16644.0,-0.38790160791730477,0.0,0.0,0.0,18.818742147353625,0.0,0.04670595315176153,-0.43926801303030344,0.0,0.0234375,-0.9296875,-0.3671875,95.11241446725317,501.88,0.0,0.0,0.0,0.0,327.42,327.42,15.96875,3.9898639947466563e-16,1.28,-0.4,44.1,0.0,8.0,0.0
2026/06/04 15:16:56.390804329,0,1780597016.390136,501.906,16644.0,-0.38790160791730477,0.0,0.0,0.0,18.92109505220782,0.0,0.04670595315176153,-0.5756723389393952,0.0,0.0,-0.9296875,-0.3671875,95.17595307917888,501.90000000000003,0.0,0.0,0.0,0.0,327.42,327.42,15.96875,3.9898639947466563e-16,1.28,-0.35000000000000003,44.2,0.0,10.0,0.0
2026/06/04 15:16:56.410742085,0,1780597016.4101033,501.926,16644.0,-0.38790160791730477,0.0,0.0,0.0,18.765704733020083,0.0,0.03845628267615177,-0.29939578053030397,0.0,0.015625,-0.9296875,-0.328125,95.23949169110459,501.92,0.0,0.0,0.0,0.0,327.42,327.42,15.96875,3.9898639947466563e-16,1.28,-0.35000000000000003,44.2,0.0,1.0,0.0
2026/06/04 15:16:56.430744620,0,1780597016.4301004,501.946,16644.0,-0.38790160791730477,0.0,0.0,0.0,19.001116414184743,0.0,0.055059002956639576,-0.8346093643939388,0.0,0.0,-0.9296875,-0.359375,95.17595307917888,501.94,0.0,0.0,0.0,0.0,327.42,327.42,15.96875,3.9898639947466563e-16,1.28,-0.26,44.1,0.0,3.0,0.0
2026/06/04 15:16:56.450721905,0,1780597016.4501357,501.966,16644.0,-0.38790160791730477,0.0,0.0,0.0,18.884806295032238,0.0,0.04651987035907861,-0.5120940514393931,0.0,0.015625,-0.9296875,-0.359375,95.17595307917888,501.96000000000004,0.0,0.0,0.0,0.0,327.42,327.42,15.96875,3.9898639947466563e-16,1.28,-0.32,44.2,0.0,5.0,0.0
2026/06/04 15:16:56.470755734,0,1780597016.4701173,501.986,16644.0,-0.38790160791730477,0.0,0.0,0.0,18.923886495067485,0.0,0.05011747101761521,-0.6901132564393955,0.0,0.0078125,-0.921875,-0.34375,95.23949169110459,501.98,0.0,0.0,0.0,0.0,327.42,327.42,15.96875,3.9898639947466563e-16,1.28,-0.31,44.1,0.0,7.0,0.0
2026/06/04 15:16:56.490581708,0,1780597016.49012,502.00600000000003,16644.0,-0.38790160791730477,0.0,0.0,0.0,18.998324971325083,0.0,0.05847052082249326,-1.0819867012121231,0.0,0.015625,-0.9375,-0.34375,95.17595307917888,502.0,0.0,0.0,0.0,0.0,327.42,327.42,15.96875,3.9898639947466563e-16,1.28,-0.37,44.1,0.0,9.0,0.0
2026/06/04 15:16:56.510461365,0,1780597016.5101228,502.026,16644.0,-0.38790160791730477,0.0,0.0,0.0,18.89783302837732,0.0,0.04199185573712738,-0.634626750984845,0.0,0.015625,-0.921875,-0.3515625,95.3030303030303,502.02000000000004,0.0,0.0,0.0,0.0,327.42,327.42,15.96875,3.9898639947466563e-16,1.28,-0.31,44.2,0.0,0.0,0.0
2026/06/04 15:16:56.530588776,0,1780597016.5300756,502.046,16644.0,-0.38790160791730477,0.0,0.0,0.0,18.882014852172578,0.0,0.05663036876151763,-0.8207377380303075,1.0,0.0,-0.9375,-0.359375,95.04887585532747,502.04,0.0,0.0,0.0,0.0,327.42,327.42,15.96875,3.9898639947466563e-16,1.28,-0.33,44.1,0.0,2.0,0.0
2026/06/04 15:16:56.550762908,0,1780597016.5500953,502.06600000000003,16644.0,-0.38790160791730477,0.0,0.0,0.0,18.876431966453264,0.0,0.037195054859078605,-0.5525529616666679,0.0,0.0234375,-0.921875,-0.34375,95.17595307917888,502.06,0.0,0.0,0.0,0.0,327.42,327.42,15.96875,3.9898639947466563e-16,1.28,-0.33,44.2,0.0,4.0,0.0
2026/06/04 15:16:56.570958151,0,1780597016.5700874,502.086,16644.0,-0.38790160791730477,0.0,0.0,0.0,18.91923409030138,0.0,0.05448007871273714,-0.7178565091666665,0.0,0.0,-0.9375,-0.359375,95.366568914956,502.08,0.0,0.0,0.0,0.0,327.42,327.42,15.96875,3.9898639947466563e-16,1.28,-0.35000000000000003,44.2,0.0,6.0,0.0
2026/06/04 15:16:56.591135544,0,1780597016.5902596,502.106,16644.0,-0.38790160791730477,0.0,0.0,0.0,18.872710042640385,0.0,0.03578909598102983,-0.5930118718939427,0.0,0.0234375,-0.9296875,-0.3515625,95.11241446725317,502.1,0.0,0.0,0.0,0.0,327.42,327.42,15.96875,3.9898639947466563e-16,1.28,-0.35000000000000003,44.2,0.0,8.0,0.0
2026/06/04 15:16:56.610990693,0,1780597016.6101665,502.12600000000003,16644.0,-0.38790160791730477,0.0,0.0,0.0,18.854100423575982,0.0,0.04813258789566399,-0.6392506264393972,0.0,0.0,-0.921875,-0.359375,95.17595307917888,502.12,0.0,0.0,0.0,0.0,327.42,327.42,15.96875,3.9898639947466563e-16,1.28,-0.28,44.2,0.0,10.0,0.0
2026/06/04 15:16:56.630581957,0,1780597016.630132,502.146,16644.0,-0.38790160791730477,0.0,0.0,0.0,18.894111104564445,0.0,0.03663680648102985,-0.6115073737121178,0.0,0.015625,-0.9296875,-0.34375,95.23949169110459,502.14,0.0,0.0,0.0,0.0,327.42,327.42,15.96875,3.9898639947466563e-16,1.28,-0.31,44.2,0.0,1.0,0.0
2026/06/04 15:16:56.650647943,0,1780597016.650102,502.166,16644.0,-0.38790160791730477,0.0,0.0,0.0,18.85130898071633,0.0,0.03605788223712741,-0.5433052107575803,0.0,0.0,-0.921875,-0.359375,95.17595307917888,502.16,0.0,0.0,0.0,0.0,327.42,327.42,15.96875,3.9898639947466563e-16,1.28,-0.27,44.2,0.0,3.0,0.0
2026/06/04 15:16:56.670596076,0,1780597016.6701016,502.18600000000004,16644.0,-0.38790160791730477,0.0,0.0,0.0,19.002046895137966,0.0,0.045982297846883506,-1.0692710437121193,0.0,0.015625,-0.9296875,-0.3515625,95.3030303030303,502.18,0.0,0.0,0.0,0.0,327.42,327.42,15.96875,3.9898639947466563e-16,1.28,-0.32,44.1,0.0,5.0,0.0
2026/06/04 15:16:56.690829907,0,1780597016.69013,502.206,16644.0,-0.38790160791730477,0.0,0.0,0.0,18.9201645712546,0.0,0.0450312080176152,-0.7039848828030268,0.0,0.0,-0.9296875,-0.359375,95.04887585532747,502.2,0.0,0.0,0.0,0.0,327.42,327.42,15.96875,3.9898639947466563e-16,1.28,-0.33,44.2,0.0,7.0,0.0
2026/06/04 15:16:56.710662110,0,1780597016.7101085,502.226,16644.0,-0.38790160791730477,0.0,0.0,0.0,18.916442647441723,0.0,0.04039981406639569,-0.6242230312121215,0.0,0.015625,-0.9296875,-0.34375,95.17595307917888,502.22,0.0,0.0,0.0,0.0,327.42,327.42,15.96875,3.9898639947466563e-16,1.28,-0.42,44.2,0.0,9.0,0.0
2026/06/04 15:16:56.730783798,0,1780597016.7300904,502.24600000000004,16644.0,-0.38790160791730477,0.0,0.0,0.0,18.968549580822042,0.0,0.05061369179810302,-0.9767935346212102,1.0,0.015625,-0.921875,-0.359375,95.11241446725317,502.24,0.0,0.0,0.0,0.0,327.42,327.42,15.96875,3.9898639947466563e-16,1.28,-0.38,44.2,0.0,0.0,0.0
2026/06/04 15:16:56.750884924,0,1780597016.750107,502.266,16644.0,-0.38790160791730477,0.0,0.0,0.0,18.815020223540746,0.0,0.040751303785907876,-0.46354335916666667,1.0,0.0078125,-0.9375,-0.359375,95.3030303030303,502.26,0.0,0.0,0.0,0.0,327.42,327.42,15.96875,3.9898639947466563e-16,1.28,-0.41000000000000003,44.2,0.0,2.0,0.0
2026/06/04 15:16:56.770684570,0,1780597016.7701552,502.286,16644.0,-0.38790160791730477,0.0,0.0,0.0,18.914581685535286,0.0,0.046850684212737144,-0.8935637764393971,0.0,0.0234375,-0.921875,-0.3359375,95.17595307917888,502.28000000000003,0.0,0.0,0.0,0.0,327.42,327.42,15.96875,3.9898639947466563e-16,1.28,-0.32,44.2,0.0,4.0,0.0
2026/06/04 15:16:56.790445397,0,1780597016.7900581,502.306,16644.0,-0.38790160791730477,0.0,0.0,0.0,18.869918599780725,0.0,0.03926264144444446,-0.5363693975757563,0.0,0.0,-0.9375,-0.3515625,95.11241446725317,502.3,0.0,0.0,0.0,0.0,327.42,327.42,15.96875,3.9898639947466563e-16,1.28,-0.35000000000000003,44.2,0.0,6.0,0.0
2026/06/04 15:16:56.810712124,0,1780597016.8101914,502.326,16644.0,-0.38790160791730477,0.0,0.0,0.0,18.834560323558364,0.0,0.0015498621273712964,-0.32598306439393904,0.0,0.0234375,-0.921875,-0.359375,95.23949169110459,502.32,0.0,0.0,0.0,0.0,327.42,327.42,15.96875,3.9898639947466563e-16,1.28,-0.33,44.2,0.0,8.0,0.0
2026/06/04 15:16:56.830602260,0,1780597016.8301113,502.346,16644.0,-0.38790160791730477,0.0,0.0,0.0,18.911790242675625,0.0,0.04455566310298104,-0.6242230312121215,0.0,0.0,-0.9375,-0.359375,95.3030303030303,502.34000000000003,0.0,0.0,0.0,0.0,327.42,327.42,15.96875,3.9898639947466563e-16,1.28,-0.32,44.2,0.0,10.0,0.0
2026/06/04 15:16:56.851001850,0,1780597016.8501554,502.366,16644.0,-0.38790160791730477,0.0,0.0,0.0,18.868057637874287,0.0,0.036202613298102995,-0.38493747643939735,0.0,0.0234375,-0.921875,-0.3359375,95.17595307917888,502.36,0.0,0.0,0.0,0.0,327.42,327.42,15.96875,3.9898639947466563e-16,1.28,-0.32,44.2,0.0,1.0,0.0
2026/06/04 15:16:56.870999942,0,1780597016.8701806,502.386,16644.0,-0.38790160791730477,0.0,0.0,0.0,18.814089742587527,0.0,0.0418471246761518,-0.48435079871212205,0.0,0.0,-0.9296875,-0.359375,95.17595307917888,502.38,0.0,0.0,0.0,0.0,327.42,327.42,15.96875,3.9898639947466563e-16,1.28,-0.28,44.2,0.0,3.0,0.0
2026/06/04 15:16:56.890751045,0,1780597016.890165,502.406,16644.0,-0.38790160791730477,0.0,0.0,0.0,18.989020161792883,0.0,0.047429608456639585,-0.7640952637121211,0.0,0.0234375,-0.9296875,-0.359375,95.3030303030303,502.40000000000003,0.0,0.0,0.0,0.0,327.42,327.42,15.96875,3.9898639947466563e-16,1.28,-0.35000000000000003,44.2,0.0,5.0,0.0
2026/06/04 15:16:56.910560081,0,1780597016.9100723,502.426,16644.0,-0.38790160791730477,0.0,0.0,0.0,18.915512166488504,0.0,0.04631311170054201,-0.542149241893936,0.0,0.0078125,-0.921875,-0.359375,95.11241446725317,502.42,0.0,0.0,0.0,0.0,327.42,327.42,15.96875,3.9898639947466563e-16,1.28,-0.31,44.2,0.0,7.0,0.0
2026/06/04 15:16:56.930605830,0,1780597016.930116,502.446,16644.0,-0.38790160791730477,0.0,0.0,0.0,18.843865133090564,0.0,0.036864241005420066,-0.4762590166666704,1.0,0.015625,-0.9296875,-0.34375,95.04887585532747,502.44,0.0,0.0,0.0,0.0,327.42,327.42,15.96875,3.9898639947466563e-16,1.28,-0.35000000000000003,44.2,0.0,9.0,0.0
2026/06/04 15:16:56.950688126,0,1780597016.9501052,502.466,16644.0,-0.38790160791730477,0.0,0.0,0.0,18.8271164759326,0.0,0.041867800542005416,-0.43926801303030344,1.0,0.015625,-0.921875,-0.3515625,95.23949169110459,502.46000000000004,0.0,0.0,0.0,0.0,327.42,327.42,15.96875,3.9898639947466563e-16,1.28,-0.3,44.2,0.0,0.0,0.0
2026/06/04 15:16:56.970890725,0,1780597016.97013,502.486,16644.0,-0.38790160791730477,0.0,0.0,0.0,19.004838337997626,0.0,0.05129599537127371,-0.7814347966666686,1.0,0.015625,-0.9296875,-0.359375,95.11241446725317,502.48,0.0,0.0,0.0,0.0,327.42,327.42,15.96875,3.9898639947466563e-16,1.28,-0.35000000000000003,44.2,0.0,2.0,0.0
2026/06/04 15:16:56.990965475,0,1780597016.9901838,502.50600000000003,16644.0,-0.38790160791730477,0.0,0.0,0.0,18.923886495067485,0.0,0.045775539188346905,-0.6762416300757558,0.0,0.015625,-0.921875,-0.3515625,95.11241446725317,502.5,0.0,0.0,0.0,0.0,327.42,327.42,15.96875,3.9898639947466563e-16,1.28,-0.28,44.2,0.0,4.0,0.0
2026/06/04 15:16:57.11285545,0,1780597017.0102842,502.526,16644.0,-0.38790160791730477,0.0,0.0,0.0,18.75360848062822,0.0,0.042488076517615186,-0.35603825484848195,0.0,0.0078125,-0.9296875,-0.34375,95.3030303030303,502.52000000000004,0.0,0.0,0.0,0.0,327.42,327.42,15.96875,3.9898639947466563e-16,1.28,-0.37,44.300000000000004,0.0,6.0,0.0
2026/06/04 15:16:57.30943848,0,1780597017.0302396,502.546,16644.0,-0.38790160791730477,0.0,0.0,0.0,18.932260823646462,0.0,0.060000534895664,-0.7953064230303,0.0,0.0234375,-0.921875,-0.359375,95.17595307917888,502.54,0.0,0.0,0.0,0.0,327.42,327.42,15.96875,3.9898639947466563e-16,1.28,-0.41000000000000003,44.2,0.0,8.0,0.0
2026/06/04 15:16:57.50692366,0,1780597017.0500746,502.56600000000003,16644.0,-0.38790160791730477,0.0,0.0,0.0,18.84665657595022,0.0,0.04095806244444444,-0.42308444893939184,0.0,0.0078125,-0.9375,-0.359375,95.17595307917888,502.56,0.0,0.0,0.0,0.0,327.42,327.42,15.96875,3.9898639947466563e-16,1.28,-0.42,44.2,0.0,10.0,0.0
2026/06/04 15:16:57.70679275,0,1780597017.0701027,502.586,16644.0,-0.38790160791730477,0.0,0.0,0.0,18.844795614043782,0.0,0.04976598129810302,-0.6461864396212129,0.0,0.0234375,-0.9296875,-0.3359375,95.3030303030303,502.58,0.0,0.0,0.0,0.0,327.42,327.42,15.96875,3.9898639947466563e-16,1.28,-0.41000000000000003,44.2,0.0,1.0,0.0
2026/06/04 15:16:57.90922375,0,1780597017.0901842,502.606,16644.0,-0.38790160791730477,0.0,0.0,0.0,18.949939961757643,0.0,0.04850475348102983,-0.6392506264393972,0.0,0.0,-0.9296875,-0.359375,95.366568914956,502.6,0.0,0.0,0.0,0.0,327.42,327.42,15.96875,3.9898639947466563e-16,1.28,-0.39,44.400000000000006,0.0,3.0,0.0
2026/06/04 15:16:57.110711901,0,1780597017.1101348,502.62600000000003,16644.0,-0.38790160791730477,0.0,0.0,0.0,18.838282247371247,0.0,0.03485868201761517,-0.4265523555302997,0.0,0.0234375,-0.921875,-0.3515625,95.3030303030303,502.62,0.0,0.0,0.0,0.0,327.42,327.42,15.96875,3.9898639947466563e-16,1.28,-0.39,44.2,0.0,5.0,0.0
2026/06/04 15:16:57.130740182,0,1780597017.1301403,502.646,16644.0,-0.38790160791730477,0.0,0.0,0.0,18.811298299727866,0.0,0.04482444935907862,-0.5433052107575803,0.0,0.0078125,-0.9296875,-0.3515625,95.17595307917888,502.64,0.0,0.0,0.0,0.0,327.42,327.42,15.96875,3.9898639947466563e-16,1.28,-0.39,44.2,0.0,7.0,0.0
2026/06/04 15:16:57.150684083,0,1780597017.150105,502.666,16644.0,-0.38790160791730477,0.0,0.0,0.0,18.937843709365783,0.0,0.042798214505420075,-0.8438571153030348,1.0,0.0234375,-0.9296875,-0.34375,95.17595307917888,502.66,0.0,0.0,0.0,0.0,327.42,327.42,15.96875,3.9898639947466563e-16,1.28,-0.42,44.2,0.0,9.0,0.0
2026/06/04 15:16:57.171228143,0,1780597017.1702144,502.68600000000004,16644.0,-0.38790160791730477,0.0,0.0,0.0,18.929469380786806,0.0,0.048794215602981035,-0.9340226866666635,1.0,0.0078125,-0.921875,-0.3515625,95.23949169110459,502.68,0.0,0.0,0.0,0.0,327.42,327.42,15.96875,3.9898639947466563e-16,1.28,-0.36,44.300000000000004,0.0,0.0,0.0
2026/06/04 15:16:57.190967320,0,1780597017.1901145,502.706,16644.0,-0.38790160791730477,0.0,0.0,0.0,18.93598274745934,0.0,0.04209523506639567,-0.7120766648484869,0.0,0.015625,-0.9296875,-0.3515625,95.17595307917888,502.7,0.0,0.0,0.0,0.0,327.42,327.42,15.96875,3.9898639947466563e-16,1.28,-0.41000000000000003,44.300000000000004,0.0,2.0,0.0
2026/06/04 15:16:57.210593923,0,1780597017.2100568,502.726,16644.0,-0.38790160791730477,0.0,0.0,0.0,18.959244771289846,0.0,0.040813331383468855,-0.7999302984848521,0.0,0.015625,-0.921875,-0.359375,95.3030303030303,502.72,0.0,0.0,0.0,0.0,327.42,327.42,15.96875,3.9898639947466563e-16,1.28,-0.35000000000000003,44.2,0.0,4.0,0.0
2026/06/04 15:16:57.230755221,0,1780597017.2301743,502.74600000000004,16644.0,-0.38790160791730477,0.0,0.0,0.0,18.7154587615462,0.0,0.03518949587127376,-0.33985469075757874,0.0,0.0078125,-0.9296875,-0.34375,95.366568914956,502.74,0.0,0.0,0.0,0.0,327.42,327.42,15.96875,3.9898639947466563e-16,1.28,-0.41000000000000003,44.2,0.0,6.0,0.0
2026/06/04 15:16:57.250569098,0,1780597017.2501373,502.766,16644.0,-0.38790160791730477,0.0,0.0,0.0,18.803854452102104,0.0,0.034176378444444475,-0.43117623098485186,0.0,0.015625,-0.921875,-0.3515625,95.23949169110459,502.76,0.0,0.0,0.0,0.0,327.42,327.42,15.96875,3.9898639947466563e-16,1.28,-0.4,44.300000000000004,0.0,8.0,0.0
2026/06/04 15:16:57.270882037,0,1780597017.2700734,502.786,16644.0,-0.38790160791730477,0.0,0.0,0.0,18.82804695688582,0.0,0.05290871290785909,-0.6288469066666653,0.0,0.0,-0.9375,-0.359375,95.11241446725317,502.78000000000003,0.0,0.0,0.0,0.0,327.42,327.42,15.96875,3.9898639947466563e-16,1.28,-0.42,44.5,0.0,10.0,0.0
2026/06/04 15:16:57.290969331,0,1780597017.2900946,502.806,16644.0,-0.38790160791730477,0.0,0.0,0.0,18.942496114131888,0.0,0.04540337360298104,-0.9097473405303003,0.0,0.0234375,-0.921875,-0.359375,95.3030303030303,502.8,0.0,0.0,0.0,0.0,327.42,327.42,15.96875,3.9898639947466563e-16,1.28,-0.37,44.400000000000006,0.0,1.0,0.0
2026/06/04 15:16:57.310942223,0,1780597017.310142,502.826,16644.0,-0.38790160791730477,0.0,0.0,0.0,18.882014852172578,0.0,0.04095806244444444,-0.5756723389393952,0.0,0.0,-0.9296875,-0.34375,95.17595307917888,502.82,0.0,0.0,0.0,0.0,327.42,327.42,15.96875,3.9898639947466563e-16,1.28,-0.42,44.2,0.0,3.0,0.0
2026/06/04 15:16:57.330803173,0,1780597017.3301318,502.846,16644.0,-0.38790160791730477,0.0,0.0,0.0,18.834560323558364,0.0,0.037195054859078605,-0.44157995075757533,0.0,0.015625,-0.921875,-0.3515625,95.3030303030303,502.84000000000003,0.0,0.0,0.0,0.0,327.42,327.42,15.96875,3.9898639947466563e-16,1.28,-0.41000000000000003,44.300000000000004,0.0,5.0,0.0
2026/06/04 15:16:57.350610960,0,1780597017.3501108,502.866,16644.0,-0.38790160791730477,0.0,0.0,0.0,18.8643357140614,0.0,0.05185424374932253,-0.6669938791666683,1.0,0.0,-0.921875,-0.3671875,95.3030303030303,502.86,0.0,0.0,0.0,0.0,327.42,327.42,15.96875,3.9898639947466563e-16,1.28,-0.36,44.400000000000006,0.0,7.0,0.0
2026/06/04 15:16:57.370538118,0,1780597017.3700583,502.886,16644.0,-0.38790160791730477,0.0,0.0,0.0,18.850378499763107,0.0,0.03518949587127376,-0.642718533030305,1.0,0.015625,-0.921875,-0.3359375,95.17595307917888,502.88,0.0,0.0,0.0,0.0,327.42,327.42,15.96875,3.9898639947466563e-16,1.28,-0.34,44.5,0.0,9.0,0.0
2026/06/04 15:16:57.390636895,0,1780597017.3901198,502.906,16644.0,-0.38790160791730477,0.0,0.0,0.0,18.871779561687166,0.0,0.03653342715176156,-0.5352134287121203,1.0,0.0,-0.9296875,-0.3515625,95.3030303030303,502.90000000000003,0.0,0.0,0.0,0.0,327.42,327.42,15.96875,3.9898639947466563e-16,1.28,-0.29,44.400000000000006,0.0,0.0,0.0
2026/06/04 15:16:57.410821891,0,1780597017.410166,502.926,16644.0,-0.38790160791730477,0.0,0.0,0.0,18.78338387113126,0.0,0.04631311170054201,-0.6357827198484894,0.0,0.015625,-0.9296875,-0.359375,95.17595307917888,502.92,0.0,0.0,0.0,0.0,327.42,327.42,15.96875,3.9898639947466563e-16,1.28,-0.32,44.400000000000006,0.0,2.0,0.0
2026/06/04 15:16:57.430672474,0,1780597017.4300828,502.946,16644.0,-0.38790160791730477,0.0,0.0,0.0,18.948078999851205,0.0,0.04540337360298104,-0.6773975989393918,0.0,0.0078125,-0.9296875,-0.3515625,95.23949169110459,502.94,0.0,0.0,0.0,0.0,327.42,327.42,15.96875,3.9898639947466563e-16,1.28,-0.25,44.400000000000006,0.0,4.0,0.0
2026/06/04 15:16:57.450661203,0,1780597017.4501057,502.966,16644.0,-0.38790160791730477,0.0,0.0,0.0,18.870849080733947,0.0,0.04817393962737129,-0.7190124780303025,0.0,0.015625,-0.9375,-0.34375,95.17595307917888,502.96000000000004,0.0,0.0,0.0,0.0,327.42,327.42,15.96875,3.9898639947466563e-16,1.28,-0.28,44.400000000000006,0.0,6.0,0.0
2026/06/04 15:16:57.470700008,0,1780597017.4701133,502.986,16644.0,-0.38790160791730477,0.0,0.0,0.0,18.820603109260063,0.0,0.049373139846883504,-0.5271216466666687,0.0,0.0078125,-0.921875,-0.3671875,95.43010752688171,502.98,0.0,0.0,0.0,0.0,327.42,327.42,15.96875,3.9898639947466563e-16,1.28,-0.21,44.400000000000006,0.0,8.0,0.0
2026/06/04 15:16:57.490671763,0,1780597017.490127,503.00600000000003,16644.0,-0.38790160791730477,0.0,0.0,0.0,18.944357076038326,0.0,0.049352463981029854,-0.5976357473484865,0.0,0.015625,-0.9375,-0.3515625,95.23949169110459,503.0,0.0,0.0,0.0,0.0,327.42,327.42,15.96875,3.9898639947466563e-16,1.28,-0.26,44.400000000000006,0.0,10.0,0.0
2026/06/04 15:16:57.510587683,0,1780597017.510116,503.026,16644.0,-0.38790160791730477,0.0,0.0,0.0,18.8271164759326,0.0,0.04066860032249327,-0.4554515771212151,0.0,0.0234375,-0.921875,-0.34375,95.3030303030303,503.02000000000004,0.0,0.0,0.0,0.0,327.42,327.42,15.96875,3.9898639947466563e-16,1.28,-0.23,44.400000000000006,0.0,1.0,0.0
2026/06/04 15:16:57.530746291,0,1780597017.530115,503.046,16644.0,-0.38790160791730477,0.0,0.0,0.0,18.894111104564445,0.0,0.045940946115176205,-0.5548648993939398,0.0,0.0078125,-0.9375,-0.3515625,95.3030303030303,503.04,0.0,0.0,0.0,0.0,327.42,327.42,15.96875,3.9898639947466563e-16,1.28,-0.32,44.400000000000006,0.0,3.0,0.0
2026/06/04 15:16:57.550586538,0,1780597017.5501108,503.06600000000003,16644.0,-0.38790160791730477,0.0,0.0,0.0,18.815020223540746,0.0,0.03467259922493228,-0.5016903316666695,0.0,0.0234375,-0.921875,-0.34375,95.23949169110459,503.06,0.0,0.0,0.0,0.0,327.42,327.42,15.96875,3.9898639947466563e-16,1.28,-0.27,44.400000000000006,0.0,5.0,0.0
2026/06/04 15:16:57.570963359,0,1780597017.570165,503.086,16644.0,-0.38790160791730477,0.0,0.0,0.0,18.911790242675625,0.0,0.054025209663956665,-0.6924251941666674,1.0,0.0078125,-0.9296875,-0.3515625,95.17595307917888,503.08,0.0,0.0,0.0,0.0,327.42,327.42,15.96875,3.9898639947466563e-16,1.28,-0.3,44.400000000000006,0.0,7.0,0.0
2026/06/04 15:16:57.591170371,0,1780597017.5902658,503.106,16644.0,-0.38790160791730477,0.0,0.0,0.0,18.868988118827506,0.0,0.03940737250542008,-0.45660754598485104,1.0,0.0234375,-0.9296875,-0.3515625,95.17595307917888,503.1,0.0,0.0,0.0,0.0,327.42,327.42,15.96875,3.9898639947466563e-16,1.28,-0.33,44.400000000000006,0.0,9.0,0.0
2026/06/04 15:16:57.611174904,0,1780597017.6102598,503.12600000000003,16644.0,-0.38790160791730477,0.0,0.0,0.0,18.859683309295303,0.0,0.050861802188346884,-0.6357827198484894,1.0,0.0,-0.9296875,-0.34375,95.3030303030303,503.12,-1.0,0.0,0.0,0.0,327.42,327.42,15.96875,3.9898639947466563e-16,1.28,-0.32,44.400000000000006,0.0,0.0,0.0
2026/06/04 15:16:57.630652273,0,1780597017.6300938,503.146,16644.0,-0.38790160791730477,0.0,0.0,0.0,18.966688618915605,0.0,0.04815326376151764,-0.7525355750757616,0.0,0.015625,-0.9296875,-0.359375,95.11241446725317,503.14,0.0,0.0,0.0,0.0,327.42,327.42,15.96875,3.9898639947466563e-16,1.28,-0.33,44.400000000000006,0.0,2.0,0.0
2026/06/04 15:16:57.650468228,0,1780597017.6501083,503.166,16644.0,-0.38790160791730477,0.0,0.0,0.0,18.97692390940102,0.0,0.04974530543224931,-0.8334533955303028,0.0,0.0,-0.921875,-0.3671875,95.04887585532747,503.16,0.0,0.0,0.0,0.0,327.42,327.42,15.96875,3.9898639947466563e-16,1.28,-0.24,44.400000000000006,0.0,4.0,0.0
2026/06/04 15:16:57.670739279,0,1780597017.6701884,503.18600000000004,16644.0,-0.38790160791730477,0.0,0.0,0.0,18.823394552119723,0.0,0.041164821102981045,-0.41730460462121216,0.0,0.0234375,-0.9375,-0.328125,95.11241446725317,503.18,0.0,0.0,0.0,0.0,327.42,327.42,15.96875,3.9898639947466563e-16,1.28,-0.29,44.400000000000006,0.0,6.0,0.0
2026/06/04 15:16:57.690726704,0,1780597017.6901906,503.206,16644.0,-0.38790160791730477,0.0,0.0,0.0,18.813159261634308,0.0,0.04370795260298105,-0.43926801303030344,0.0,0.0078125,-0.921875,-0.359375,95.17595307917888,503.2,0.0,0.0,0.0,0.0,327.42,327.42,15.96875,3.9898639947466563e-16,1.28,-0.29,44.400000000000006,0.0,8.0,0.0
2026/06/04 15:16:57.710813718,0,1780597017.7101338,503.226,16644.0,-0.38790160791730477,0.0,0.0,0.0,18.871779561687166,0.0,0.04153698668834691,-0.5051582382575774,0.0,0.0078125,-0.9296875,-0.3671875,95.11241446725317,503.22,0.0,0.0,0.0,0.0,327.42,327.42,15.96875,3.9898639947466563e-16,1.28,-0.33,44.400000000000006,0.0,10.0,0.0
2026/06/04 15:16:57.730746808,0,1780597017.7301097,503.24600000000004,16644.0,-0.38790160791730477,0.0,0.0,0.0,18.852239461669544,0.0,0.03647139955420055,-0.4508277016666713,0.0,0.0078125,-0.921875,-0.34375,95.17595307917888,503.24,0.0,0.0,0.0,0.0,327.42,327.42,15.96875,3.9898639947466563e-16,1.28,-0.28,44.400000000000006,0.0,1.0,0.0
2026/06/04 15:16:57.750892375,0,1780597017.7501323,503.266,16644.0,-0.38790160791730477,0.0,0.0,0.0,18.922956014114266,0.0,0.055059002956639576,-0.6843334121212158,0.0,0.015625,-0.9296875,-0.34375,95.366568914956,503.26,0.0,0.0,0.0,0.0,327.42,327.42,15.96875,3.9898639947466563e-16,1.28,-0.38,44.400000000000006,0.0,3.0,0.0
2026/06/04 15:16:57.770843409,0,1780597017.770127,503.286,16644.0,-0.38790160791730477,0.0,0.0,0.0,18.866196675967842,0.0,0.040234407139566414,-0.5016903316666695,0.0,0.015625,-0.921875,-0.3671875,95.17595307917888,503.28000000000003,0.0,0.0,0.0,0.0,327.42,327.42,15.96875,3.9898639947466563e-16,1.28,-0.32,44.400000000000006,0.0,5.0,0.0
2026/06/04 15:16:57.790631541,0,1780597017.790086,503.306,16644.0,-0.38790160791730477,0.0,0.0,0.0,18.888528218845124,0.0,0.05051031246883473,-0.6762416300757558,1.0,0.0,-0.9296875,-0.34375,95.3030303030303,503.3,0.0,0.0,0.0,0.0,327.42,327.42,15.96875,3.9898639947466563e-16,1.28,-0.32,44.400000000000006,0.0,7.0,0.0
2026/06/04 15:16:57.810626378,0,1780597017.8101223,503.326,16644.0,-0.38790160791730477,0.0,0.0,0.0,18.961105733196288,0.0,0.06008323835907864,-0.9282428423484838,1.0,0.0234375,-0.921875,-0.3359375,95.23949169110459,503.32,0.0,0.0,0.0,0.0,327.42,327.42,15.96875,3.9898639947466563e-16,1.28,-0.28,44.400000000000006,0.0,9.0,0.0
2026/06/04 15:16:57.830609177,0,1780597017.8301806,503.346,16644.0,-0.38790160791730477,0.0,0.0,0.0,18.895972066470886,0.0,0.04190915227371278,-0.672773723484848,0.0,0.0,-0.9296875,-0.3671875,95.43010752688171,503.34000000000003,0.0,0.0,0.0,0.0,327.42,327.42,15.96875,3.9898639947466563e-16,1.28,-0.29,44.300000000000004,0.0,0.0,0.0
2026/06/04 15:16:57.850792970,0,1780597017.8501205,503.366,16644.0,-0.38790160791730477,0.0,0.0,0.0,18.805715414008542,0.0,0.04095806244444444,-0.4831948298484861,0.0,0.0234375,-0.921875,-0.34375,95.17595307917888,503.36,0.0,0.0,0.0,0.0,327.42,327.42,15.96875,3.9898639947466563e-16,1.28,-0.31,44.400000000000006,0.0,2.0,0.0
2026/06/04 15:16:57.871178625,0,1780597017.870119,503.386,16644.0,-0.38790160791730477,0.0,0.0,0.0,18.81036781877464,0.0,0.04310835249322496,-0.61613124916667,0.0,0.0,-0.9296875,-0.3671875,95.43010752688171,503.38,0.0,0.0,0.0,0.0,327.42,327.42,15.96875,3.9898639947466563e-16,1.28,-0.25,44.400000000000006,0.0,4.0,0.0
2026/06/04 15:16:57.890942784,0,1780597017.8900805,503.406,16644.0,-0.38790160791730477,0.0,0.0,0.0,18.888528218845124,0.0,0.04374930433468835,-0.6889572875757596,0.0,0.0234375,-0.9296875,-0.3515625,95.3030303030303,503.40000000000003,0.0,0.0,0.0,0.0,327.42,327.42,15.96875,3.9898639947466563e-16,1.28,-0.28,44.6,0.0,6.0,0.0
2026/06/04 15:16:57.910891118,0,1780597017.9101431,503.426,16644.0,-0.38790160791730477,0.0,0.0,0.0,18.904346395049867,0.0,0.040978738310298156,-0.6958931007575753,0.0,0.0078125,-0.921875,-0.3515625,95.04887585532747,503.42,0.0,0.0,0.0,0.0,327.42,327.42,15.96875,3.9898639947466563e-16,1.28,-0.27,44.5,0.0,8.0,0.0
