time,data
2026/06/04 15:15:44.103879685,0.0
2026/06/04 15:15:44.104020558,0.0
2026/06/04 15:15:44.110590651,0.0
2026/06/04 15:15:44.130580691,0.0
2026/06/04 15:15:44.150634613,0.0
2026/06/04 15:15:44.170507129,0.0
2026/06/04 15:15:44.190688618,0.0
2026/06/04 15:15:44.211014202,0.0
2026/06/04 15:15:44.230772118,0.0
2026/06/04 15:15:44.250966686,0.0
2026/06/04 15:15:44.270594176,0.0
2026/06/04 15:15:44.290493612,0.0
2026/06/04 15:15:44.310487736,0.0
2026/06/04 15:15:44.330710510,0.0
2026/06/04 15:15:44.350727731,0.0
2026/06/04 15:15:44.371221058,0.0
2026/06/04 15:15:44.390970683,0.0
2026/06/04 15:15:44.410619193,0.0
2026/06/04 15:15:44.430520085,0.0
2026/06/04 15:15:44.450721366,0.0
2026/06/04 15:15:44.470650081,0.0
2026/06/04 15:15:44.491162889,0.0
2026/06/04 15:15:44.511153450,0.0
2026/06/04 15:15:44.530748291,0.0
2026/06/04 15:15:44.550810036,0.0
2026/06/04 15:15:44.570441950,0.0
2026/06/04 15:15:44.590612383,0.0
2026/06/04 15:15:44.610776663,0.0
2026/06/04 15:15:44.630966143,0.0
2026/06/04 15:15:44.651067631,0.0
2026/06/04 15:15:44.671008694,0.0
2026/06/04 15:15:44.691255923,0.0
2026/06/04 15:15:44.710635169,0.0
2026/06/04 15:15:44.730456585,0.0
2026/06/04 15:15:44.750573582,0.0
2026/06/04 15:15:44.771126255,0.0
2026/06/04 15:15:44.790885306,0.0
2026/06/04 15:15:44.810901432,0.0
2026/06/04 15:15:44.830737208,0.0
2026/06/04 15:15:44.850604814,0.0
2026/06/04 15:15:44.870376331,0.0
2026/06/04 15:15:44.890685285,0.0
2026/06/04 15:15:44.910652248,0.0
2026/06/04 15:15:44.930737862,0.0
2026/06/04 15:15:44.951087060,0.0
2026/06/04 15:15:44.970986033,0.0
2026/06/04 15:15:44.990600682,0.0
2026/06/04 15:15:45.10547123,0.0
2026/06/04 15:15:45.30592153,0.0
2026/06/04 15:15:45.50468926,0.0
2026/06/04 15:15:45.70805532,0.0
2026/06/04 15:15:45.90822859,0.0
2026/06/04 15:15:45.110815323,0.0
2026/06/04 15:15:45.130737887,0.0
2026/06/04 15:15:45.150527290,0.0
2026/06/04 15:15:45.170393482,0.0
2026/06/04 15:15:45.190567797,0.0
2026/06/04 15:15:45.210717655,0.0
2026/06/04 15:15:45.230912766,0.0
2026/06/04 15:15:45.250906061,0.0
2026/06/04 15:15:45.270962739,0.0
2026/06/04 15:15:45.290738880,0.0
2026/06/04 15:15:45.310623856,0.0
2026/06/04 15:15:45.330517236,0.0
2026/06/04 15:15:45.350760643,0.0
2026/06/04 15:15:45.370851692,0.0
2026/06/04 15:15:45.390763800,0.0
2026/06/04 15:15:45.411087383,0.0
2026/06/04 15:15:45.430790497,0.0
2026/06/04 15:15:45.450641624,0.0
2026/06/04 15:15:45.470893059,0.0
2026/06/04 15:15:45.490760793,0.0
2026/06/04 15:15:45.511001786,0.0
2026/06/04 15:15:45.530533470,0.0
2026/06/04 15:15:45.551123800,0.0
2026/06/04 15:15:45.570744553,0.0
2026/06/04 15:15:45.590473773,0.0
2026/06/04 15:15:45.610463963,0.0
2026/06/04 15:15:45.630684500,0.0
2026/06/04 15:15:45.650936813,0.0
2026/06/04 15:15:45.670961749,0.0
2026/06/04 15:15:45.690874228,0.0
2026/06/04 15:15:45.711086039,0.0
2026/06/04 15:15:45.730476301,0.0
2026/06/04 15:15:45.750536603,0.0
2026/06/04 15:15:45.770556959,0.0
2026/06/04 15:15:45.790957517,0.0
2026/06/04 15:15:45.810801111,0.0
2026/06/04 15:15:45.830666924,0.0
2026/06/04 15:15:45.850741072,0.0
2026/06/04 15:15:45.870720382,0.0
2026/06/04 15:15:45.890554430,0.0
2026/06/04 15:15:45.910506152,0.0
2026/06/04 15:15:45.930930373,0.0
2026/06/04 15:15:45.950958339,0.0
2026/06/04 15:15:45.971088120,0.0
2026/06/04 15:15:45.991035716,0.0
2026/06/04 15:15:46.10700398,0.0
2026/06/04 15:15:46.30641797,0.0
2026/06/04 15:15:46.50675362,0.0
2026/06/04 15:15:46.70735020,0.0
2026/06/04 15:15:46.90963054,0.0
2026/06/04 15:15:46.111247610,0.0
2026/06/04 15:15:46.130724616,0.0
2026/06/04 15:15:46.150959720,0.0
2026/06/04 15:15:46.170378075,0.0
2026/06/04 15:15:46.190739660,0.0
2026/06/04 15:15:46.210586658,0.0
2026/06/04 15:15:46.231200028,0.0
2026/06/04 15:15:46.251201297,0.0
2026/06/04 15:15:46.271120640,0.0
2026/06/04 15:15:46.291279322,0.0
2026/06/04 15:15:46.310723974,0.0
2026/06/04 15:15:46.330440833,0.0
2026/06/04 15:15:46.350562749,0.0
2026/06/04 15:15:46.370976070,0.0
2026/06/04 15:15:46.390956701,0.0
2026/06/04 15:15:46.410734102,0.0
2026/06/04 15:15:46.430973212,0.0
2026/06/04 15:15:46.450798678,0.0
2026/06/04 15:15:46.470671391,0.0
2026/06/04 15:15:46.490534560,0.0
2026/06/04 15:15:46.511231953,0.0
2026/06/04 15:15:46.531321824,0.0
2026/06/04 15:15:46.551181782,0.0
2026/06/04 15:15:46.571022324,0.0
2026/06/04 15:15:46.590832014,0.0
2026/06/04 15:15:46.610508364,0.0
2026/06/04 15:15:46.630511633,0.0
2026/06/04 15:15:46.650851788,0.0
2026/06/04 15:15:46.671078277,0.0
2026/06/04 15:15:46.690976816,0.0
2026/06/04 15:15:46.711268963,0.0
2026/06/04 15:15:46.730839532,0.0
2026/06/04 15:15:46.750737427,0.0
2026/06/04 15:15:46.770587257,0.0
2026/06/04 15:15:46.790860957,0.0
2026/06/04 15:15:46.810985726,0.0
2026/06/04 15:15:46.831127649,0.0
2026/06/04 15:15:46.850881279,0.0
2026/06/04 15:15:46.870964750,0.0
2026/06/04 15:15:46.890615222,0.0
2026/06/04 15:15:46.910591280,0.0
2026/06/04 15:15:46.930498347,0.0
2026/06/04 15:15:46.950841404,0.0
2026/06/04 15:15:46.970887409,0.0
2026/06/04 15:15:46.991087063,0.0
2026/06/04 15:15:47.11247171,0.0
2026/06/04 15:15:47.30646925,0.0
2026/06/04 15:15:47.50426755,0.0
2026/06/04 15:15:47.70733564,0.0
2026/06/04 15:15:47.91113842,0.0
2026/06/04 15:15:47.111009072,0.0
2026/06/04 15:15:47.130561663,0.0
2026/06/04 15:15:47.151011151,0.0
2026/06/04 15:15:47.170771989,0.0
2026/06/04 15:15:47.190505988,0.0
2026/06/04 15:15:47.210513638,0.0
2026/06/04 15:15:47.230678467,0.0
2026/06/04 15:15:47.251039381,0.0
2026/06/04 15:15:47.270856465,0.0
2026/06/04 15:15:47.290894214,0.0
2026/06/04 15:15:47.310664775,0.0
2026/06/04 15:15:47.330541385,0.0
2026/06/04 15:15:47.350474378,0.0
2026/06/04 15:15:47.370676024,0.0
2026/06/04 15:15:47.390908770,0.0
2026/06/04 15:15:47.411144446,0.0
2026/06/04 15:15:47.430835841,0.0
2026/06/04 15:15:47.450885846,0.0
2026/06/04 15:15:47.470691082,0.0
2026/06/04 15:15:47.490648219,0.0
2026/06/04 15:15:47.510600152,0.0
2026/06/04 15:15:47.530866116,0.0
2026/06/04 15:15:47.551528974,0.0
2026/06/04 15:15:47.571172620,0.0
2026/06/04 15:15:47.591458080,0.0
2026/06/04 15:15:47.610643101,0.0
2026/06/04 15:15:47.630564896,0.0
2026/06/04 15:15:47.650772845,0.0
2026/06/04 15:15:47.670982830,0.0
2026/06/04 15:15:47.691230802,0.0
2026/06/04 15:15:47.711364946,0.0
2026/06/04 15:15:47.730838110,0.0
2026/06/04 15:15:47.751088217,0.0
2026/06/04 15:15:47.770522681,0.0
2026/06/04 15:15:47.790586009,0.0
2026/06/04 15:15:47.810567074,0.0
2026/06/04 15:15:47.830807812,0.0
2026/06/04 15:15:47.850824470,0.0
2026/06/04 15:15:47.871221945,0.0
2026/06/04 15:15:47.890999260,0.0
2026/06/04 15:15:47.910624433,0.0
2026/06/04 15:15:47.930507968,0.0
2026/06/04 15:15:47.950553955,0.0
2026/06/04 15:15:47.970838809,0.0
2026/06/04 15:15:47.990930395,0.0
2026/06/04 15:15:48.11531393,0.0
2026/06/04 15:15:48.31019846,0.0
2026/06/04 15:15:48.50736128,0.0
2026/06/04 15:15:48.70428270,0.0
2026/06/04 15:15:48.90612888,0.0
2026/06/04 15:15:48.110827771,0.0
2026/06/04 15:15:48.130592677,0.0
2026/06/04 15:15:48.150657399,0.0
2026/06/04 15:15:48.170792407,0.0
2026/06/04 15:15:48.190604076,0.0
2026/06/04 15:15:48.210469737,0.0
2026/06/04 15:15:48.230458618,0.0
2026/06/04 15:15:48.250549364,0.0
2026/06/04 15:15:48.270912041,0.0
2026/06/04 15:15:48.290716910,0.0
2026/06/04 15:15:48.310680285,0.0
2026/06/04 15:15:48.330641565,0.0
2026/06/04 15:15:48.350535285,0.0
2026/06/04 15:15:48.370509060,0.0
2026/06/04 15:15:48.390756302,0.0
2026/06/04 15:15:48.410708693,0.0
2026/06/04 15:15:48.430488896,0.0
2026/06/04 15:15:48.450555693,0.0
2026/06/04 15:15:48.470896992,0.0
2026/06/04 15:15:48.490433363,0.0
2026/06/04 15:15:48.510582888,0.0
2026/06/04 15:15:48.530762306,0.0
2026/06/04 15:15:48.551028273,0.0
2026/06/04 15:15:48.570783572,0.0
2026/06/04 15:15:48.590838399,0.0
2026/06/04 15:15:48.611148786,0.0
2026/06/04 15:15:48.630763902,0.0
2026/06/04 15:15:48.650369398,0.0
2026/06/04 15:15:48.670586418,0.0
2026/06/04 15:15:48.691325893,0.0
2026/06/04 15:15:48.711260146,0.0
2026/06/04 15:15:48.730907749,0.0
2026/06/04 15:15:48.750857416,0.0
2026/06/04 15:15:48.770763226,0.0
2026/06/04 15:15:48.790713353,0.0
2026/06/04 15:15:48.810481128,0.0
2026/06/04 15:15:48.830692539,0.0
2026/06/04 15:15:48.850965769,0.0
2026/06/04 15:15:48.870881656,0.0
2026/06/04 15:15:48.890872915,0.0
2026/06/04 15:15:48.910774657,0.0
2026/06/04 15:15:48.930538980,0.0
2026/06/04 15:15:48.950528760,0.0
2026/06/04 15:15:48.970507332,0.0
2026/06/04 15:15:48.991320909,0.0
2026/06/04 15:15:49.11128509,0.0
2026/06/04 15:15:49.30497956,0.0
2026/06/04 15:15:49.50826420,0.0
2026/06/04 15:15:49.70680965,0.0
2026/06/04 15:15:49.90554231,0.0
2026/06/04 15:15:49.110478619,0.0
2026/06/04 15:15:49.130558674,0.0
2026/06/04 15:15:49.150974706,0.0
2026/06/04 15:15:49.171213948,0.0
2026/06/04 15:15:49.190774213,0.0
2026/06/04 15:15:49.210585630,0.0
2026/06/04 15:15:49.230544791,0.0
2026/06/04 15:15:49.250797545,0.0
2026/06/04 15:15:49.270801851,0.0
2026/06/04 15:15:49.291291096,0.0
2026/06/04 15:15:49.310853474,0.0
2026/06/04 15:15:49.330712943,0.0
2026/06/04 15:15:49.350629908,0.0
2026/06/04 15:15:49.370431200,0.0
2026/06/04 15:15:49.390754963,0.0
2026/06/04 15:15:49.410652698,0.0
2026/06/04 15:15:49.430807285,0.0
2026/06/04 15:15:49.451296902,0.0
2026/06/04 15:15:49.470875667,0.0
2026/06/04 15:15:49.490835874,0.0
2026/06/04 15:15:49.510557673,0.0
2026/06/04 15:15:49.530806466,0.0
2026/06/04 15:15:49.550540031,0.0
2026/06/04 15:15:49.570652343,0.0
2026/06/04 15:15:49.591034122,0.0
2026/06/04 15:15:49.611081567,0.0
2026/06/04 15:15:49.630665748,0.0
2026/06/04 15:15:49.650523203,0.0
2026/06/04 15:15:49.670578145,0.0
2026/06/04 15:15:49.690996728,0.0
2026/06/04 15:15:49.711110734,0.0
2026/06/04 15:15:49.730588008,0.0
2026/06/04 15:15:49.750824800,0.0
2026/06/04 15:15:49.770803244,0.0
2026/06/04 15:15:49.790592514,0.0
2026/06/04 15:15:49.810463043,0.0
2026/06/04 15:15:49.830649483,0.0
2026/06/04 15:15:49.850521035,0.0
2026/06/04 15:15:49.870789795,0.0
2026/06/04 15:15:49.891536963,0.0
2026/06/04 15:15:49.911298999,0.0
2026/06/04 15:15:49.930683949,0.0
2026/06/04 15:15:49.950434084,0.0
2026/06/04 15:15:49.970573176,0.0
2026/06/04 15:15:49.990581679,0.0
2026/06/04 15:15:50.10914149,0.0
2026/06/04 15:15:50.31200851,0.0
2026/06/04 15:15:50.50994114,0.0
2026/06/04 15:15:50.70907682,0.0
2026/06/04 15:15:50.90563600,0.0
2026/06/04 15:15:50.110404247,0.0
2026/06/04 15:15:50.130457526,0.0
2026/06/04 15:15:50.151161577,0.0
2026/06/04 15:15:50.170926843,0.0
2026/06/04 15:15:50.191399453,0.0
2026/06/04 15:15:50.210839361,0.0
2026/06/04 15:15:50.230902150,0.0
2026/06/04 15:15:50.250503117,0.0
2026/06/04 15:15:50.270773168,0.0
2026/06/04 15:15:50.290721901,0.0
2026/06/04 15:15:50.310768112,0.0
2026/06/04 15:15:50.330537621,0.0
2026/06/04 15:15:50.350872589,0.0
2026/06/04 15:15:50.370644750,0.0
2026/06/04 15:15:50.390813000,0.0
2026/06/04 15:15:50.410478815,0.0
2026/06/04 15:15:50.430499428,0.0
2026/06/04 15:15:50.450692025,0.0
2026/06/04 15:15:50.470942348,0.0
2026/06/04 15:15:50.490939065,0.0
2026/06/04 15:15:50.511149540,0.0
2026/06/04 15:15:50.530530270,0.0
2026/06/04 15:15:50.550611541,0.0
2026/06/04 15:15:50.570570936,0.0
2026/06/04 15:15:50.590712424,0.0
2026/06/04 15:15:50.610682437,0.0
2026/06/04 15:15:50.630912764,0.0
2026/06/04 15:15:50.650815282,0.0
2026/06/04 15:15:50.670563124,0.0
2026/06/04 15:15:50.690472274,0.0
2026/06/04 15:15:50.710915425,0.0
2026/06/04 15:15:50.730499078,0.0
2026/06/04 15:15:50.750706084,0.0
2026/06/04 15:15:50.770809579,0.0
2026/06/04 15:15:50.791129397,0.0
2026/06/04 15:15:50.811062746,0.0
2026/06/04 15:15:50.830747545,0.0
2026/06/04 15:15:50.850678623,0.0
2026/06/04 15:15:50.870683788,0.0
2026/06/04 15:15:50.890607380,0.0
2026/06/04 15:15:50.911051034,0.0
2026/06/04 15:15:50.930820067,0.0
2026/06/04 15:15:50.950803218,0.0
2026/06/04 15:15:50.970892353,0.0
2026/06/04 15:15:50.990391845,0.0
2026/06/04 15:15:51.10575173,0.0
2026/06/04 15:15:51.30907365,0.0
2026/06/04 15:15:51.50938955,0.0
2026/06/04 15:15:51.70863167,0.0
2026/06/04 15:15:51.90885283,0.0
2026/06/04 15:15:51.111077334,0.0
2026/06/04 15:15:51.130683168,0.0
2026/06/04 15:15:51.150564337,0.0
2026/06/04 15:15:51.170830822,0.0
2026/06/04 15:15:51.191179608,0.0
2026/06/04 15:15:51.210587282,0.0
2026/06/04 15:15:51.231209987,0.0
2026/06/04 15:15:51.251077949,0.0
2026/06/04 15:15:51.270583205,0.0
2026/06/04 15:15:51.290650860,0.0
2026/06/04 15:15:51.310582717,0.0
2026/06/04 15:15:51.330889000,0.0
2026/06/04 15:15:51.350821853,0.0
2026/06/04 15:15:51.371165412,0.0
2026/06/04 15:15:51.391300837,0.0
2026/06/04 15:15:51.410810961,0.0
2026/06/04 15:15:51.430663433,0.0
2026/06/04 15:15:51.450613886,0.0
2026/06/04 15:15:51.470765188,0.0
2026/06/04 15:15:51.491194490,0.0
2026/06/04 15:15:51.511000302,0.0
2026/06/04 15:15:51.530963587,0.0
2026/06/04 15:15:51.550957030,0.0
2026/06/04 15:15:51.570632503,0.0
2026/06/04 15:15:51.590690357,0.0
2026/06/04 15:15:51.610682147,0.0
2026/06/04 15:15:51.630869205,0.0
2026/06/04 15:15:51.651280931,0.0
2026/06/04 15:15:51.671064037,0.0
2026/06/04 15:15:51.691297386,0.0
2026/06/04 15:15:51.710668580,0.0
2026/06/04 15:15:51.730551758,0.0
2026/06/04 15:15:51.750682722,0.0
2026/06/04 15:15:51.770798150,0.0
2026/06/04 15:15:51.790913104,0.0
2026/06/04 15:15:51.811011468,0.0
2026/06/04 15:15:51.830752427,0.0
2026/06/04 15:15:51.850799846,0.0
2026/06/04 15:15:51.870555921,0.0
2026/06/04 15:15:51.890495073,0.0
2026/06/04 15:15:51.910706874,0.0
2026/06/04 15:15:51.930947513,0.0
2026/06/04 15:15:51.950684994,0.0
2026/06/04 15:15:51.971030980,0.0
2026/06/04 15:15:51.990673590,0.0
2026/06/04 15:15:52.10524019,0.0
2026/06/04 15:15:52.30574525,0.0
2026/06/04 15:15:52.50613231,0.0
2026/06/04 15:15:52.71145564,0.0
2026/06/04 15:15:52.91231729,0.0
2026/06/04 15:15:52.110962699,0.0
2026/06/04 15:15:52.130585591,0.0
2026/06/04 15:15:52.150514843,0.0
2026/06/04 15:15:52.170828403,0.0
2026/06/04 15:15:52.190878955,0.0
2026/06/04 15:15:52.210823270,0.0
2026/06/04 15:15:52.230913031,0.0
2026/06/04 15:15:52.251522604,0.0
2026/06/04 15:15:52.271179029,0.0
2026/06/04 15:15:52.290647293,0.0
2026/06/04 15:15:52.310621701,0.0
2026/06/04 15:15:52.330562989,0.0
2026/06/04 15:15:52.351097958,0.0
2026/06/04 15:15:52.370791115,0.0
2026/06/04 15:15:52.390935744,0.0
2026/06/04 15:15:52.410925271,0.0
2026/06/04 15:15:52.430681340,0.0
2026/06/04 15:15:52.450480036,0.0
2026/06/04 15:15:52.470531398,0.0
2026/06/04 15:15:52.490805148,0.0
2026/06/04 15:15:52.510912222,0.0
2026/06/04 15:15:52.531083215,0.0
2026/06/04 15:15:52.550818269,0.0
2026/06/04 15:15:52.570717400,0.0
2026/06/04 15:15:52.590564142,0.0
2026/06/04 15:15:52.610540371,0.0
2026/06/04 15:15:52.630619640,0.0
2026/06/04 15:15:52.650739018,0.0
2026/06/04 15:15:52.670780178,0.0
2026/06/04 15:15:52.690818912,0.0
2026/06/04 15:15:52.710900487,0.0
2026/06/04 15:15:52.730540255,0.0
2026/06/04 15:15:52.750580509,0.0
2026/06/04 15:15:52.770922491,0.0
2026/06/04 15:15:52.790905023,0.0
2026/06/04 15:15:52.811340007,0.0
2026/06/04 15:15:52.831238186,0.0
2026/06/04 15:15:52.851021585,0.0
2026/06/04 15:15:52.870565881,0.0
2026/06/04 15:15:52.890500323,0.0
2026/06/04 15:15:52.910507740,0.0
2026/06/04 15:15:52.930571088,0.0
2026/06/04 15:15:52.950856819,0.0
2026/06/04 15:15:52.970859462,0.0
2026/06/04 15:15:52.991131432,0.0
2026/06/04 15:15:53.10673624,0.0
2026/06/04 15:15:53.30499607,0.0
2026/06/04 15:15:53.50721958,0.0
2026/06/04 15:15:53.70625168,0.0
2026/06/04 15:15:53.90894421,0.0
2026/06/04 15:15:53.110864019,0.0
2026/06/04 15:15:53.130742190,0.0
2026/06/04 15:15:53.150620548,0.0
2026/06/04 15:15:53.170464819,0.0
2026/06/04 15:15:53.190760614,0.0
2026/06/04 15:15:53.210875459,0.0
2026/06/04 15:15:53.230579954,0.0
2026/06/04 15:15:53.251163352,0.0
2026/06/04 15:15:53.271108415,0.0
2026/06/04 15:15:53.290995422,0.0
2026/06/04 15:15:53.310585656,0.0
2026/06/04 15:15:53.330574910,0.0
2026/06/04 15:15:53.350561074,0.0
2026/06/04 15:15:53.371290222,0.0
2026/06/04 15:15:53.391115858,0.0
2026/06/04 15:15:53.410913952,0.0
2026/06/04 15:15:53.431069549,0.0
2026/06/04 15:15:53.450553630,0.0
2026/06/04 15:15:53.470587629,0.0
2026/06/04 15:15:53.490438566,0.0
2026/06/04 15:15:53.510620605,0.0
2026/06/04 15:15:53.530872667,0.0
2026/06/04 15:15:53.551030530,0.0
2026/06/04 15:15:53.570970948,0.0
2026/06/04 15:15:53.590613374,0.0
2026/06/04 15:15:53.610549979,0.0
2026/06/04 15:15:53.630747486,0.0
2026/06/04 15:15:53.650695577,0.0
2026/06/04 15:15:53.670606804,0.0
2026/06/04 15:15:53.691133709,0.0
2026/06/04 15:15:53.711355213,0.0
2026/06/04 15:15:53.730828652,0.0
2026/06/04 15:15:53.750530257,0.0
2026/06/04 15:15:53.770560299,0.0
2026/06/04 15:15:53.790669850,0.0
2026/06/04 15:15:53.810817084,0.0
2026/06/04 15:15:53.830687571,0.0
2026/06/04 15:15:53.850931705,0.0
2026/06/04 15:15:53.870687225,0.0
2026/06/04 15:15:53.890508112,0.0
2026/06/04 15:15:53.910486947,0.0
2026/06/04 15:15:53.930598944,0.0
2026/06/04 15:15:53.950977450,0.0
2026/06/04 15:15:53.970951536,0.0
2026/06/04 15:15:53.990933367,0.0
2026/06/04 15:15:54.11195370,0.0
2026/06/04 15:15:54.30691105,0.0
2026/06/04 15:15:54.50577807,0.0
2026/06/04 15:15:54.70603980,0.0
2026/06/04 15:15:54.90819657,0.0
2026/06/04 15:15:54.110854191,0.0
2026/06/04 15:15:54.130633770,0.0
2026/06/04 15:15:54.150863001,0.0
2026/06/04 15:15:54.170933546,0.0
2026/06/04 15:15:54.190572581,0.0
2026/06/04 15:15:54.210630617,0.0
2026/06/04 15:15:54.230768963,0.0
2026/06/04 15:15:54.250942986,0.0
2026/06/04 15:15:54.271076380,0.0
2026/06/04 15:15:54.290818779,0.0
2026/06/04 15:15:54.311097687,0.0
2026/06/04 15:15:54.330539840,0.0
2026/06/04 15:15:54.350449298,0.0
2026/06/04 15:15:54.370493504,0.0
2026/06/04 15:15:54.391163006,0.0
2026/06/04 15:15:54.410906924,0.0
2026/06/04 15:15:54.430673037,0.0
2026/06/04 15:15:54.450670845,0.0
2026/06/04 15:15:54.470607555,0.0
2026/06/04 15:15:54.490477835,0.0
2026/06/04 15:15:54.510816327,0.0
2026/06/04 15:15:54.531006885,0.0
2026/06/04 15:15:54.550799677,0.0
2026/06/04 15:15:54.570631865,0.0
2026/06/04 15:15:54.590897032,0.0
2026/06/04 15:15:54.610759847,0.0
2026/06/04 15:15:54.630421317,0.0
2026/06/04 15:15:54.650507525,0.0
2026/06/04 15:15:54.670805590,0.0
2026/06/04 15:15:54.690640121,0.0
2026/06/04 15:15:54.710799076,0.0
2026/06/04 15:15:54.730842509,0.0
2026/06/04 15:15:54.750621557,0.0
2026/06/04 15:15:54.770419544,0.0
2026/06/04 15:15:54.790699648,0.0
2026/06/04 15:15:54.810813661,0.0
2026/06/04 15:15:54.830816350,0.0
2026/06/04 15:15:54.850685995,0.0
2026/06/04 15:15:54.870882020,0.0
2026/06/04 15:15:54.890685521,0.0
2026/06/04 15:15:54.910795076,0.0
2026/06/04 15:15:54.930400327,0.0
2026/06/04 15:15:54.950554175,0.0
2026/06/04 15:15:54.970915790,0.0
2026/06/04 15:15:54.991202790,0.0
2026/06/04 15:15:55.11241455,0.0
2026/06/04 15:15:55.30848666,0.0
2026/06/04 15:15:55.50576300,0.0
2026/06/04 15:15:55.70773293,0.0
2026/06/04 15:15:55.90799927,0.0
2026/06/04 15:15:55.110953791,0.0
2026/06/04 15:15:55.130660133,0.0
2026/06/04 15:15:55.151264734,0.0
2026/06/04 15:15:55.171095376,0.0
2026/06/04 15:15:55.190711739,0.0
2026/06/04 15:15:55.210691468,0.0
2026/06/04 15:15:55.230751571,0.0
2026/06/04 15:15:55.250555520,0.0
2026/06/04 15:15:55.271090535,0.0
2026/06/04 15:15:55.291312870,0.0
2026/06/04 15:15:55.310726140,0.0
2026/06/04 15:15:55.330718339,0.0
2026/06/04 15:15:55.350470117,0.0
2026/06/04 15:15:55.370843479,0.0
2026/06/04 15:15:55.390998602,0.0
2026/06/04 15:15:55.411307912,0.0
2026/06/04 15:15:55.431100086,0.0
2026/06/04 15:15:55.451170722,0.0
2026/06/04 15:15:55.470886460,0.0
2026/06/04 15:15:55.490595397,0.0
2026/06/04 15:15:55.510469903,0.0
2026/06/04 15:15:55.530474390,0.0
2026/06/04 15:15:55.551234560,0.0
2026/06/04 15:15:55.571294695,0.0
2026/06/04 15:15:55.591232773,0.0
2026/06/04 15:15:55.610975603,0.0
2026/06/04 15:15:55.630728879,0.0
2026/06/04 15:15:55.650464636,0.0
2026/06/04 15:15:55.670450124,0.0
2026/06/04 15:15:55.691096504,0.0
2026/06/04 15:15:55.711003817,0.0
2026/06/04 15:15:55.731169349,0.0
2026/06/04 15:15:55.750885820,0.0
2026/06/04 15:15:55.770787044,0.0
2026/06/04 15:15:55.790694068,0.0
2026/06/04 15:15:55.810627650,0.0
2026/06/04 15:15:55.830802029,0.0
2026/06/04 15:15:55.850904071,0.0
2026/06/04 15:15:55.871124705,0.0
2026/06/04 15:15:55.890937782,0.0
2026/06/04 15:15:55.910777026,0.0
2026/06/04 15:15:55.930542084,0.0
2026/06/04 15:15:55.950477008,0.0
2026/06/04 15:15:55.970690344,0.0
2026/06/04 15:15:55.991014397,0.0
2026/06/04 15:15:56.10829421,0.0
2026/06/04 15:15:56.30651509,0.0
2026/06/04 15:15:56.50853216,0.0
2026/06/04 15:15:56.70652604,0.0
2026/06/04 15:15:56.90386412,0.0
2026/06/04 15:15:56.110621621,0.0
2026/06/04 15:15:56.130645748,0.0
2026/06/04 15:15:56.150665180,0.0
2026/06/04 15:15:56.170780913,0.0
2026/06/04 15:15:56.190855040,0.0
2026/06/04 15:15:56.210893533,0.0
2026/06/04 15:15:56.230520824,0.0
2026/06/04 15:15:56.250577267,0.0
2026/06/04 15:15:56.271398854,0.0
2026/06/04 15:15:56.291368007,0.0
2026/06/04 15:15:56.310992974,0.0
2026/06/04 15:15:56.330941338,0.0
2026/06/04 15:15:56.350596329,0.0
2026/06/04 15:15:56.370747082,0.0
2026/06/04 15:15:56.390560539,0.0
2026/06/04 15:15:56.411194928,0.0
2026/06/04 15:15:56.430746183,0.0
2026/06/04 15:15:56.450863614,0.0
2026/06/04 15:15:56.470905510,0.0
2026/06/04 15:15:56.490910626,0.0
2026/06/04 15:15:56.510660548,0.0
2026/06/04 15:15:56.530726175,0.0
2026/06/04 15:15:56.550944199,0.0
2026/06/04 15:15:56.570965045,0.0
2026/06/04 15:15:56.590827796,0.0
2026/06/04 15:15:56.610906128,0.0
2026/06/04 15:15:56.630583596,0.0
2026/06/04 15:15:56.650666687,0.0
2026/06/04 15:15:56.670678136,0.0
2026/06/04 15:15:56.690631140,0.0
2026/06/04 15:15:56.710573658,0.0
2026/06/04 15:15:56.731134603,0.0
2026/06/04 15:15:56.750810032,0.0
2026/06/04 15:15:56.770877185,0.0
2026/06/04 15:15:56.790423908,0.0
2026/06/04 15:15:56.810874557,0.0
2026/06/04 15:15:56.830687437,0.0
2026/06/04 15:15:56.851129438,0.0
2026/06/04 15:15:56.871007247,0.0
2026/06/04 15:15:56.891385027,0.0
2026/06/04 15:15:56.910831364,0.0
2026/06/04 15:15:56.930774614,0.0
2026/06/04 15:15:56.950690732,0.0
2026/06/04 15:15:56.970513720,0.0
2026/06/04 15:15:56.991036479,0.0
2026/06/04 15:15:57.11243195,0.0
2026/06/04 15:15:57.30976353,0.0
2026/06/04 15:15:57.50935861,0.0
2026/06/04 15:15:57.70875157,0.0
2026/06/04 15:15:57.90675819,0.0
2026/06/04 15:15:57.110838256,0.0
2026/06/04 15:15:57.130601937,0.0
2026/06/04 15:15:57.150706735,0.0
2026/06/04 15:15:57.171130545,0.0
2026/06/04 15:15:57.191152791,0.0
2026/06/04 15:15:57.210803714,0.0
2026/06/04 15:15:57.230582133,0.0
2026/06/04 15:15:57.250506146,0.0
2026/06/04 15:15:57.270483024,0.0
2026/06/04 15:15:57.291369142,0.0
2026/06/04 15:15:57.311140368,0.0
2026/06/04 15:15:57.330716729,0.0
2026/06/04 15:15:57.350753039,0.0
2026/06/04 15:15:57.370541627,0.0
2026/06/04 15:15:57.390575277,0.0
2026/06/04 15:15:57.410524663,0.0
2026/06/04 15:15:57.430599498,0.0
2026/06/04 15:15:57.450960307,0.0
2026/06/04 15:15:57.470973079,0.0
2026/06/04 15:15:57.491112448,0.0
2026/06/04 15:15:57.510630932,0.0
2026/06/04 15:15:57.530568919,0.0
2026/06/04 15:15:57.550667428,0.0
2026/06/04 15:15:57.570775377,0.0
2026/06/04 15:15:57.591128172,0.0
2026/06/04 15:15:57.610839375,0.0
2026/06/04 15:15:57.631179802,0.0
2026/06/04 15:15:57.650869228,0.0
2026/06/04 15:15:57.670408954,0.0
2026/06/04 15:15:57.690816241,0.0
2026/06/04 15:15:57.710780895,0.0
2026/06/04 15:15:57.730621434,0.0
2026/06/04 15:15:57.751255520,0.0
2026/06/04 15:15:57.771101668,0.0
2026/06/04 15:15:57.790945852,0.0
2026/06/04 15:15:57.810603171,0.0
2026/06/04 15:15:57.830544597,0.0
2026/06/04 15:15:57.850734211,0.0
2026/06/04 15:15:57.870796383,0.0
2026/06/04 15:15:57.891089559,0.0
2026/06/04 15:15:57.910996664,0.0
2026/06/04 15:15:57.930927943,0.0
2026/06/04 15:15:57.950514897,0.0
2026/06/04 15:15:57.970614752,0.0
2026/06/04 15:15:57.990448306,0.0
2026/06/04 15:15:58.10960998,0.0
2026/06/04 15:15:58.30665418,0.0
2026/06/04 15:15:58.50903342,0.0
2026/06/04 15:15:58.70893699,0.0
2026/06/04 15:15:58.90604413,0.0
2026/06/04 15:15:58.110461468,0.0
2026/06/04 15:15:58.130712059,0.0
2026/06/04 15:15:58.150474844,0.0
2026/06/04 15:15:58.170856223,0.0
2026/06/04 15:15:58.190994905,0.0
2026/06/04 15:15:58.211113123,0.0
2026/06/04 15:15:58.230939653,0.0
2026/06/04 15:15:58.250694981,0.0
2026/06/04 15:15:58.270727916,0.0
2026/06/04 15:15:58.290664317,0.0
2026/06/04 15:15:58.311481997,0.0
2026/06/04 15:15:58.330891790,0.0
2026/06/04 15:15:58.350762445,0.0
2026/06/04 15:15:58.370707730,0.0
2026/06/04 15:15:58.390687991,0.0
2026/06/04 15:15:58.410380213,0.0
2026/06/04 15:15:58.430674154,0.0
2026/06/04 15:15:58.450793987,0.0
2026/06/04 15:15:58.470871422,0.0
2026/06/04 15:15:58.490747876,0.0
2026/06/04 15:15:58.510795208,0.0
2026/06/04 15:15:58.530648921,0.0
2026/06/04 15:15:58.550742214,0.0
2026/06/04 15:15:58.570798397,0.0
2026/06/04 15:15:58.590787058,0.0
2026/06/04 15:15:58.610808039,0.0
2026/06/04 15:15:58.630708730,0.0
2026/06/04 15:15:58.650914888,0.0
2026/06/04 15:15:58.670630946,0.0
2026/06/04 15:15:58.690439487,0.0
2026/06/04 15:15:58.710631472,0.0
2026/06/04 15:15:58.730493145,0.0
2026/06/04 15:15:58.750763141,0.0
2026/06/04 15:15:58.770735793,0.0
2026/06/04 15:15:58.790789446,0.0
2026/06/04 15:15:58.810882042,0.0
2026/06/04 15:15:58.830446271,0.0
2026/06/04 15:15:58.850581133,0.0
2026/06/04 15:15:58.870463216,0.0
2026/06/04 15:15:58.890702640,0.0
2026/06/04 15:15:58.910823408,0.0
2026/06/04 15:15:58.930781202,0.0
2026/06/04 15:15:58.951316206,0.0
2026/06/04 15:15:58.970706398,0.0
2026/06/04 15:15:58.990552181,0.0
2026/06/04 15:15:59.10439586,0.0
2026/06/04 15:15:59.30540959,0.0
2026/06/04 15:15:59.50964296,0.0
2026/06/04 15:15:59.70898341,0.0
2026/06/04 15:15:59.91100039,0.0
2026/06/04 15:15:59.110760109,0.0
2026/06/04 15:15:59.130706306,0.0
2026/06/04 15:15:59.150597584,0.0
2026/06/04 15:15:59.170958632,0.0
2026/06/04 15:15:59.190844738,0.0
2026/06/04 15:15:59.211184227,0.0
2026/06/04 15:15:59.230532945,0.0
2026/06/04 15:15:59.250672228,0.0
2026/06/04 15:15:59.270535566,0.0
2026/06/04 15:15:59.290697316,0.0
2026/06/04 15:15:59.310443552,0.0
2026/06/04 15:15:59.331010796,0.0
2026/06/04 15:15:59.350834310,0.0
2026/06/04 15:15:59.370888726,0.0
2026/06/04 15:15:59.390993728,0.0
2026/06/04 15:15:59.410538286,0.0
2026/06/04 15:15:59.430517616,0.0
2026/06/04 15:15:59.450556551,0.0
2026/06/04 15:15:59.470842166,0.0
2026/06/04 15:15:59.490941533,0.0
2026/06/04 15:15:59.511244107,0.0
2026/06/04 15:15:59.530690419,0.0
2026/06/04 15:15:59.550749023,0.0
2026/06/04 15:15:59.570675451,0.0
2026/06/04 15:15:59.590521890,0.0
2026/06/04 15:15:59.610774480,0.0
2026/06/04 15:15:59.630567834,0.0
2026/06/04 15:15:59.650954842,0.0
2026/06/04 15:15:59.671077007,0.0
2026/06/04 15:15:59.690678143,0.0
2026/06/04 15:15:59.710520269,0.0
2026/06/04 15:15:59.730502160,0.0
2026/06/04 15:15:59.750562094,0.0
2026/06/04 15:15:59.771180588,0.0
2026/06/04 15:15:59.791408131,0.0
2026/06/04 15:15:59.810677088,0.0
2026/06/04 15:15:59.830648078,0.0
2026/06/04 15:15:59.850747141,0.0
2026/06/04 15:15:59.870650675,0.0
2026/06/04 15:15:59.890668913,0.0
2026/06/04 15:15:59.911024080,0.0
2026/06/04 15:15:59.930955356,0.0
2026/06/04 15:15:59.950859121,0.0
2026/06/04 15:15:59.970642835,0.0
2026/06/04 15:15:59.990670079,0.0
2026/06/04 15:16:00.10487451,0.0
2026/06/04 15:16:00.30525412,0.0
2026/06/04 15:16:00.50868363,0.0
2026/06/04 15:16:00.71080753,0.0
2026/06/04 15:16:00.91404162,0.0
2026/06/04 15:16:00.110746855,0.0
2026/06/04 15:16:00.130562415,0.0
2026/06/04 15:16:00.150499959,0.0
2026/06/04 15:16:00.170838895,0.0
2026/06/04 15:16:00.190854471,0.0
2026/06/04 15:16:00.210684378,0.0
2026/06/04 15:16:00.230980783,0.0
2026/06/04 15:16:00.251196974,0.0
2026/06/04 15:16:00.270828960,0.0
2026/06/04 15:16:00.290753327,0.0
2026/06/04 15:16:00.310854996,0.0
2026/06/04 15:16:00.330801082,0.0
2026/06/04 15:16:00.350663189,0.0
2026/06/04 15:16:00.370760721,0.0
2026/06/04 15:16:00.391293384,0.0
2026/06/04 15:16:00.410986980,0.0
2026/06/04 15:16:00.430521626,0.0
2026/06/04 15:16:00.450637222,0.0
2026/06/04 15:16:00.470979493,0.0
2026/06/04 15:16:00.491092858,0.0
2026/06/04 15:16:00.510799729,0.0
2026/06/04 15:16:00.530638197,0.0
2026/06/04 15:16:00.550760860,0.0
2026/06/04 15:16:00.570749196,0.0
2026/06/04 15:16:00.590608067,0.0
2026/06/04 15:16:00.610497073,0.0
2026/06/04 15:16:00.630623114,0.0
2026/06/04 15:16:00.650897691,0.0
2026/06/04 15:16:00.671007221,0.0
2026/06/04 15:16:00.690776800,0.0
2026/06/04 15:16:00.710602583,0.0
2026/06/04 15:16:00.730666557,0.0
2026/06/04 15:16:00.750572196,0.0
2026/06/04 15:16:00.770774205,0.0
2026/06/04 15:16:00.790940544,0.0
2026/06/04 15:16:00.811274748,0.0
2026/06/04 15:16:00.830849883,0.0
2026/06/04 15:16:00.850578464,0.0
2026/06/04 15:16:00.870630850,0.0
2026/06/04 15:16:00.890479086,0.0
2026/06/04 15:16:00.910460560,0.0
2026/06/04 15:16:00.930746502,0.0
2026/06/04 15:16:00.950640763,0.0
2026/06/04 15:16:00.971006632,0.0
2026/06/04 15:16:00.990949019,0.0
2026/06/04 15:16:01.10697970,0.0
2026/06/04 15:16:01.30439231,0.0
2026/06/04 15:16:01.50584142,0.0
2026/06/04 15:16:01.71184761,0.0
2026/06/04 15:16:01.90801472,0.0
2026/06/04 15:16:01.110726794,0.0
2026/06/04 15:16:01.130788666,0.0
2026/06/04 15:16:01.150935938,0.0
2026/06/04 15:16:01.170688891,0.0
2026/06/04 15:16:01.190540367,0.0
2026/06/04 15:16:01.210567634,0.0
2026/06/04 15:16:01.230793343,0.0
2026/06/04 15:16:01.250812770,0.0
2026/06/04 15:16:01.271121191,0.0
2026/06/04 15:16:01.290848659,0.0
2026/06/04 15:16:01.310636764,0.0
2026/06/04 15:16:01.330468055,0.0
2026/06/04 15:16:01.350766848,0.0
2026/06/04 15:16:01.370953732,0.0
2026/06/04 15:16:01.390990312,0.0
2026/06/04 15:16:01.410826178,0.0
2026/06/04 15:16:01.430735911,0.0
2026/06/04 15:16:01.450805878,0.0
2026/06/04 15:16:01.470571817,0.0
2026/06/04 15:16:01.490645344,0.0
2026/06/04 15:16:01.510658332,0.0
2026/06/04 15:16:01.531114006,0.0
2026/06/04 15:16:01.550955323,0.0
2026/06/04 15:16:01.570742184,0.0
2026/06/04 15:16:01.590669489,0.0
2026/06/04 15:16:01.610540402,0.0
2026/06/04 15:16:01.630701079,0.0
2026/06/04 15:16:01.650799676,0.0
2026/06/04 15:16:01.671198626,0.0
2026/06/04 15:16:01.691407610,0.0
2026/06/04 15:16:01.711462902,0.0
2026/06/04 15:16:01.730827710,0.0
2026/06/04 15:16:01.750746799,0.0
2026/06/04 15:16:01.770528134,0.0
2026/06/04 15:16:01.790520538,0.0
2026/06/04 15:16:01.810977696,0.0
2026/06/04 15:16:01.830544625,0.0
2026/06/04 15:16:01.850773525,0.0
2026/06/04 15:16:01.870966747,0.0
2026/06/04 15:16:01.890643273,0.0
2026/06/04 15:16:01.910624104,0.0
2026/06/04 15:16:01.930708927,0.0
2026/06/04 15:16:01.950547026,0.0
2026/06/04 15:16:01.970578817,0.0
2026/06/04 15:16:01.990568076,0.0
2026/06/04 15:16:02.10643812,0.0
2026/06/04 15:16:02.30565963,0.0
2026/06/04 15:16:02.50494603,0.0
2026/06/04 15:16:02.70634644,0.0
2026/06/04 15:16:02.90903596,0.0
2026/06/04 15:16:02.110679145,0.0
2026/06/04 15:16:02.130572653,0.0
2026/06/04 15:16:02.150721839,0.0
2026/06/04 15:16:02.170662810,0.0
2026/06/04 15:16:02.190618004,0.0
2026/06/04 15:16:02.210630925,0.0
2026/06/04 15:16:02.230631270,0.0
2026/06/04 15:16:02.251022494,0.0
2026/06/04 15:16:02.270876839,0.0
2026/06/04 15:16:02.290937517,0.0
2026/06/04 15:16:02.310594321,0.0
2026/06/04 15:16:02.330495928,0.0
2026/06/04 15:16:02.350483357,0.0
2026/06/04 15:16:02.370548771,0.0
2026/06/04 15:16:02.390771531,0.0
2026/06/04 15:16:02.410911935,0.0
2026/06/04 15:16:02.430897070,0.0
2026/06/04 15:16:02.450632408,0.0
2026/06/04 15:16:02.470538179,0.0
2026/06/04 15:16:02.490567424,0.0
2026/06/04 15:16:02.510584856,0.0
2026/06/04 15:16:02.530708033,0.0
2026/06/04 15:16:02.550933031,0.0
2026/06/04 15:16:02.570749508,0.0
2026/06/04 15:16:02.591125191,0.0
2026/06/04 15:16:02.610486362,0.0
2026/06/04 15:16:02.630491881,0.0
2026/06/04 15:16:02.650486721,0.0
2026/06/04 15:16:02.670851948,0.0
2026/06/04 15:16:02.690888066,0.0
2026/06/04 15:16:02.711083892,0.0
2026/06/04 15:16:02.730862346,0.0
2026/06/04 15:16:02.750812049,0.0
2026/06/04 15:16:02.770486710,0.0
2026/06/04 15:16:02.790702840,0.0
2026/06/04 15:16:02.810771340,0.0
2026/06/04 15:16:02.830739850,0.0
2026/06/04 15:16:02.850675775,0.0
2026/06/04 15:16:02.870862078,0.0
2026/06/04 15:16:02.890686143,0.0
2026/06/04 15:16:02.910579633,0.0
2026/06/04 15:16:02.930609608,0.0
2026/06/04 15:16:02.950504897,0.0
2026/06/04 15:16:02.970734677,0.0
2026/06/04 15:16:02.990822747,0.0
2026/06/04 15:16:03.11175395,0.0
2026/06/04 15:16:03.30947551,0.0
2026/06/04 15:16:03.50666750,0.0
2026/06/04 15:16:03.70740227,0.0
2026/06/04 15:16:03.90601409,0.0
2026/06/04 15:16:03.110967708,0.0
2026/06/04 15:16:03.130709014,0.0
2026/06/04 15:16:03.150969356,0.0
2026/06/04 15:16:03.171157384,0.0
2026/06/04 15:16:03.190460742,0.0
2026/06/04 15:16:03.210551043,0.0
2026/06/04 15:16:03.230589751,0.0
2026/06/04 15:16:03.250714021,0.0
2026/06/04 15:16:03.270751687,0.0
2026/06/04 15:16:03.290580377,0.0
2026/06/04 15:16:03.310764834,0.0
2026/06/04 15:16:03.330619256,0.0
2026/06/04 15:16:03.350501606,0.0
2026/06/04 15:16:03.370616473,0.0
2026/06/04 15:16:03.390632041,0.0
2026/06/04 15:16:03.410956846,0.0
2026/06/04 15:16:03.430570247,0.0
2026/06/04 15:16:03.450790659,0.0
2026/06/04 15:16:03.470758546,0.0
2026/06/04 15:16:03.490543746,0.0
2026/06/04 15:16:03.510344026,0.0
2026/06/04 15:16:03.530506409,0.0
2026/06/04 15:16:03.550803997,0.0
2026/06/04 15:16:03.570904148,0.0
2026/06/04 15:16:03.590820070,0.0
2026/06/04 15:16:03.610597200,0.0
2026/06/04 15:16:03.630462447,0.0
2026/06/04 15:16:03.650486321,0.0
2026/06/04 15:16:03.670483517,0.0
2026/06/04 15:16:03.690756139,0.0
2026/06/04 15:16:03.710933308,0.0
2026/06/04 15:16:03.730628026,0.0
2026/06/04 15:16:03.750795093,0.0
2026/06/04 15:16:03.770566069,0.0
2026/06/04 15:16:03.790540378,0.0
2026/06/04 15:16:03.810523995,0.0
2026/06/04 15:16:03.830568117,0.0
2026/06/04 15:16:03.850874549,0.0
2026/06/04 15:16:03.870809592,0.0
2026/06/04 15:16:03.890711374,0.0
2026/06/04 15:16:03.910769444,0.0
2026/06/04 15:16:03.930555936,0.0
2026/06/04 15:16:03.950771489,0.0
2026/06/04 15:16:03.970599271,0.0
2026/06/04 15:16:03.990782995,0.0
2026/06/04 15:16:04.10817739,0.0
2026/06/04 15:16:04.30504939,0.0
2026/06/04 15:16:04.50486486,0.0
2026/06/04 15:16:04.70527415,0.0
2026/06/04 15:16:04.90464998,0.0
2026/06/04 15:16:04.110748126,0.0
2026/06/04 15:16:04.130583008,0.0
2026/06/04 15:16:04.150666842,0.0
2026/06/04 15:16:04.171113030,0.0
2026/06/04 15:16:04.190823274,0.0
2026/06/04 15:16:04.210621982,0.0
2026/06/04 15:16:04.230558313,0.0
2026/06/04 15:16:04.250549758,0.0
2026/06/04 15:16:04.270658214,0.0
2026/06/04 15:16:04.290669094,0.0
2026/06/04 15:16:04.310708582,0.0
2026/06/04 15:16:04.330981504,0.0
2026/06/04 15:16:04.350431612,0.0
2026/06/04 15:16:04.370388463,0.0
2026/06/04 15:16:04.390384741,0.0
2026/06/04 15:16:04.411055163,0.0
2026/06/04 15:16:04.430473432,0.0
2026/06/04 15:16:04.450581850,0.0
2026/06/04 15:16:04.470936474,0.0
2026/06/04 15:16:04.490490697,0.0
2026/06/04 15:16:04.510502438,0.0
2026/06/04 15:16:04.530574100,0.0
2026/06/04 15:16:04.550602235,0.0
2026/06/04 15:16:04.570734084,0.0
2026/06/04 15:16:04.590696769,0.0
2026/06/04 15:16:04.610636410,0.0
2026/06/04 15:16:04.630598783,0.0
2026/06/04 15:16:04.650694597,0.0
2026/06/04 15:16:04.670463149,0.0
2026/06/04 15:16:04.690519566,0.0
2026/06/04 15:16:04.710735822,0.0
2026/06/04 15:16:04.730859073,0.0
2026/06/04 15:16:04.750690708,0.0
2026/06/04 15:16:04.770992822,0.0
2026/06/04 15:16:04.790504229,0.0
2026/06/04 15:16:04.810639661,0.0
2026/06/04 15:16:04.830486901,0.0
2026/06/04 15:16:04.850736777,0.0
2026/06/04 15:16:04.870733967,0.0
2026/06/04 15:16:04.891031723,0.0
2026/06/04 15:16:04.911155405,0.0
2026/06/04 15:16:04.930671789,0.0
2026/06/04 15:16:04.950487416,0.0
2026/06/04 15:16:04.970767519,0.0
2026/06/04 15:16:04.991006691,0.0
2026/06/04 15:16:05.10741552,0.0
2026/06/04 15:16:05.30834683,0.0
2026/06/04 15:16:05.50779170,0.0
2026/06/04 15:16:05.70682905,0.0
2026/06/04 15:16:05.90450448,0.0
2026/06/04 15:16:05.110384919,0.0
2026/06/04 15:16:05.130526039,0.0
2026/06/04 15:16:05.150957702,0.0
2026/06/04 15:16:05.170965650,0.0
2026/06/04 15:16:05.190874243,0.0
2026/06/04 15:16:05.210767940,0.0
2026/06/04 15:16:05.230487105,0.0
2026/06/04 15:16:05.250531837,0.0
2026/06/04 15:16:05.270636002,0.0
2026/06/04 15:16:05.290867154,0.0
2026/06/04 15:16:05.311224569,0.0
2026/06/04 15:16:05.330986904,0.0
2026/06/04 15:16:05.350571034,0.0
2026/06/04 15:16:05.370596020,0.0
2026/06/04 15:16:05.390608764,0.0
2026/06/04 15:16:05.410508027,0.0
2026/06/04 15:16:05.430638896,0.0
2026/06/04 15:16:05.451070537,0.0
2026/06/04 15:16:05.470872132,0.0
2026/06/04 15:16:05.491133609,0.0
2026/06/04 15:16:05.510897614,0.0
2026/06/04 15:16:05.530521902,0.0
2026/06/04 15:16:05.550600790,0.0
2026/06/04 15:16:05.570764511,0.0
2026/06/04 15:16:05.590904098,0.0
2026/06/04 15:16:05.611178006,0.0
2026/06/04 15:16:05.630927234,0.0
2026/06/04 15:16:05.650753484,0.0
2026/06/04 15:16:05.670529573,0.0
2026/06/04 15:16:05.690620761,0.0
2026/06/04 15:16:05.710681857,0.0
2026/06/04 15:16:05.730994084,0.0
2026/06/04 15:16:05.750726594,0.0
2026/06/04 15:16:05.770936500,0.0
2026/06/04 15:16:05.790812851,0.0
2026/06/04 15:16:05.810690635,0.0
2026/06/04 15:16:05.830648057,0.0
2026/06/04 15:16:05.850817513,0.0
2026/06/04 15:16:05.871082770,0.0
2026/06/04 15:16:05.891059915,0.0
2026/06/04 15:16:05.911268995,0.0
2026/06/04 15:16:05.930957306,0.0
2026/06/04 15:16:05.950606162,0.0
2026/06/04 15:16:05.970524538,0.0
2026/06/04 15:16:05.990496284,0.0
2026/06/04 15:16:06.11097724,0.0
2026/06/04 15:16:06.30819097,0.0
2026/06/04 15:16:06.50743497,0.0
2026/06/04 15:16:06.70836732,0.0
2026/06/04 15:16:06.90546347,0.0
2026/06/04 15:16:06.110512284,0.0
2026/06/04 15:16:06.130683654,0.0
2026/06/04 15:16:06.151128039,0.0
2026/06/04 15:16:06.171090616,0.0
2026/06/04 15:16:06.190887571,0.0
2026/06/04 15:16:06.210742940,0.0
2026/06/04 15:16:06.230765603,0.0
2026/06/04 15:16:06.250614648,0.0
2026/06/04 15:16:06.270721902,0.0
2026/06/04 15:16:06.291427972,0.0
2026/06/04 15:16:06.311218481,0.0
2026/06/04 15:16:06.330808346,0.0
2026/06/04 15:16:06.350593345,0.0
2026/06/04 15:16:06.370685147,0.0
2026/06/04 15:16:06.390609655,0.0
2026/06/04 15:16:06.410474098,0.0
2026/06/04 15:16:06.430728479,0.0
2026/06/04 15:16:06.451149675,0.0
2026/06/04 15:16:06.470983380,0.0
2026/06/04 15:16:06.490850253,0.0
2026/06/04 15:16:06.510728652,0.0
2026/06/04 15:16:06.530544014,0.0
2026/06/04 15:16:06.550434350,0.0
2026/06/04 15:16:06.570612981,0.0
2026/06/04 15:16:06.591006492,0.0
2026/06/04 15:16:06.610834541,0.0
2026/06/04 15:16:06.630940983,0.0
2026/06/04 15:16:06.651248132,0.0
2026/06/04 15:16:06.670592946,0.0
2026/06/04 15:16:06.690758212,0.0
2026/06/04 15:16:06.710534516,0.0
2026/06/04 15:16:06.730634539,0.0
2026/06/04 15:16:06.751148443,0.0
2026/06/04 15:16:06.770783655,0.0
2026/06/04 15:16:06.790842992,0.0
2026/06/04 15:16:06.810549964,0.0
2026/06/04 15:16:06.830459433,0.0
2026/06/04 15:16:06.850506602,0.0
2026/06/04 15:16:06.870830147,0.0
2026/06/04 15:16:06.890934800,0.0
2026/06/04 15:16:06.911079223,0.0
2026/06/04 15:16:06.930966507,0.0
2026/06/04 15:16:06.950635017,0.0
2026/06/04 15:16:06.970760649,0.0
2026/06/04 15:16:06.990529726,0.0
2026/06/04 15:16:07.10868216,0.0
2026/06/04 15:16:07.30859884,0.0
2026/06/04 15:16:07.50996535,0.0
2026/06/04 15:16:07.70939538,0.0
2026/06/04 15:16:07.90874440,0.0
2026/06/04 15:16:07.110664308,0.0
2026/06/04 15:16:07.130523433,0.0
2026/06/04 15:16:07.150626926,0.0
2026/06/04 15:16:07.170860816,0.0
2026/06/04 15:16:07.190951189,0.0
2026/06/04 15:16:07.210890308,0.0
2026/06/04 15:16:07.231145472,0.0
2026/06/04 15:16:07.250691663,0.0
2026/06/04 15:16:07.270693796,0.0
2026/06/04 15:16:07.290775697,0.0
2026/06/04 15:16:07.311151927,0.0
2026/06/04 15:16:07.330830429,0.0
2026/06/04 15:16:07.350728789,0.0
2026/06/04 15:16:07.370996033,0.0
2026/06/04 15:16:07.390705935,0.0
2026/06/04 15:16:07.410484601,0.0
2026/06/04 15:16:07.430628300,0.0
2026/06/04 15:16:07.450849457,0.0
2026/06/04 15:16:07.471215889,0.0
2026/06/04 15:16:07.490810387,0.0
2026/06/04 15:16:07.511123407,0.0
2026/06/04 15:16:07.531071725,0.0
2026/06/04 15:16:07.550551792,0.0
2026/06/04 15:16:07.570617700,0.0
2026/06/04 15:16:07.590512931,0.0
2026/06/04 15:16:07.611127672,0.0
2026/06/04 15:16:07.630689394,0.0
2026/06/04 15:16:07.650774299,0.0
2026/06/04 15:16:07.670976597,0.0
2026/06/04 15:16:07.690696470,0.0
2026/06/04 15:16:07.710432773,0.0
2026/06/04 15:16:07.730524497,0.0
2026/06/04 15:16:07.750949362,0.0
2026/06/04 15:16:07.771026420,0.0
2026/06/04 15:16:07.790873326,0.0
2026/06/04 15:16:07.810793428,0.0
2026/06/04 15:16:07.830629809,0.0
2026/06/04 15:16:07.850735984,0.0
2026/06/04 15:16:07.870537582,0.0
2026/06/04 15:16:07.891178176,0.0
2026/06/04 15:16:07.911021758,0.0
2026/06/04 15:16:07.930614239,0.0
2026/06/04 15:16:07.951066084,0.0
2026/06/04 15:16:07.970621471,0.0
2026/06/04 15:16:07.990767847,0.0
2026/06/04 15:16:08.10698043,0.0
2026/06/04 15:16:08.30516547,0.0
2026/06/04 15:16:08.50872357,0.0
2026/06/04 15:16:08.70784255,0.0
2026/06/04 15:16:08.91062460,0.0
2026/06/04 15:16:08.110892990,0.0
2026/06/04 15:16:08.130471721,0.0
2026/06/04 15:16:08.150535147,0.0
2026/06/04 15:16:08.171090123,0.0
2026/06/04 15:16:08.190938050,0.0
2026/06/04 15:16:08.210568521,0.0
2026/06/04 15:16:08.230439804,0.0
2026/06/04 15:16:08.250731890,0.0
2026/06/04 15:16:08.270519430,0.0
2026/06/04 15:16:08.290513176,0.0
2026/06/04 15:16:08.310784651,0.0
2026/06/04 15:16:08.331213960,0.0
2026/06/04 15:16:08.350462614,0.0
2026/06/04 15:16:08.370961806,0.0
2026/06/04 15:16:08.391078462,0.0
2026/06/04 15:16:08.410743807,0.0
2026/06/04 15:16:08.430613806,0.0
2026/06/04 15:16:08.450518714,0.0
2026/06/04 15:16:08.470869211,0.0
2026/06/04 15:16:08.491361953,0.0
2026/06/04 15:16:08.510798558,0.0
2026/06/04 15:16:08.530640463,0.0
2026/06/04 15:16:08.551063381,0.0
2026/06/04 15:16:08.570402501,0.0
2026/06/04 15:16:08.590619519,0.0
2026/06/04 15:16:08.610762444,0.0
2026/06/04 15:16:08.631081705,0.0
2026/06/04 15:16:08.650884543,0.0
2026/06/04 15:16:08.671208568,0.0
2026/06/04 15:16:08.691247127,0.0
2026/06/04 15:16:08.710601741,0.0
2026/06/04 15:16:08.730542953,0.0
2026/06/04 15:16:08.750699372,0.0
2026/06/04 15:16:08.770930801,0.0
2026/06/04 15:16:08.790828317,0.0
2026/06/04 15:16:08.810834831,0.0
2026/06/04 15:16:08.830815278,0.0
2026/06/04 15:16:08.850631342,0.0
2026/06/04 15:16:08.870559131,0.0
2026/06/04 15:16:08.890542433,0.0
2026/06/04 15:16:08.910802319,0.0
2026/06/04 15:16:08.930727619,0.0
2026/06/04 15:16:08.951163693,0.0
2026/06/04 15:16:08.970919665,0.0
2026/06/04 15:16:08.990828253,0.0
2026/06/04 15:16:09.10659755,0.0
2026/06/04 15:16:09.30764077,0.0
2026/06/04 15:16:09.50564043,0.0
2026/06/04 15:16:09.71032302,0.0
2026/06/04 15:16:09.90911118,0.0
2026/06/04 15:16:09.110971566,0.0
2026/06/04 15:16:09.130579811,0.0
2026/06/04 15:16:09.150573953,0.0
2026/06/04 15:16:09.170687980,0.0
2026/06/04 15:16:09.190681377,0.0
2026/06/04 15:16:09.210830940,0.0
2026/06/04 15:16:09.230759133,0.0
2026/06/04 15:16:09.250906405,0.0
2026/06/04 15:16:09.271034030,0.0
2026/06/04 15:16:09.290667717,0.0
2026/06/04 15:16:09.310814888,0.0
2026/06/04 15:16:09.330625874,0.0
2026/06/04 15:16:09.350817038,0.0
2026/06/04 15:16:09.370869166,0.0
2026/06/04 15:16:09.391354374,0.0
2026/06/04 15:16:09.411029441,0.0
2026/06/04 15:16:09.430888500,0.0
2026/06/04 15:16:09.450439969,0.0
2026/06/04 15:16:09.470700956,0.0
2026/06/04 15:16:09.490720170,0.0
2026/06/04 15:16:09.511169506,0.0
2026/06/04 15:16:09.530829958,0.0
2026/06/04 15:16:09.550972780,0.0
2026/06/04 15:16:09.571021450,0.0
2026/06/04 15:16:09.590812030,0.0
2026/06/04 15:16:09.610813747,0.0
2026/06/04 15:16:09.630517903,0.0
2026/06/04 15:16:09.650669061,0.0
2026/06/04 15:16:09.670882158,0.0
2026/06/04 15:16:09.690939734,0.0
2026/06/04 15:16:09.710877733,0.0
2026/06/04 15:16:09.730583822,0.0
2026/06/04 15:16:09.750499485,0.0
2026/06/04 15:16:09.770709488,0.0
2026/06/04 15:16:09.791075924,0.0
2026/06/04 15:16:09.811059977,0.0
2026/06/04 15:16:09.830716393,0.0
2026/06/04 15:16:09.850754762,0.0
2026/06/04 15:16:09.871017947,0.0
2026/06/04 15:16:09.890610846,0.0
2026/06/04 15:16:09.910541154,0.0
2026/06/04 15:16:09.930946723,0.0
2026/06/04 15:16:09.950865078,0.0
2026/06/04 15:16:09.970790844,0.0
2026/06/04 15:16:09.990986604,0.0
2026/06/04 15:16:10.10750025,0.0
2026/06/04 15:16:10.30546830,0.0
2026/06/04 15:16:10.50641178,0.0
2026/06/04 15:16:10.70694740,0.0
2026/06/04 15:16:10.91054736,0.0
2026/06/04 15:16:10.111092350,0.0
2026/06/04 15:16:10.130714207,0.0
2026/06/04 15:16:10.150517276,0.0
2026/06/04 15:16:10.170677264,0.0
2026/06/04 15:16:10.190576201,0.0
2026/06/04 15:16:10.210870241,0.0
2026/06/04 15:16:10.231105830,0.0
2026/06/04 15:16:10.250751474,0.0
2026/06/04 15:16:10.271056602,0.0
2026/06/04 15:16:10.290932035,0.0
2026/06/04 15:16:10.311064506,0.0
2026/06/04 15:16:10.330504230,0.0
2026/06/04 15:16:10.350506834,0.0
2026/06/04 15:16:10.370731680,0.0
2026/06/04 15:16:10.390640797,0.0
2026/06/04 15:16:10.410900522,0.0
2026/06/04 15:16:10.430615587,0.0
2026/06/04 15:16:10.451035757,0.0
2026/06/04 15:16:10.470838389,0.0
2026/06/04 15:16:10.490470761,0.0
2026/06/04 15:16:10.510582055,0.0
2026/06/04 15:16:10.530556312,0.0
2026/06/04 15:16:10.550922002,0.0
2026/06/04 15:16:10.570926437,0.0
2026/06/04 15:16:10.590948921,0.0
2026/06/04 15:16:10.611099784,0.0
2026/06/04 15:16:10.630556722,0.0
2026/06/04 15:16:10.650688737,0.0
2026/06/04 15:16:10.670684851,0.0
2026/06/04 15:16:10.690828003,0.0
2026/06/04 15:16:10.711123248,0.0
2026/06/04 15:16:10.730906135,0.0
2026/06/04 15:16:10.750759326,0.0
2026/06/04 15:16:10.770766084,0.0
2026/06/04 15:16:10.790498078,0.0
2026/06/04 15:16:10.810843532,0.0
2026/06/04 15:16:10.830798926,0.0
2026/06/04 15:16:10.850811009,0.0
2026/06/04 15:16:10.870701994,0.0
2026/06/04 15:16:10.890884893,0.0
2026/06/04 15:16:10.910896615,0.0
2026/06/04 15:16:10.930520408,0.0
2026/06/04 15:16:10.950568146,0.0
2026/06/04 15:16:10.970543147,0.0
2026/06/04 15:16:10.991012421,0.0
2026/06/04 15:16:11.11214563,0.0
2026/06/04 15:16:11.30620522,0.0
2026/06/04 15:16:11.50928316,0.0
2026/06/04 15:16:11.70546976,0.0
2026/06/04 15:16:11.90648699,0.0
2026/06/04 15:16:11.110773553,0.0
2026/06/04 15:16:11.130620033,0.0
2026/06/04 15:16:11.150738605,0.0
2026/06/04 15:16:11.170878943,0.0
2026/06/04 15:16:11.190941039,0.0
2026/06/04 15:16:11.210590648,0.0
2026/06/04 15:16:11.230429568,0.0
2026/06/04 15:16:11.250849728,0.0
2026/06/04 15:16:11.271130143,0.0
2026/06/04 15:16:11.291014003,0.0
2026/06/04 15:16:11.310868875,0.0
2026/06/04 15:16:11.330859349,0.0
2026/06/04 15:16:11.350654779,0.0
2026/06/04 15:16:11.370546153,0.0
2026/06/04 15:16:11.390713294,0.0
2026/06/04 15:16:11.410793863,0.0
2026/06/04 15:16:11.430882358,0.0
2026/06/04 15:16:11.451053974,0.0
2026/06/04 15:16:11.470958210,0.0
2026/06/04 15:16:11.490868044,0.0
2026/06/04 15:16:11.510449810,0.0
2026/06/04 15:16:11.530645771,0.0
2026/06/04 15:16:11.550616297,0.0
2026/06/04 15:16:11.571089097,0.0
2026/06/04 15:16:11.591088190,0.0
2026/06/04 15:16:11.610755005,0.0
2026/06/04 15:16:11.630749394,0.0
2026/06/04 15:16:11.650628716,0.0
2026/06/04 15:16:11.670543278,0.0
2026/06/04 15:16:11.690819667,0.0
2026/06/04 15:16:11.711146801,0.0
2026/06/04 15:16:11.730971501,0.0
2026/06/04 15:16:11.750533739,0.0
2026/06/04 15:16:11.770608061,0.0
2026/06/04 15:16:11.790626534,0.0
2026/06/04 15:16:11.810682360,0.0
2026/06/04 15:16:11.830525554,0.0
2026/06/04 15:16:11.850711390,0.0
2026/06/04 15:16:11.870792103,0.0
2026/06/04 15:16:11.890892809,0.0
2026/06/04 15:16:11.910849698,0.0
2026/06/04 15:16:11.930621082,0.0
2026/06/04 15:16:11.950777559,0.0
2026/06/04 15:16:11.970660080,0.0
2026/06/04 15:16:11.990855045,0.0
2026/06/04 15:16:12.11214435,0.0
2026/06/04 15:16:12.30976818,0.0
2026/06/04 15:16:12.50608030,0.0
2026/06/04 15:16:12.70795002,0.0
2026/06/04 15:16:12.90595881,0.0
2026/06/04 15:16:12.110572733,0.0
2026/06/04 15:16:12.130568470,0.0
2026/06/04 15:16:12.151433468,0.0
2026/06/04 15:16:12.170651370,0.0
2026/06/04 15:16:12.190561873,0.0
2026/06/04 15:16:12.210956458,0.0
2026/06/04 15:16:12.230578094,0.0
2026/06/04 15:16:12.250474657,0.0
2026/06/04 15:16:12.270466709,0.0
2026/06/04 15:16:12.290689736,0.0
2026/06/04 15:16:12.310896357,0.0
2026/06/04 15:16:12.331165522,0.0
2026/06/04 15:16:12.350594730,0.0
2026/06/04 15:16:12.370674577,0.0
2026/06/04 15:16:12.390569376,0.0
2026/06/04 15:16:12.410502468,0.0
2026/06/04 15:16:12.430629720,0.0
2026/06/04 15:16:12.451073494,0.0
2026/06/04 15:16:12.471012031,0.0
2026/06/04 15:16:12.491067965,0.0
2026/06/04 15:16:12.510862629,0.0
2026/06/04 15:16:12.530726277,0.0
2026/06/04 15:16:12.550534327,0.0
2026/06/04 15:16:12.570728672,0.0
2026/06/04 15:16:12.590944422,0.0
2026/06/04 15:16:12.610788804,0.0
2026/06/04 15:16:12.630854834,0.0
2026/06/04 15:16:12.650894426,0.0
2026/06/04 15:16:12.670527201,0.0
2026/06/04 15:16:12.690584331,0.0
2026/06/04 15:16:12.710597169,0.0
2026/06/04 15:16:12.730806866,0.0
2026/06/04 15:16:12.750811222,0.0
2026/06/04 15:16:12.770874778,0.0
2026/06/04 15:16:12.791171445,0.0
2026/06/04 15:16:12.810853583,0.0
2026/06/04 15:16:12.830550662,0.0
2026/06/04 15:16:12.850574272,0.0
2026/06/04 15:16:12.870853111,0.0
2026/06/04 15:16:12.890831183,0.0
2026/06/04 15:16:12.910731600,0.0
2026/06/04 15:16:12.930729028,0.0
2026/06/04 15:16:12.950853078,0.0
2026/06/04 15:16:12.970751845,0.0
2026/06/04 15:16:12.990905635,0.0
2026/06/04 15:16:13.11147377,0.0
2026/06/04 15:16:13.30988849,0.0
2026/06/04 15:16:13.50788710,0.0
2026/06/04 15:16:13.70974356,0.0
2026/06/04 15:16:13.90937668,0.0
2026/06/04 15:16:13.110671539,0.0
2026/06/04 15:16:13.130668325,0.0
2026/06/04 15:16:13.150899130,0.0
2026/06/04 15:16:13.171082603,0.0
2026/06/04 15:16:13.191035114,0.0
2026/06/04 15:16:13.210882523,0.0
2026/06/04 15:16:13.231189032,0.0
2026/06/04 15:16:13.250772708,0.0
2026/06/04 15:16:13.270542796,0.0
2026/06/04 15:16:13.290751523,0.0
2026/06/04 15:16:13.311099728,0.0
2026/06/04 15:16:13.330948211,0.0
2026/06/04 15:16:13.350463094,0.0
2026/06/04 15:16:13.370897372,0.0
2026/06/04 15:16:13.390670686,0.0
2026/06/04 15:16:13.410563910,0.0
2026/06/04 15:16:13.430544730,0.0
2026/06/04 15:16:13.451016671,0.0
2026/06/04 15:16:13.471376317,0.0
2026/06/04 15:16:13.490878835,0.0
2026/06/04 15:16:13.511260494,0.0
2026/06/04 15:16:13.530656550,0.0
2026/06/04 15:16:13.550771359,0.0
2026/06/04 15:16:13.570725097,0.0
2026/06/04 15:16:13.590753103,0.0
2026/06/04 15:16:13.611217781,0.0
2026/06/04 15:16:13.630951750,0.0
2026/06/04 15:16:13.650869892,0.0
2026/06/04 15:16:13.670868741,0.0
2026/06/04 15:16:13.690410248,0.0
2026/06/04 15:16:13.710807119,0.0
2026/06/04 15:16:13.730841390,0.0
2026/06/04 15:16:13.750731295,0.0
2026/06/04 15:16:13.770881757,0.0
2026/06/04 15:16:13.790945443,0.0
2026/06/04 15:16:13.810649792,0.0
2026/06/04 15:16:13.830656951,0.0
2026/06/04 15:16:13.850499317,0.0
2026/06/04 15:16:13.870631144,0.0
2026/06/04 15:16:13.891023941,0.0
2026/06/04 15:16:13.911193018,0.0
2026/06/04 15:16:13.930534920,0.0
2026/06/04 15:16:13.950846213,0.0
2026/06/04 15:16:13.970632381,0.0
2026/06/04 15:16:13.990522252,0.0
2026/06/04 15:16:14.10547823,0.0
2026/06/04 15:16:14.30680356,0.0
2026/06/04 15:16:14.50955705,0.0
2026/06/04 15:16:14.71175938,0.0
2026/06/04 15:16:14.91267818,0.0
2026/06/04 15:16:14.110868265,0.0
2026/06/04 15:16:14.130426786,0.0
2026/06/04 15:16:14.150740683,0.0
2026/06/04 15:16:14.170572041,0.0
2026/06/04 15:16:14.190965769,0.0
2026/06/04 15:16:14.210752450,0.0
2026/06/04 15:16:14.230795925,0.0
2026/06/04 15:16:14.250894435,0.0
2026/06/04 15:16:14.270725947,0.0
2026/06/04 15:16:14.290498648,0.0
2026/06/04 15:16:14.310763577,0.0
2026/06/04 15:16:14.330818270,0.0
2026/06/04 15:16:14.350637254,0.0
2026/06/04 15:16:14.370811000,0.0
2026/06/04 15:16:14.390777274,0.0
2026/06/04 15:16:14.410585001,0.0
2026/06/04 15:16:14.430728344,0.0
2026/06/04 15:16:14.450514252,0.0
2026/06/04 15:16:14.471106448,0.0
2026/06/04 15:16:14.490855218,0.0
2026/06/04 15:16:14.511037628,0.0
2026/06/04 15:16:14.530655809,0.0
2026/06/04 15:16:14.550497250,0.0
2026/06/04 15:16:14.570550865,0.0
2026/06/04 15:16:14.590394837,0.0
2026/06/04 15:16:14.610797074,0.0
2026/06/04 15:16:14.631027237,0.0
2026/06/04 15:16:14.650963208,0.0
2026/06/04 15:16:14.671026064,0.0
2026/06/04 15:16:14.690866643,0.0
2026/06/04 15:16:14.710420431,0.0
2026/06/04 15:16:14.730633638,0.0
2026/06/04 15:16:14.750596208,0.0
2026/06/04 15:16:14.770679818,0.0
2026/06/04 15:16:14.790696458,0.0
2026/06/04 15:16:14.810808412,0.0
2026/06/04 15:16:14.830744351,0.0
2026/06/04 15:16:14.850755703,0.0
2026/06/04 15:16:14.870450043,0.0
2026/06/04 15:16:14.890707592,0.0
2026/06/04 15:16:14.910903241,0.0
2026/06/04 15:16:14.931258116,0.0
2026/06/04 15:16:14.950700271,0.0
2026/06/04 15:16:14.970710300,0.0
2026/06/04 15:16:14.990540675,0.0
2026/06/04 15:16:15.10584904,0.0
2026/06/04 15:16:15.30471193,0.0
2026/06/04 15:16:15.50821082,0.0
2026/06/04 15:16:15.70581868,0.0
2026/06/04 15:16:15.90863728,0.0
2026/06/04 15:16:15.110639587,0.0
2026/06/04 15:16:15.130592340,0.0
2026/06/04 15:16:15.150677704,0.0
2026/06/04 15:16:15.170603751,0.0
2026/06/04 15:16:15.190580190,0.0
2026/06/04 15:16:15.211100841,0.0
2026/06/04 15:16:15.230619051,0.0
2026/06/04 15:16:15.250852668,0.0
2026/06/04 15:16:15.270933243,0.0
2026/06/04 15:16:15.290596377,0.0
2026/06/04 15:16:15.310764333,0.0
2026/06/04 15:16:15.330609825,0.0
2026/06/04 15:16:15.350877796,0.0
2026/06/04 15:16:15.371171628,0.0
2026/06/04 15:16:15.390835029,0.0
2026/06/04 15:16:15.410792886,0.0
2026/06/04 15:16:15.430627439,0.0
2026/06/04 15:16:15.450412714,0.0
2026/06/04 15:16:15.470679583,0.0
2026/06/04 15:16:15.490636164,0.0
2026/06/04 15:16:15.510945686,0.0
2026/06/04 15:16:15.531098010,0.0
2026/06/04 15:16:15.550873891,0.0
2026/06/04 15:16:15.570753067,0.0
2026/06/04 15:16:15.590504307,0.0
2026/06/04 15:16:15.610586117,0.0
2026/06/04 15:16:15.630586595,0.0
2026/06/04 15:16:15.650793305,0.0
2026/06/04 15:16:15.671213888,0.0
2026/06/04 15:16:15.691305182,0.0
2026/06/04 15:16:15.710717042,0.0
2026/06/04 15:16:15.730513404,0.0
2026/06/04 15:16:15.750498304,0.0
2026/06/04 15:16:15.770544270,0.0
2026/06/04 15:16:15.790825265,0.0
2026/06/04 15:16:15.810719812,0.0
2026/06/04 15:16:15.830543289,0.0
2026/06/04 15:16:15.850743324,0.0
2026/06/04 15:16:15.870566965,0.0
2026/06/04 15:16:15.890528868,0.0
2026/06/04 15:16:15.910435143,0.0
2026/06/04 15:16:15.930688826,0.0
2026/06/04 15:16:15.951338386,0.0
2026/06/04 15:16:15.970824900,0.0
2026/06/04 15:16:15.990995419,0.0
2026/06/04 15:16:16.10551210,0.0
2026/06/04 15:16:16.30624771,0.0
2026/06/04 15:16:16.50673766,0.0
2026/06/04 15:16:16.70613598,0.0
2026/06/04 15:16:16.90760984,0.0
2026/06/04 15:16:16.111246343,0.0
2026/06/04 15:16:16.130847605,0.0
2026/06/04 15:16:16.150971096,0.0
2026/06/04 15:16:16.170847512,0.0
2026/06/04 15:16:16.190441682,0.0
2026/06/04 15:16:16.210800837,0.0
2026/06/04 15:16:16.230700664,0.0
2026/06/04 15:16:16.250444481,0.0
2026/06/04 15:16:16.270869582,0.0
2026/06/04 15:16:16.291005971,0.0
2026/06/04 15:16:16.310831472,0.0
2026/06/04 15:16:16.330502006,0.0
2026/06/04 15:16:16.350497077,0.0
2026/06/04 15:16:16.370775958,0.0
2026/06/04 15:16:16.391470902,0.0
2026/06/04 15:16:16.410853969,0.0
2026/06/04 15:16:16.430676235,0.0
2026/06/04 15:16:16.451301136,0.0
2026/06/04 15:16:16.470576215,0.0
2026/06/04 15:16:16.490554647,0.0
2026/06/04 15:16:16.510558206,0.0
2026/06/04 15:16:16.530977335,0.0
2026/06/04 15:16:16.551184025,0.0
2026/06/04 15:16:16.570786487,0.0
2026/06/04 15:16:16.591107621,0.0
2026/06/04 15:16:16.610663039,0.0
2026/06/04 15:16:16.630417031,0.0
2026/06/04 15:16:16.650588462,0.0
2026/06/04 15:16:16.670590946,0.0
2026/06/04 15:16:16.690610932,0.0
2026/06/04 15:16:16.711383983,0.0
2026/06/04 15:16:16.730810414,0.0
2026/06/04 15:16:16.750608398,0.0
2026/06/04 15:16:16.770603602,0.0
2026/06/04 15:16:16.790672722,0.0
2026/06/04 15:16:16.810564141,0.0
2026/06/04 15:16:16.830658765,0.0
2026/06/04 15:16:16.850773771,0.0
2026/06/04 15:16:16.871344431,0.0
2026/06/04 15:16:16.890803912,0.0
2026/06/04 15:16:16.910552878,0.0
2026/06/04 15:16:16.930573339,0.0
2026/06/04 15:16:16.950665246,0.0
2026/06/04 15:16:16.971337599,0.0
2026/06/04 15:16:16.990823940,0.0
2026/06/04 15:16:17.10904547,0.0
2026/06/04 15:16:17.30863424,0.0
2026/06/04 15:16:17.50532320,0.0
2026/06/04 15:16:17.70417992,0.0
2026/06/04 15:16:17.90481514,0.0
2026/06/04 15:16:17.110993631,0.0
2026/06/04 15:16:17.130598519,0.0
2026/06/04 15:16:17.150603792,0.0
2026/06/04 15:16:17.170888109,0.0
2026/06/04 15:16:17.190856459,0.0
2026/06/04 15:16:17.210372565,0.0
2026/06/04 15:16:17.230731833,0.0
2026/06/04 15:16:17.250934445,0.0
2026/06/04 15:16:17.271002679,0.0
2026/06/04 15:16:17.290850339,0.0
2026/06/04 15:16:17.310959667,0.0
2026/06/04 15:16:17.330903032,0.0
2026/06/04 15:16:17.350740549,0.0
2026/06/04 15:16:17.370497729,0.0
2026/06/04 15:16:17.390693968,0.0
2026/06/04 15:16:17.411185947,0.0
2026/06/04 15:16:17.431226888,0.0
2026/06/04 15:16:17.451163766,0.0
2026/06/04 15:16:17.471039387,0.0
2026/06/04 15:16:17.490598834,0.0
2026/06/04 15:16:17.510540059,0.0
2026/06/04 15:16:17.530560235,0.0
2026/06/04 15:16:17.551147737,0.0
2026/06/04 15:16:17.571117575,0.0
2026/06/04 15:16:17.590936656,0.0
2026/06/04 15:16:17.611241410,0.0
2026/06/04 15:16:17.630664940,0.0
2026/06/04 15:16:17.650812566,0.0
2026/06/04 15:16:17.670492047,0.0
2026/06/04 15:16:17.691169534,0.0
2026/06/04 15:16:17.711112483,0.0
2026/06/04 15:16:17.731099933,0.0
2026/06/04 15:16:17.750904589,0.0
2026/06/04 15:16:17.770762842,0.0
2026/06/04 15:16:17.790521949,0.0
2026/06/04 15:16:17.810617063,0.0
2026/06/04 15:16:17.830595309,0.0
2026/06/04 15:16:17.850669571,0.0
2026/06/04 15:16:17.870691945,0.0
2026/06/04 15:16:17.891011265,0.0
2026/06/04 15:16:17.910843272,0.0
2026/06/04 15:16:17.930574930,0.0
2026/06/04 15:16:17.950767910,0.0
2026/06/04 15:16:17.970794747,0.0
2026/06/04 15:16:17.991320967,0.0
2026/06/04 15:16:18.11329205,0.0
2026/06/04 15:16:18.30753096,0.0
2026/06/04 15:16:18.51003210,0.0
2026/06/04 15:16:18.70660629,0.0
2026/06/04 15:16:18.90853859,0.0
2026/06/04 15:16:18.110852553,0.0
2026/06/04 15:16:18.130813429,0.0
2026/06/04 15:16:18.151451630,0.0
2026/06/04 15:16:18.170916591,0.0
2026/06/04 15:16:18.191259230,0.0
2026/06/04 15:16:18.210783338,0.0
2026/06/04 15:16:18.230774032,0.0
2026/06/04 15:16:18.250510592,0.0
2026/06/04 15:16:18.270970090,0.0
2026/06/04 15:16:18.290604341,0.0
2026/06/04 15:16:18.310879733,0.0
2026/06/04 15:16:18.330866796,0.0
2026/06/04 15:16:18.350835301,0.0
2026/06/04 15:16:18.370585840,0.0
2026/06/04 15:16:18.390584559,0.0
2026/06/04 15:16:18.410998276,0.0
2026/06/04 15:16:18.430732477,0.0
2026/06/04 15:16:18.451382603,0.0
2026/06/04 15:16:18.470710016,0.0
2026/06/04 15:16:18.490760234,0.0
2026/06/04 15:16:18.510576545,0.0
2026/06/04 15:16:18.530547188,0.0
2026/06/04 15:16:18.550641516,0.0
2026/06/04 15:16:18.571150047,0.0
2026/06/04 15:16:18.590975447,0.0
2026/06/04 15:16:18.611008530,0.0
2026/06/04 15:16:18.631091750,0.0
2026/06/04 15:16:18.650419756,0.0
2026/06/04 15:16:18.670576059,0.0
2026/06/04 15:16:18.690689912,0.0
2026/06/04 15:16:18.710953012,0.0
2026/06/04 15:16:18.730679391,0.0
2026/06/04 15:16:18.751146080,0.0
2026/06/04 15:16:18.771099603,0.0
2026/06/04 15:16:18.790616694,0.0
2026/06/04 15:16:18.810363918,0.0
2026/06/04 15:16:18.830562078,0.0
2026/06/04 15:16:18.851062899,0.0
2026/06/04 15:16:18.870863734,0.0
2026/06/04 15:16:18.891021509,0.0
2026/06/04 15:16:18.911051937,0.0
2026/06/04 15:16:18.930575876,0.0
2026/06/04 15:16:18.950719304,0.0
2026/06/04 15:16:18.970561383,0.0
2026/06/04 15:16:18.990758233,0.0
2026/06/04 15:16:19.10833034,0.0
2026/06/04 15:16:19.30788745,0.0
2026/06/04 15:16:19.50661359,0.0
2026/06/04 15:16:19.70556902,0.0
2026/06/04 15:16:19.90629550,0.0
2026/06/04 15:16:19.110744937,0.0
2026/06/04 15:16:19.130463743,0.0
2026/06/04 15:16:19.150878592,0.0
2026/06/04 15:16:19.170998991,0.0
2026/06/04 15:16:19.190891008,0.0
2026/06/04 15:16:19.210903254,0.0
2026/06/04 15:16:19.230541865,0.0
2026/06/04 15:16:19.250752371,0.0
2026/06/04 15:16:19.270519399,0.0
2026/06/04 15:16:19.290726580,0.0
2026/06/04 15:16:19.310774766,0.0
2026/06/04 15:16:19.330577842,0.0
2026/06/04 15:16:19.350748241,0.0
2026/06/04 15:16:19.370551134,0.0
2026/06/04 15:16:19.390524536,0.0
2026/06/04 15:16:19.410674626,0.0
2026/06/04 15:16:19.430594496,0.0
2026/06/04 15:16:19.450946891,0.0
2026/06/04 15:16:19.471037825,0.0
2026/06/04 15:16:19.490765659,0.0
2026/06/04 15:16:19.510744856,0.0
2026/06/04 15:16:19.530455138,0.0
2026/06/04 15:16:19.550495005,0.0
2026/06/04 15:16:19.571060105,0.0
2026/06/04 15:16:19.590803653,0.0
2026/06/04 15:16:19.610949067,0.0
2026/06/04 15:16:19.630570987,0.0
2026/06/04 15:16:19.650648067,0.0
2026/06/04 15:16:19.670570836,0.0
2026/06/04 15:16:19.690585005,0.0
2026/06/04 15:16:19.710573515,0.0
2026/06/04 15:16:19.730713147,0.0
2026/06/04 15:16:19.750976622,0.0
2026/06/04 15:16:19.770851716,0.0
2026/06/04 15:16:19.790760134,0.0
2026/06/04 15:16:19.810796263,0.0
2026/06/04 15:16:19.830721029,0.0
2026/06/04 15:16:19.850566795,0.0
2026/06/04 15:16:19.870917843,0.0
2026/06/04 15:16:19.890632785,0.0
2026/06/04 15:16:19.910552098,0.0
2026/06/04 15:16:19.930594272,0.0
2026/06/04 15:16:19.950539224,0.0
2026/06/04 15:16:19.970536466,0.0
2026/06/04 15:16:19.990695689,0.0
2026/06/04 15:16:20.11102598,0.0
2026/06/04 15:16:20.30891424,0.0
2026/06/04 15:16:20.50804641,0.0
2026/06/04 15:16:20.70775991,0.0
2026/06/04 15:16:20.90668799,0.0
2026/06/04 15:16:20.110655936,0.0
2026/06/04 15:16:20.130561812,0.0
2026/06/04 15:16:20.151000208,0.0
2026/06/04 15:16:20.170888325,0.0
2026/06/04 15:16:20.190973680,0.0
2026/06/04 15:16:20.210756582,0.0
2026/06/04 15:16:20.230622398,0.0
2026/06/04 15:16:20.250667281,0.0
2026/06/04 15:16:20.270485797,0.0
2026/06/04 15:16:20.290644960,0.0
2026/06/04 15:16:20.310546167,0.0
2026/06/04 15:16:20.330621606,0.0
2026/06/04 15:16:20.351013924,0.0
2026/06/04 15:16:20.371006435,0.0
2026/06/04 15:16:20.390759046,0.0
2026/06/04 15:16:20.410560176,0.0
2026/06/04 15:16:20.430579393,0.0
2026/06/04 15:16:20.450833886,0.0
2026/06/04 15:16:20.470800509,0.0
2026/06/04 15:16:20.490985115,0.0
2026/06/04 15:16:20.511110059,0.0
2026/06/04 15:16:20.530698753,0.0
2026/06/04 15:16:20.550587922,0.0
2026/06/04 15:16:20.570547674,0.0
2026/06/04 15:16:20.590637680,0.0
2026/06/04 15:16:20.610781256,0.0
2026/06/04 15:16:20.631016906,0.0
2026/06/04 15:16:20.651054952,0.0
2026/06/04 15:16:20.670822734,0.0
2026/06/04 15:16:20.690535665,0.0
2026/06/04 15:16:20.710673421,0.0
2026/06/04 15:16:20.730636112,0.0
2026/06/04 15:16:20.750906633,0.0
2026/06/04 15:16:20.770804022,0.0
2026/06/04 15:16:20.790914536,0.0
2026/06/04 15:16:20.810853050,0.0
2026/06/04 15:16:20.830499630,0.0
2026/06/04 15:16:20.850656515,0.0
2026/06/04 15:16:20.870944000,0.0
2026/06/04 15:16:20.891018662,0.0
2026/06/04 15:16:20.910989998,0.0
2026/06/04 15:16:20.931063842,0.0
2026/06/04 15:16:20.951218722,0.0
2026/06/04 15:16:20.970977040,0.0
2026/06/04 15:16:20.990723026,0.0
2026/06/04 15:16:21.10753000,0.0
2026/06/04 15:16:21.30537284,0.0
2026/06/04 15:16:21.51004553,0.0
2026/06/04 15:16:21.71237542,0.0
2026/06/04 15:16:21.91150550,0.0
2026/06/04 15:16:21.110932129,0.0
2026/06/04 15:16:21.130577840,0.0
2026/06/04 15:16:21.150591590,0.0
2026/06/04 15:16:21.170460349,0.0
2026/06/04 15:16:21.191396481,0.0
2026/06/04 15:16:21.211164314,0.0
2026/06/04 15:16:21.230984130,0.0
2026/06/04 15:16:21.251128248,0.0
2026/06/04 15:16:21.270575094,0.0
2026/06/04 15:16:21.290618286,0.0
2026/06/04 15:16:21.310642287,0.0
2026/06/04 15:16:21.330629568,0.0
2026/06/04 15:16:21.350722562,0.0
2026/06/04 15:16:21.371080070,0.0
2026/06/04 15:16:21.391080293,0.0
2026/06/04 15:16:21.410735930,0.0
2026/06/04 15:16:21.430603176,0.0
2026/06/04 15:16:21.450796893,0.0
2026/06/04 15:16:21.470775148,0.0
2026/06/04 15:16:21.490767345,0.0
2026/06/04 15:16:21.511227669,0.0
2026/06/04 15:16:21.530821379,0.0
2026/06/04 15:16:21.550714199,0.0
2026/06/04 15:16:21.570758742,0.0
2026/06/04 15:16:21.590526679,0.0
2026/06/04 15:16:21.610452952,0.0
2026/06/04 15:16:21.630786235,0.0
2026/06/04 15:16:21.650932179,0.0
2026/06/04 15:16:21.670748498,0.0
2026/06/04 15:16:21.690712982,0.0
2026/06/04 15:16:21.710635663,0.0
2026/06/04 15:16:21.730627092,0.0
2026/06/04 15:16:21.750652509,0.0
2026/06/04 15:16:21.770772697,0.0
2026/06/04 15:16:21.790856161,0.0
2026/06/04 15:16:21.810999605,0.0
2026/06/04 15:16:21.831135440,0.0
2026/06/04 15:16:21.850882604,0.0
2026/06/04 15:16:21.870695226,0.0
2026/06/04 15:16:21.890832299,0.0
2026/06/04 15:16:21.910791451,0.0
2026/06/04 15:16:21.930728066,0.0
2026/06/04 15:16:21.950507779,0.0
2026/06/04 15:16:21.970886544,0.0
2026/06/04 15:16:21.990781825,0.0
2026/06/04 15:16:22.10696695,0.0
2026/06/04 15:16:22.30503716,0.0
2026/06/04 15:16:22.50563670,0.0
2026/06/04 15:16:22.70956598,0.0
2026/06/04 15:16:22.91137264,0.0
2026/06/04 15:16:22.110882925,0.0
2026/06/04 15:16:22.130682384,0.0
2026/06/04 15:16:22.150632170,0.0
2026/06/04 15:16:22.170648782,0.0
2026/06/04 15:16:22.190725074,0.0
2026/06/04 15:16:22.211289845,0.0
2026/06/04 15:16:22.230977004,0.0
2026/06/04 15:16:22.250828024,0.0
2026/06/04 15:16:22.270878074,0.0
2026/06/04 15:16:22.290603418,0.0
2026/06/04 15:16:22.310472291,0.0
2026/06/04 15:16:22.330626631,0.0
2026/06/04 15:16:22.350559527,0.0
2026/06/04 15:16:22.370800849,0.0
2026/06/04 15:16:22.390893521,0.0
2026/06/04 15:16:22.410880705,0.0
2026/06/04 15:16:22.430657196,0.0
2026/06/04 15:16:22.450549728,0.0
2026/06/04 15:16:22.470456453,0.0
2026/06/04 15:16:22.490744618,0.0
2026/06/04 15:16:22.510643095,0.0
2026/06/04 15:16:22.530809792,0.0
2026/06/04 15:16:22.550725375,0.0
2026/06/04 15:16:22.570999856,0.0
2026/06/04 15:16:22.590566204,0.0
2026/06/04 15:16:22.610559415,0.0
2026/06/04 15:16:22.630548672,0.0
2026/06/04 15:16:22.651071189,0.0
2026/06/04 15:16:22.671069428,0.0
2026/06/04 15:16:22.690812666,0.0
2026/06/04 15:16:22.710808014,0.0
2026/06/04 15:16:22.730594900,0.0
2026/06/04 15:16:22.750861565,0.0
2026/06/04 15:16:22.770643402,0.0
2026/06/04 15:16:22.790692394,0.0
2026/06/04 15:16:22.811145323,0.0
2026/06/04 15:16:22.830649979,0.0
2026/06/04 15:16:22.850836400,0.0
2026/06/04 15:16:22.870632703,0.0
2026/06/04 15:16:22.890559081,0.0
2026/06/04 15:16:22.910666626,0.0
2026/06/04 15:16:22.930541109,0.0
2026/06/04 15:16:22.950931018,0.0
2026/06/04 15:16:22.971066988,0.0
2026/06/04 15:16:22.990702641,0.0
2026/06/04 15:16:23.10692302,0.0
2026/06/04 15:16:23.30478277,0.0
2026/06/04 15:16:23.50479286,0.0
2026/06/04 15:16:23.70666020,0.0
2026/06/04 15:16:23.90700352,0.0
2026/06/04 15:16:23.111147835,0.0
2026/06/04 15:16:23.130848716,0.0
2026/06/04 15:16:23.150869304,0.0
2026/06/04 15:16:23.170490712,0.0
2026/06/04 15:16:23.190659966,0.0
2026/06/04 15:16:23.210406175,0.0
2026/06/04 15:16:23.230914674,0.0
2026/06/04 15:16:23.250717447,0.0
2026/06/04 15:16:23.270793713,0.0
2026/06/04 15:16:23.290729364,0.0
2026/06/04 15:16:23.310605879,0.0
2026/06/04 15:16:23.330527069,0.0
2026/06/04 15:16:23.350697383,0.0
2026/06/04 15:16:23.370674172,0.0
2026/06/04 15:16:23.390849953,0.0
2026/06/04 15:16:23.410805641,0.0
2026/06/04 15:16:23.430597690,0.0
2026/06/04 15:16:23.450763521,0.0
2026/06/04 15:16:23.470556307,0.0
2026/06/04 15:16:23.490796131,0.0
2026/06/04 15:16:23.510440399,0.0
2026/06/04 15:16:23.530623642,0.0
2026/06/04 15:16:23.551208050,0.0
2026/06/04 15:16:23.571427781,0.0
2026/06/04 15:16:23.591122924,0.0
2026/06/04 15:16:23.610632908,0.0
2026/06/04 15:16:23.630503124,0.0
2026/06/04 15:16:23.650551916,0.0
2026/06/04 15:16:23.670710263,0.0
2026/06/04 15:16:23.690725478,0.0
2026/06/04 15:16:23.710868429,0.0
2026/06/04 15:16:23.731084683,0.0
2026/06/04 15:16:23.750702303,0.0
2026/06/04 15:16:23.770651379,0.0
2026/06/04 15:16:23.790522336,0.0
2026/06/04 15:16:23.810912754,0.0
2026/06/04 15:16:23.830616136,0.0
2026/06/04 15:16:23.850964687,0.0
2026/06/04 15:16:23.870883853,0.0
2026/06/04 15:16:23.891249748,0.0
2026/06/04 15:16:23.910597082,0.0
2026/06/04 15:16:23.930598541,0.0
2026/06/04 15:16:23.950725577,0.0
2026/06/04 15:16:23.970729339,0.0
2026/06/04 15:16:23.990743192,0.0
2026/06/04 15:16:24.10796286,0.0
2026/06/04 15:16:24.30845044,0.0
2026/06/04 15:16:24.50573476,0.0
2026/06/04 15:16:24.70765425,0.0
2026/06/04 15:16:24.90671646,0.0
2026/06/04 15:16:24.111035308,0.0
2026/06/04 15:16:24.130781431,0.0
2026/06/04 15:16:24.151241528,0.0
2026/06/04 15:16:24.171027393,0.0
2026/06/04 15:16:24.190698005,0.0
2026/06/04 15:16:24.210664250,0.0
2026/06/04 15:16:24.230474275,0.0
2026/06/04 15:16:24.250776468,0.0
2026/06/04 15:16:24.270848802,0.0
2026/06/04 15:16:24.290850575,0.0
2026/06/04 15:16:24.311011567,0.0
2026/06/04 15:16:24.330699375,0.0
2026/06/04 15:16:24.350886011,0.0
2026/06/04 15:16:24.370751311,0.0
2026/06/04 15:16:24.390668322,0.0
2026/06/04 15:16:24.410801757,0.0
2026/06/04 15:16:24.430642167,0.0
2026/06/04 15:16:24.450724835,0.0
2026/06/04 15:16:24.470824050,0.0
2026/06/04 15:16:24.490543704,0.0
2026/06/04 15:16:24.510611369,0.0
2026/06/04 15:16:24.530546192,0.0
2026/06/04 15:16:24.550782666,0.0
2026/06/04 15:16:24.570792333,0.0
2026/06/04 15:16:24.590927031,0.0
2026/06/04 15:16:24.610901158,0.0
2026/06/04 15:16:24.630612938,0.0
2026/06/04 15:16:24.650842302,0.0
2026/06/04 15:16:24.670645900,0.0
2026/06/04 15:16:24.691067117,0.0
2026/06/04 15:16:24.710728255,0.0
2026/06/04 15:16:24.730846410,0.0
2026/06/04 15:16:24.750672321,0.0
2026/06/04 15:16:24.770690600,0.0
2026/06/04 15:16:24.790708444,0.0
2026/06/04 15:16:24.810492382,0.0
2026/06/04 15:16:24.830811284,0.0
2026/06/04 15:16:24.850692001,0.0
2026/06/04 15:16:24.871032943,0.0
2026/06/04 15:16:24.890924996,0.0
2026/06/04 15:16:24.910594611,0.0
2026/06/04 15:16:24.930458786,0.0
2026/06/04 15:16:24.950562339,0.0
2026/06/04 15:16:24.970657279,0.0
2026/06/04 15:16:24.991400958,0.0
2026/06/04 15:16:25.11001427,0.0
2026/06/04 15:16:25.30730155,0.0
2026/06/04 15:16:25.50789357,0.0
2026/06/04 15:16:25.70654839,0.0
2026/06/04 15:16:25.90546716,0.0
2026/06/04 15:16:25.110926031,0.0
2026/06/04 15:16:25.130701627,0.0
2026/06/04 15:16:25.150743709,0.0
2026/06/04 15:16:25.170890384,0.0
2026/06/04 15:16:25.191014113,0.0
2026/06/04 15:16:25.210627260,0.0
2026/06/04 15:16:25.230764849,0.0
2026/06/04 15:16:25.250622138,0.0
2026/06/04 15:16:25.270916291,0.0
2026/06/04 15:16:25.290675566,0.0
2026/06/04 15:16:25.310863047,0.0
2026/06/04 15:16:25.330837725,0.0
2026/06/04 15:16:25.350602970,0.0
2026/06/04 15:16:25.370456777,0.0
2026/06/04 15:16:25.390618021,0.0
2026/06/04 15:16:25.410906089,0.0
2026/06/04 15:16:25.430695610,0.0
2026/06/04 15:16:25.450639566,0.0
2026/06/04 15:16:25.470806622,0.0
2026/06/04 15:16:25.490966583,0.0
2026/06/04 15:16:25.510687917,0.0
2026/06/04 15:16:25.530585392,0.0
2026/06/04 15:16:25.550923813,0.0
2026/06/04 15:16:25.571504087,0.0
2026/06/04 15:16:25.590976901,0.0
2026/06/04 15:16:25.611106707,0.0
2026/06/04 15:16:25.630758467,0.0
2026/06/04 15:16:25.650552920,0.0
2026/06/04 15:16:25.670692250,0.0
2026/06/04 15:16:25.690802389,0.0
2026/06/04 15:16:25.710693609,0.0
2026/06/04 15:16:25.731079429,0.0
2026/06/04 15:16:25.751009999,0.0
2026/06/04 15:16:25.770968054,0.0
2026/06/04 15:16:25.790852192,0.0
2026/06/04 15:16:25.810722936,0.0
2026/06/04 15:16:25.830947733,0.0
2026/06/04 15:16:25.850549775,0.0
2026/06/04 15:16:25.870803042,0.0
2026/06/04 15:16:25.891027623,0.0
2026/06/04 15:16:25.910962609,0.0
2026/06/04 15:16:25.930665147,0.0
2026/06/04 15:16:25.950534023,0.0
2026/06/04 15:16:25.970780942,0.0
2026/06/04 15:16:25.991070189,0.0
2026/06/04 15:16:26.10873840,0.0
2026/06/04 15:16:26.30637575,0.0
2026/06/04 15:16:26.50960499,0.0
2026/06/04 15:16:26.70836535,0.0
2026/06/04 15:16:26.90774390,0.0
2026/06/04 15:16:26.110578537,0.0
2026/06/04 15:16:26.130636418,0.0
2026/06/04 15:16:26.150936824,0.0
2026/06/04 15:16:26.171353531,0.0
2026/06/04 15:16:26.190839744,0.0
2026/06/04 15:16:26.210631678,0.0
2026/06/04 15:16:26.230738873,0.0
2026/06/04 15:16:26.250706247,0.0
2026/06/04 15:16:26.270913451,0.0
2026/06/04 15:16:26.290774043,0.0
2026/06/04 15:16:26.310982576,0.0
2026/06/04 15:16:26.330865763,0.0
2026/06/04 15:16:26.350805122,0.0
2026/06/04 15:16:26.370625002,0.0
2026/06/04 15:16:26.390530793,0.0
2026/06/04 15:16:26.410683705,0.0
2026/06/04 15:16:26.430667726,0.0
2026/06/04 15:16:26.450676770,0.0
2026/06/04 15:16:26.471020067,0.0
2026/06/04 15:16:26.490833025,0.0
2026/06/04 15:16:26.510845424,0.0
2026/06/04 15:16:26.530833109,0.0
2026/06/04 15:16:26.550792623,0.0
2026/06/04 15:16:26.571468089,0.0
2026/06/04 15:16:26.591356993,0.0
2026/06/04 15:16:26.611018192,0.0
2026/06/04 15:16:26.630927063,0.0
2026/06/04 15:16:26.650762146,0.0
2026/06/04 15:16:26.670785688,0.0
2026/06/04 15:16:26.690594457,0.0
2026/06/04 15:16:26.710853121,0.0
2026/06/04 15:16:26.730750414,0.0
2026/06/04 15:16:26.751133977,0.0
2026/06/04 15:16:26.771419445,0.0
2026/06/04 15:16:26.790501313,0.0
2026/06/04 15:16:26.810452132,0.0
2026/06/04 15:16:26.830612087,0.0
2026/06/04 15:16:26.851058726,0.0
2026/06/04 15:16:26.871022559,0.0
2026/06/04 15:16:26.891361374,0.0
2026/06/04 15:16:26.911237188,0.0
2026/06/04 15:16:26.930897753,0.0
2026/06/04 15:16:26.950523229,0.0
2026/06/04 15:16:26.970630951,0.0
2026/06/04 15:16:26.990884827,0.0
2026/06/04 15:16:27.10975738,0.0
2026/06/04 15:16:27.30900252,0.0
2026/06/04 15:16:27.50777747,0.0
2026/06/04 15:16:27.70859842,0.0
2026/06/04 15:16:27.90563992,0.0
2026/06/04 15:16:27.110482052,0.0
2026/06/04 15:16:27.130697242,0.0
2026/06/04 15:16:27.151139483,0.0
2026/06/04 15:16:27.171475945,0.0
2026/06/04 15:16:27.190886630,0.0
2026/06/04 15:16:27.210865797,0.0
2026/06/04 15:16:27.230738095,0.0
2026/06/04 15:16:27.250634303,0.0
2026/06/04 15:16:27.270526278,0.0
2026/06/04 15:16:27.291074162,0.0
2026/06/04 15:16:27.311138591,0.0
2026/06/04 15:16:27.331084725,0.0
2026/06/04 15:16:27.350643244,0.0
2026/06/04 15:16:27.370733631,0.0
2026/06/04 15:16:27.390632172,0.0
2026/06/04 15:16:27.410654491,0.0
2026/06/04 15:16:27.430651563,0.0
2026/06/04 15:16:27.450876079,0.0
2026/06/04 15:16:27.470983380,0.0
2026/06/04 15:16:27.491086765,0.0
2026/06/04 15:16:27.510948367,0.0
2026/06/04 15:16:27.530802306,0.0
2026/06/04 15:16:27.550636658,0.0
2026/06/04 15:16:27.570588263,0.0
2026/06/04 15:16:27.591154031,0.0
2026/06/04 15:16:27.611370415,0.0
2026/06/04 15:16:27.630683715,0.0
2026/06/04 15:16:27.650842391,0.0
2026/06/04 15:16:27.670584763,0.0
2026/06/04 15:16:27.690755058,0.0
2026/06/04 15:16:27.710817877,0.0
2026/06/04 15:16:27.730770591,0.0
2026/06/04 15:16:27.751203690,0.0
2026/06/04 15:16:27.771192959,0.0
2026/06/04 15:16:27.791005877,0.0
2026/06/04 15:16:27.810649804,0.0
2026/06/04 15:16:27.830566351,0.0
2026/06/04 15:16:27.850777774,0.0
2026/06/04 15:16:27.871025185,0.0
2026/06/04 15:16:27.891379044,0.0
2026/06/04 15:16:27.910989423,0.0
2026/06/04 15:16:27.930653037,0.0
2026/06/04 15:16:27.950890828,0.0
2026/06/04 15:16:27.970520339,0.0
2026/06/04 15:16:27.990716724,0.0
2026/06/04 15:16:28.10792892,0.0
2026/06/04 15:16:28.31037177,0.0
2026/06/04 15:16:28.50805800,0.0
2026/06/04 15:16:28.70699316,0.0
2026/06/04 15:16:28.90871994,0.0
2026/06/04 15:16:28.110739442,0.0
2026/06/04 15:16:28.130520190,0.0
2026/06/04 15:16:28.150756331,0.0
2026/06/04 15:16:28.171313533,0.0
2026/06/04 15:16:28.191487101,0.0
2026/06/04 15:16:28.211097638,0.0
2026/06/04 15:16:28.231332077,0.0
2026/06/04 15:16:28.250667332,0.0
2026/06/04 15:16:28.270579068,0.0
2026/06/04 15:16:28.290482783,0.0
2026/06/04 15:16:28.310858857,0.0
2026/06/04 15:16:28.331090912,0.0
2026/06/04 15:16:28.350798596,0.0
2026/06/04 15:16:28.370922246,0.0
2026/06/04 15:16:28.390863923,0.0
2026/06/04 15:16:28.410705851,0.0
2026/06/04 15:16:28.430551219,0.0
2026/06/04 15:16:28.450589628,0.0
2026/06/04 15:16:28.471060958,0.0
2026/06/04 15:16:28.491034820,0.0
2026/06/04 15:16:28.510883447,0.0
2026/06/04 15:16:28.530700193,0.0
2026/06/04 15:16:28.550755269,0.0
2026/06/04 15:16:28.570674093,0.0
2026/06/04 15:16:28.590762276,0.0
2026/06/04 15:16:28.611105908,0.0
2026/06/04 15:16:28.630707668,0.0
2026/06/04 15:16:28.650929481,0.0
2026/06/04 15:16:28.671234908,0.0
2026/06/04 15:16:28.690855966,0.0
2026/06/04 15:16:28.710755148,0.0
2026/06/04 15:16:28.730559314,0.0
2026/06/04 15:16:28.751103250,0.0
2026/06/04 15:16:28.770908433,0.0
2026/06/04 15:16:28.790719289,0.0
2026/06/04 15:16:28.811026253,0.0
2026/06/04 15:16:28.830728073,0.0
2026/06/04 15:16:28.850620366,0.0
2026/06/04 15:16:28.870755639,0.0
2026/06/04 15:16:28.890893922,0.0
2026/06/04 15:16:28.911318547,0.0
2026/06/04 15:16:28.930685648,0.0
2026/06/04 15:16:28.950871329,0.0
2026/06/04 15:16:28.970982981,0.0
2026/06/04 15:16:28.990567912,0.0
2026/06/04 15:16:29.10567849,0.0
2026/06/04 15:16:29.30672817,0.0
2026/06/04 15:16:29.51004300,0.0
2026/06/04 15:16:29.70760511,0.0
2026/06/04 15:16:29.90817292,0.0
2026/06/04 15:16:29.110925658,0.0
2026/06/04 15:16:29.130721186,0.0
2026/06/04 15:16:29.150543749,0.0
2026/06/04 15:16:29.170827999,0.0
2026/06/04 15:16:29.190909252,0.0
2026/06/04 15:16:29.210850742,0.0
2026/06/04 15:16:29.230701185,0.0
2026/06/04 15:16:29.251162340,0.0
2026/06/04 15:16:29.270603521,0.0
2026/06/04 15:16:29.290522234,0.0
2026/06/04 15:16:29.310528176,0.0
2026/06/04 15:16:29.330470952,0.0
2026/06/04 15:16:29.350969372,0.0
2026/06/04 15:16:29.371259703,0.0
2026/06/04 15:16:29.391240911,0.0
2026/06/04 15:16:29.411105688,0.0
2026/06/04 15:16:29.430663945,0.0
2026/06/04 15:16:29.450665878,0.0
2026/06/04 15:16:29.471001068,0.0
2026/06/04 15:16:29.491159615,0.0
2026/06/04 15:16:29.511371830,0.0
2026/06/04 15:16:29.530709300,0.0
2026/06/04 15:16:29.551056716,0.0
2026/06/04 15:16:29.570883121,0.0
2026/06/04 15:16:29.590502310,0.0
2026/06/04 15:16:29.610725080,0.0
2026/06/04 15:16:29.630921932,0.0
2026/06/04 15:16:29.651031566,0.0
2026/06/04 15:16:29.671474160,0.0
2026/06/04 15:16:29.691170294,0.0
2026/06/04 15:16:29.711018877,0.0
2026/06/04 15:16:29.730795915,0.0
2026/06/04 15:16:29.750550303,0.0
2026/06/04 15:16:29.770779210,0.0
2026/06/04 15:16:29.791300855,0.0
2026/06/04 15:16:29.811086290,0.0
2026/06/04 15:16:29.830861942,0.0
2026/06/04 15:16:29.851073835,0.0
2026/06/04 15:16:29.870813053,0.0
2026/06/04 15:16:29.890509483,0.0
2026/06/04 15:16:29.910523800,0.0
2026/06/04 15:16:29.931115331,0.0
2026/06/04 15:16:29.950835605,0.0
2026/06/04 15:16:29.971069957,0.0
2026/06/04 15:16:29.990900119,0.0
2026/06/04 15:16:30.10973408,0.0
2026/06/04 15:16:30.30676952,0.0
2026/06/04 15:16:30.50894801,0.0
2026/06/04 15:16:30.70683563,0.0
2026/06/04 15:16:30.90584814,0.0
2026/06/04 15:16:30.110935319,0.0
2026/06/04 15:16:30.130607805,0.0
2026/06/04 15:16:30.150597849,0.0
2026/06/04 15:16:30.170771522,0.0
2026/06/04 15:16:30.190495911,0.0
2026/06/04 15:16:30.210810894,0.0
2026/06/04 15:16:30.230863330,0.0
2026/06/04 15:16:30.251427441,0.0
2026/06/04 15:16:30.270840613,0.0
2026/06/04 15:16:30.290663672,0.0
2026/06/04 15:16:30.310611606,0.0
2026/06/04 15:16:30.330850825,0.0
2026/06/04 15:16:30.350589896,0.0
2026/06/04 15:16:30.370966311,0.0
2026/06/04 15:16:30.390913771,0.0
2026/06/04 15:16:30.411062994,0.0
2026/06/04 15:16:30.430832677,0.0
2026/06/04 15:16:30.450462801,0.0
2026/06/04 15:16:30.470566136,0.0
2026/06/04 15:16:30.490586857,0.0
2026/06/04 15:16:30.511344852,0.0
2026/06/04 15:16:30.530810241,0.0
2026/06/04 15:16:30.551136519,0.0
2026/06/04 15:16:30.570741594,0.0
2026/06/04 15:16:30.590715301,0.0
2026/06/04 15:16:30.610608419,0.0
2026/06/04 15:16:30.630617356,0.0
2026/06/04 15:16:30.650971163,0.0
2026/06/04 15:16:30.671181019,0.0
2026/06/04 15:16:30.691125837,0.0
2026/06/04 15:16:30.711233082,0.0
2026/06/04 15:16:30.730633663,0.0
2026/06/04 15:16:30.750586501,0.0
2026/06/04 15:16:30.770451959,0.0
2026/06/04 15:16:30.790844922,0.0
2026/06/04 15:16:30.811241818,0.0
2026/06/04 15:16:30.830652895,0.0
2026/06/04 15:16:30.851071883,0.0
2026/06/04 15:16:30.871139078,0.0
2026/06/04 15:16:30.890719037,0.0
2026/06/04 15:16:30.910768500,0.0
2026/06/04 15:16:30.930635809,0.0
2026/06/04 15:16:30.951270325,0.0
2026/06/04 15:16:30.971400762,0.0
2026/06/04 15:16:30.990895377,0.0
2026/06/04 15:16:31.11504493,0.0
2026/06/04 15:16:31.30705209,0.0
2026/06/04 15:16:31.50452624,0.0
2026/06/04 15:16:31.70510327,0.0
2026/06/04 15:16:31.90913745,0.0
2026/06/04 15:16:31.111209184,0.0
2026/06/04 15:16:31.130673438,0.0
2026/06/04 15:16:31.151383416,0.0
2026/06/04 15:16:31.170741479,0.0
2026/06/04 15:16:31.190825307,0.0
2026/06/04 15:16:31.210580402,0.0
2026/06/04 15:16:31.230790435,0.0
2026/06/04 15:16:31.251014731,0.0
2026/06/04 15:16:31.270973558,0.0
2026/06/04 15:16:31.291104841,0.0
2026/06/04 15:16:31.310857833,0.0
2026/06/04 15:16:31.330530366,0.0
2026/06/04 15:16:31.350613096,0.0
2026/06/04 15:16:31.370745296,0.0
2026/06/04 15:16:31.390909648,0.0
2026/06/04 15:16:31.410962671,0.0
2026/06/04 15:16:31.431192568,0.0
2026/06/04 15:16:31.450833310,0.0
2026/06/04 15:16:31.470481997,0.0
2026/06/04 15:16:31.490673760,0.0
2026/06/04 15:16:31.510813836,0.0
2026/06/04 15:16:31.530832440,0.0
2026/06/04 15:16:31.551361905,0.0
2026/06/04 15:16:31.571456170,0.0
2026/06/04 15:16:31.591231055,0.0
2026/06/04 15:16:31.610738918,0.0
2026/06/04 15:16:31.630609921,0.0
2026/06/04 15:16:31.650628970,0.0
2026/06/04 15:16:31.671183819,0.0
2026/06/04 15:16:31.691074357,0.0
2026/06/04 15:16:31.710978030,0.0
2026/06/04 15:16:31.730887062,0.0
2026/06/04 15:16:31.750904612,0.0
2026/06/04 15:16:31.770697683,0.0
2026/06/04 15:16:31.790653466,0.0
2026/06/04 15:16:31.810822795,0.0
2026/06/04 15:16:31.831006538,0.0
2026/06/04 15:16:31.851103876,0.0
2026/06/04 15:16:31.871121155,0.0
2026/06/04 15:16:31.891084316,0.0
2026/06/04 15:16:31.910544372,0.0
2026/06/04 15:16:31.930799864,0.0
2026/06/04 15:16:31.950914644,0.0
2026/06/04 15:16:31.970892987,0.0
2026/06/04 15:16:31.991466524,0.0
2026/06/04 15:16:32.10660050,0.0
2026/06/04 15:16:32.31073228,0.0
2026/06/04 15:16:32.50570592,0.0
2026/06/04 15:16:32.70507494,0.0
2026/06/04 15:16:32.90934441,0.0
2026/06/04 15:16:32.111006824,0.0
2026/06/04 15:16:32.130681650,0.0
2026/06/04 15:16:32.151132689,0.0
2026/06/04 15:16:32.171012950,0.0
2026/06/04 15:16:32.191010989,0.0
2026/06/04 15:16:32.210487541,0.0
2026/06/04 15:16:32.230751003,0.0
2026/06/04 15:16:32.251193015,0.0
2026/06/04 15:16:32.271451809,0.0
2026/06/04 15:16:32.290874229,0.0
2026/06/04 15:16:32.311263339,0.0
2026/06/04 15:16:32.330952071,0.0
2026/06/04 15:16:32.350747409,0.0
2026/06/04 15:16:32.370638759,0.0
2026/06/04 15:16:32.390780115,0.0
2026/06/04 15:16:32.411072423,0.0
2026/06/04 15:16:32.430796021,0.0
2026/06/04 15:16:32.450935970,0.0
2026/06/04 15:16:32.470739814,0.0
2026/06/04 15:16:32.490510324,0.0
2026/06/04 15:16:32.510545330,0.0
2026/06/04 15:16:32.530652870,0.0
2026/06/04 15:16:32.551030673,0.0
2026/06/04 15:16:32.571503300,0.0
2026/06/04 15:16:32.590715549,0.0
2026/06/04 15:16:32.611213771,0.0
2026/06/04 15:16:32.630620260,0.0
2026/06/04 15:16:32.650572432,0.0
2026/06/04 15:16:32.670632349,0.0
2026/06/04 15:16:32.690786088,0.0
2026/06/04 15:16:32.710854993,0.0
2026/06/04 15:16:32.731122602,0.0
2026/06/04 15:16:32.750960494,0.0
2026/06/04 15:16:32.770620287,0.0
2026/06/04 15:16:32.790617397,0.0
2026/06/04 15:16:32.810698331,0.0
2026/06/04 15:16:32.830769103,0.0
2026/06/04 15:16:32.850690203,0.0
2026/06/04 15:16:32.871116264,0.0
2026/06/04 15:16:32.891259723,0.0
2026/06/04 15:16:32.910773663,0.0
2026/06/04 15:16:32.930543235,0.0
2026/06/04 15:16:32.950720528,0.0
2026/06/04 15:16:32.970698050,0.0
2026/06/04 15:16:32.991661158,0.0
2026/06/04 15:16:33.10922717,0.0
2026/06/04 15:16:33.30802761,0.0
2026/06/04 15:16:33.50949043,0.0
2026/06/04 15:16:33.70721930,0.0
2026/06/04 15:16:33.90576441,0.0
2026/06/04 15:16:33.110691877,0.0
2026/06/04 15:16:33.130665115,0.0
2026/06/04 15:16:33.150925324,0.0
2026/06/04 15:16:33.171029983,0.0
2026/06/04 15:16:33.190747480,0.0
2026/06/04 15:16:33.210853687,0.0
2026/06/04 15:16:33.230668136,0.0
2026/06/04 15:16:33.250655314,0.0
2026/06/04 15:16:33.270961170,0.0
2026/06/04 15:16:33.290912129,0.0
2026/06/04 15:16:33.310979842,0.0
2026/06/04 15:16:33.330980177,0.0
2026/06/04 15:16:33.350700096,0.0
2026/06/04 15:16:33.370709170,0.0
2026/06/04 15:16:33.390732046,0.0
2026/06/04 15:16:33.410652681,0.0
2026/06/04 15:16:33.431094170,0.0
2026/06/04 15:16:33.451084079,0.0
2026/06/04 15:16:33.470977555,0.0
2026/06/04 15:16:33.491002640,0.0
2026/06/04 15:16:33.510562704,0.0
2026/06/04 15:16:33.530671551,0.0
2026/06/04 15:16:33.550648263,0.0
2026/06/04 15:16:33.571009932,0.0
2026/06/04 15:16:33.591031719,0.0
2026/06/04 15:16:33.610988381,0.0
2026/06/04 15:16:33.630908783,0.0
2026/06/04 15:16:33.650718172,0.0
2026/06/04 15:16:33.670584242,0.0
2026/06/04 15:16:33.690739951,0.0
2026/06/04 15:16:33.710801523,0.0
2026/06/04 15:16:33.730664101,0.0
2026/06/04 15:16:33.750907400,0.0
2026/06/04 15:16:33.770905433,0.0
2026/06/04 15:16:33.791014052,0.0
2026/06/04 15:16:33.810628447,0.0
2026/06/04 15:16:33.830697133,0.0
2026/06/04 15:16:33.850510328,0.0
2026/06/04 15:16:33.870753103,0.0
2026/06/04 15:16:33.890884649,0.0
2026/06/04 15:16:33.911017687,0.0
2026/06/04 15:16:33.930807637,0.0
2026/06/04 15:16:33.950738641,0.0
2026/06/04 15:16:33.970537105,0.0
2026/06/04 15:16:33.990485742,0.0
2026/06/04 15:16:34.10976820,0.0
2026/06/04 15:16:34.30825720,0.0
2026/06/04 15:16:34.50915510,0.0
2026/06/04 15:16:34.71118366,0.0
2026/06/04 15:16:34.90760590,0.0
2026/06/04 15:16:34.110461875,0.0
2026/06/04 15:16:34.130638766,0.0
2026/06/04 15:16:34.150637228,0.0
2026/06/04 15:16:34.171021089,0.0
2026/06/04 15:16:34.190832657,0.0
2026/06/04 15:16:34.211010901,0.0
2026/06/04 15:16:34.230959709,0.0
2026/06/04 15:16:34.250572757,0.0
2026/06/04 15:16:34.270544195,0.0
2026/06/04 15:16:34.290539198,0.0
2026/06/04 15:16:34.310887939,0.0
2026/06/04 15:16:34.331169533,0.0
2026/06/04 15:16:34.351091023,0.0
2026/06/04 15:16:34.370890524,0.0
2026/06/04 15:16:34.390709172,0.0
2026/06/04 15:16:34.410805032,0.0
2026/06/04 15:16:34.430435008,0.0
2026/06/04 15:16:34.450814340,0.0
2026/06/04 15:16:34.471186196,0.0
2026/06/04 15:16:34.491184667,0.0
2026/06/04 15:16:34.510764832,0.0
2026/06/04 15:16:34.530700250,0.0
2026/06/04 15:16:34.550687195,0.0
2026/06/04 15:16:34.570555869,0.0
2026/06/04 15:16:34.590704025,0.0
2026/06/04 15:16:34.610904328,0.0
2026/06/04 15:16:34.630682459,0.0
2026/06/04 15:16:34.650888595,0.0
2026/06/04 15:16:34.671064005,0.0
2026/06/04 15:16:34.690803464,0.0
2026/06/04 15:16:34.710860173,0.0
2026/06/04 15:16:34.730606131,0.0
2026/06/04 15:16:34.750757470,0.0
2026/06/04 15:16:34.771096585,0.0
2026/06/04 15:16:34.790985315,0.0
2026/06/04 15:16:34.811029170,0.0
2026/06/04 15:16:34.830623400,0.0
2026/06/04 15:16:34.850513048,0.0
2026/06/04 15:16:34.870707985,0.0
2026/06/04 15:16:34.890728572,0.0
2026/06/04 15:16:34.910737901,0.0
2026/06/04 15:16:34.930816733,0.0
2026/06/04 15:16:34.951021677,0.0
2026/06/04 15:16:34.971004177,0.0
2026/06/04 15:16:34.990813511,0.0
2026/06/04 15:16:35.10512553,0.0
2026/06/04 15:16:35.30556190,0.0
2026/06/04 15:16:35.50829420,0.0
2026/06/04 15:16:35.70994858,0.0
2026/06/04 15:16:35.90992371,0.0
2026/06/04 15:16:35.111006935,0.0
2026/06/04 15:16:35.130590036,0.0
2026/06/04 15:16:35.150973076,0.0
2026/06/04 15:16:35.170544963,0.0
2026/06/04 15:16:35.190866308,0.0
2026/06/04 15:16:35.210813671,0.0
2026/06/04 15:16:35.230891829,0.0
2026/06/04 15:16:35.251008040,0.0
2026/06/04 15:16:35.271007095,0.0
2026/06/04 15:16:35.290701469,0.0
2026/06/04 15:16:35.310772202,0.0
2026/06/04 15:16:35.330734774,0.0
2026/06/04 15:16:35.350932812,0.0
2026/06/04 15:16:35.371056708,0.0
2026/06/04 15:16:35.391264582,0.0
2026/06/04 15:16:35.410999165,0.0
2026/06/04 15:16:35.431060930,0.0
2026/06/04 15:16:35.450696401,0.0
2026/06/04 15:16:35.470751273,0.0
2026/06/04 15:16:35.490809568,0.0
2026/06/04 15:16:35.511206249,0.0
2026/06/04 15:16:35.530659134,0.0
2026/06/04 15:16:35.551480162,0.0
2026/06/04 15:16:35.571094944,0.0
2026/06/04 15:16:35.590663970,0.0
2026/06/04 15:16:35.610542194,0.0
2026/06/04 15:16:35.630684914,0.0
2026/06/04 15:16:35.651123947,0.0
2026/06/04 15:16:35.671031161,0.0
2026/06/04 15:16:35.690931103,0.0
2026/06/04 15:16:35.711088264,0.0
2026/06/04 15:16:35.730756718,0.0
2026/06/04 15:16:35.750785091,0.0
2026/06/04 15:16:35.770516936,0.0
2026/06/04 15:16:35.790902132,0.0
2026/06/04 15:16:35.811200411,0.0
2026/06/04 15:16:35.830696648,0.0
2026/06/04 15:16:35.851081924,0.0
2026/06/04 15:16:35.870924092,0.0
2026/06/04 15:16:35.890547953,0.0
2026/06/04 15:16:35.910581778,0.0
2026/06/04 15:16:35.930536320,0.0
2026/06/04 15:16:35.951000710,0.0
2026/06/04 15:16:35.971135030,0.0
2026/06/04 15:16:35.992264885,0.0
2026/06/04 15:16:36.11105059,0.0
2026/06/04 15:16:36.30693866,0.0
2026/06/04 15:16:36.50596601,0.0
2026/06/04 15:16:36.70662794,0.0
2026/06/04 15:16:36.90636092,0.0
2026/06/04 15:16:36.110817761,0.0
2026/06/04 15:16:36.130815903,0.0
2026/06/04 15:16:36.151110523,0.0
2026/06/04 15:16:36.170671776,0.0
2026/06/04 15:16:36.190595722,0.0
2026/06/04 15:16:36.210513926,0.0
2026/06/04 15:16:36.230778397,0.0
2026/06/04 15:16:36.251013787,0.0
2026/06/04 15:16:36.271094649,0.0
2026/06/04 15:16:36.291166141,0.0
2026/06/04 15:16:36.310799903,0.0
2026/06/04 15:16:36.330554151,0.0
2026/06/04 15:16:36.350708913,0.0
2026/06/04 15:16:36.370938783,0.0
2026/06/04 15:16:36.391290201,0.0
2026/06/04 15:16:36.411103904,0.0
2026/06/04 15:16:36.430925464,0.0
2026/06/04 15:16:36.450866952,0.0
2026/06/04 15:16:36.470492258,0.0
2026/06/04 15:16:36.490544455,0.0
2026/06/04 15:16:36.510773234,0.0
2026/06/04 15:16:36.530794215,0.0
2026/06/04 15:16:36.550769396,0.0
2026/06/04 15:16:36.570982268,0.0
2026/06/04 15:16:36.590989942,0.0
2026/06/04 15:16:36.610582438,0.0
2026/06/04 15:16:36.630734374,0.0
2026/06/04 15:16:36.650671726,0.0
2026/06/04 15:16:36.671516605,0.0
2026/06/04 15:16:36.690946455,0.0
2026/06/04 15:16:36.710965161,0.0
2026/06/04 15:16:36.730973970,0.0
2026/06/04 15:16:36.750753221,0.0
2026/06/04 15:16:36.770568873,0.0
2026/06/04 15:16:36.790611771,0.0
2026/06/04 15:16:36.810800178,0.0
2026/06/04 15:16:36.830888878,0.0
2026/06/04 15:16:36.851004612,0.0
2026/06/04 15:16:36.871031562,0.0
2026/06/04 15:16:36.890828035,0.0
2026/06/04 15:16:36.910553746,0.0
2026/06/04 15:16:36.930578847,0.0
2026/06/04 15:16:36.950770897,0.0
2026/06/04 15:16:36.970973494,0.0
2026/06/04 15:16:36.991433332,0.0
2026/06/04 15:16:37.11131520,0.0
2026/06/04 15:16:37.30813074,0.0
2026/06/04 15:16:37.50730186,0.0
2026/06/04 15:16:37.70636764,0.0
2026/06/04 15:16:37.90758485,0.0
2026/06/04 15:16:37.111745496,0.0
2026/06/04 15:16:37.130802155,0.0
2026/06/04 15:16:37.151008892,0.0
2026/06/04 15:16:37.170865083,0.0
2026/06/04 15:16:37.190839260,0.0
2026/06/04 15:16:37.210615374,0.0
2026/06/04 15:16:37.230591093,0.0
2026/06/04 15:16:37.250941454,0.0
2026/06/04 15:16:37.270910105,0.0
2026/06/04 15:16:37.291026902,0.0
2026/06/04 15:16:37.310736218,0.0
2026/06/04 15:16:37.330826230,0.0
2026/06/04 15:16:37.350608007,0.0
2026/06/04 15:16:37.370565051,0.0
2026/06/04 15:16:37.390573756,0.0
2026/06/04 15:16:37.410744580,0.0
2026/06/04 15:16:37.430628013,0.0
2026/06/04 15:16:37.450811827,0.0
2026/06/04 15:16:37.471402233,0.0
2026/06/04 15:16:37.490753236,0.0
2026/06/04 15:16:37.510605813,0.0
2026/06/04 15:16:37.530490438,0.0
2026/06/04 15:16:37.550707158,0.0
2026/06/04 15:16:37.570631408,0.0
2026/06/04 15:16:37.591034689,0.0
2026/06/04 15:16:37.611015969,0.0
2026/06/04 15:16:37.630815934,0.0
2026/06/04 15:16:37.650776429,0.0
2026/06/04 15:16:37.670442611,0.0
2026/06/04 15:16:37.690534227,0.0
2026/06/04 15:16:37.711174662,0.0
2026/06/04 15:16:37.730763612,0.0
2026/06/04 15:16:37.750990413,0.0
2026/06/04 15:16:37.770916968,0.0
2026/06/04 15:16:37.790677226,0.0
2026/06/04 15:16:37.810589700,0.0
2026/06/04 15:16:37.830465127,0.0
2026/06/04 15:16:37.850600897,0.0
2026/06/04 15:16:37.870941931,0.0
2026/06/04 15:16:37.891176483,0.0
2026/06/04 15:16:37.911083200,0.0
2026/06/04 15:16:37.930749082,0.0
2026/06/04 15:16:37.950669877,0.0
2026/06/04 15:16:37.970561918,0.0
2026/06/04 15:16:37.991099732,0.0
2026/06/04 15:16:38.11305463,0.0
2026/06/04 15:16:38.31089443,0.0
2026/06/04 15:16:38.51187724,0.0
2026/06/04 15:16:38.70874369,0.0
2026/06/04 15:16:38.90667594,0.0
2026/06/04 15:16:38.110522956,0.0
2026/06/04 15:16:38.130755415,0.0
2026/06/04 15:16:38.151080320,0.0
2026/06/04 15:16:38.170940354,0.0
2026/06/04 15:16:38.190790560,0.0
2026/06/04 15:16:38.210766098,0.0
2026/06/04 15:16:38.230597842,0.0
2026/06/04 15:16:38.250532038,0.0
2026/06/04 15:16:38.270648522,0.0
2026/06/04 15:16:38.290855948,0.0
2026/06/04 15:16:38.310853437,0.0
2026/06/04 15:16:38.331147527,0.0
2026/06/04 15:16:38.351107153,0.0
2026/06/04 15:16:38.370674668,0.0
2026/06/04 15:16:38.390671704,0.0
2026/06/04 15:16:38.410553247,0.0
2026/06/04 15:16:38.430711023,0.0
2026/06/04 15:16:38.450742996,0.0
2026/06/04 15:16:38.470837003,0.0
2026/06/04 15:16:38.490933725,0.0
2026/06/04 15:16:38.510694827,0.0
2026/06/04 15:16:38.530552824,0.0
2026/06/04 15:16:38.550655985,0.0
2026/06/04 15:16:38.570833170,0.0
2026/06/04 15:16:38.590619488,0.0
2026/06/04 15:16:38.610765488,0.0
2026/06/04 15:16:38.630865159,0.0
2026/06/04 15:16:38.650628485,0.0
2026/06/04 15:16:38.670678147,0.0
2026/06/04 15:16:38.690822922,0.0
2026/06/04 15:16:38.711026263,0.0
2026/06/04 15:16:38.730865585,0.0
2026/06/04 15:16:38.750837517,0.0
2026/06/04 15:16:38.771006364,0.0
2026/06/04 15:16:38.790878551,0.0
2026/06/04 15:16:38.810589608,0.0
2026/06/04 15:16:38.830532029,0.0
2026/06/04 15:16:38.850724762,0.0
2026/06/04 15:16:38.871323812,0.0
2026/06/04 15:16:38.891107514,0.0
2026/06/04 15:16:38.910884820,0.0
2026/06/04 15:16:38.930562800,0.0
2026/06/04 15:16:38.950814798,0.0
2026/06/04 15:16:38.970520117,0.0
2026/06/04 15:16:38.990675361,0.0
2026/06/04 15:16:39.10844158,0.0
2026/06/04 15:16:39.30957928,0.0
2026/06/04 15:16:39.51269245,0.0
2026/06/04 15:16:39.71209319,0.0
