time,header_stamp_secs,header_stamp_nsecs,header_frame_id,sentence
2026/06/04 15:15:44.107979151,1780596944,107746768,imu_link,"$GPGGA,000041.75,0000.00000,N,00000.00000,E,0,00,100.0,-17.00,M,17.00,M,0,0*76
"
2026/06/04 15:15:44.356586197,1780596944,355069059,imu_link,"$GPGGA,000042.00,0000.00000,N,00000.00000,E,0,00,100.0,-17.00,M,17.00,M,0,0*77
"
2026/06/04 15:15:44.601461947,1780596944,601064185,imu_link,"$GPGGA,000042.25,0000.00000,N,00000.00000,E,0,00,100.0,-17.00,M,17.00,M,0,0*70
"
2026/06/04 15:15:44.859062038,1780596944,858836453,imu_link,"$GPGGA,000042.50,0000.00000,N,00000.00000,E,0,00,100.0,-17.00,M,17.00,M,0,0*72
"
2026/06/04 15:15:45.105618152,1780596945,104919380,imu_link,"$GPGGA,000042.75,0000.00000,N,00000.00000,E,0,00,100.0,-17.00,M,17.00,M,0,0*75
"
2026/06/04 15:15:45.353822669,1780596945,352442377,imu_link,"$GPGGA,000043.00,0000.00000,N,00000.00000,E,0,00,100.0,-17.00,M,17.00,M,0,0*76
"
2026/06/04 15:15:45.600580660,1780596945,599599483,imu_link,"$GPGGA,000043.25,0000.00000,N,00000.00000,E,0,00,100.0,-17.00,M,17.00,M,0,0*71
"
2026/06/04 15:15:45.858103629,1780596945,857116399,imu_link,"$GPGGA,000043.50,0000.00000,N,00000.00000,E,0,00,100.0,-17.00,M,17.00,M,0,0*73
"
2026/06/04 15:15:46.103246883,1780596946,102286210,imu_link,"$GPGGA,000043.75,0000.00000,N,00000.00000,E,0,00,100.0,-17.00,M,17.00,M,0,0*74
"
2026/06/04 15:15:46.360934838,1780596946,360531930,imu_link,"$GPGGA,000044.00,0000.00000,N,00000.00000,E,0,00,100.0,-17.00,M,17.00,M,0,0*71
"
2026/06/04 15:15:46.607200649,1780596946,607062269,imu_link,"$GPGGA,000044.25,0000.00000,N,00000.00000,E,0,00,100.0,-17.00,M,17.00,M,0,0*76
"
2026/06/04 15:15:46.852920146,1780596946,852397523,imu_link,"$GPGGA,000044.50,0000.00000,N,00000.00000,E,0,00,100.0,-17.00,M,17.00,M,0,0*74
"
2026/06/04 15:15:47.101416807,1780596947,100420692,imu_link,"$GPGGA,000044.75,0000.00000,N,00000.00000,E,0,00,100.0,-17.00,M,17.00,M,0,0*73
"
2026/06/04 15:15:47.357792048,1780596947,357317660,imu_link,"$GPGGA,000045.00,0000.00000,N,00000.00000,E,0,00,100.0,-17.00,M,17.00,M,0,0*70
"
2026/06/04 15:15:47.604719540,1780596947,604050731,imu_link,"$GPGGA,000045.25,0000.00000,N,00000.00000,E,0,00,100.0,-17.00,M,17.00,M,0,0*77
"
2026/06/04 15:15:47.852985211,1780596947,852154535,imu_link,"$GPGGA,000045.50,0000.00000,N,00000.00000,E,0,00,100.0,-17.00,M,17.00,M,0,0*75
"
2026/06/04 15:15:48.108891649,1780596948,108519923,imu_link,"$GPGGA,000045.75,0000.00000,N,00000.00000,E,0,00,100.0,-17.00,M,17.00,M,0,0*72
"
2026/06/04 15:15:48.355176501,1780596948,354452665,imu_link,"$GPGGA,000046.00,0000.00000,N,00000.00000,E,0,00,100.0,-17.00,M,17.00,M,0,0*73
"
2026/06/04 15:15:48.603461243,1780596948,602538957,imu_link,"$GPGGA,000046.25,0000.00000,N,00000.00000,E,0,00,100.0,-17.00,M,17.00,M,0,0*74
"
2026/06/04 15:15:48.850710508,1780596948,849609130,imu_link,"$GPGGA,000046.50,0000.00000,N,00000.00000,E,0,00,100.0,-17.00,M,17.00,M,0,0*76
"
2026/06/04 15:15:49.106849164,1780596949,106558979,imu_link,"$GPGGA,000046.75,0000.00000,N,00000.00000,E,0,00,100.0,-17.00,M,17.00,M,0,0*71
"
2026/06/04 15:15:49.354009561,1780596949,352912197,imu_link,"$GPGGA,000047.00,0000.00000,N,00000.00000,E,0,00,100.0,-17.00,M,17.00,M,0,0*72
"
2026/06/04 15:15:49.602685764,1780596949,600463934,imu_link,"$GPGGA,000047.25,0000.00000,N,00000.00000,E,0,00,100.0,-17.00,M,17.00,M,0,0*75
"
2026/06/04 15:15:49.857519497,1780596949,857189824,imu_link,"$GPGGA,000047.50,0000.00000,N,00000.00000,E,0,00,100.0,-17.00,M,17.00,M,0,0*77
"
2026/06/04 15:15:50.103074606,1780596950,102506358,imu_link,"$GPGGA,000047.75,0000.00000,N,00000.00000,E,0,00,100.0,-17.00,M,17.00,M,0,0*70
"
2026/06/04 15:15:50.362343054,1780596950,361908765,imu_link,"$GPGGA,000048.00,0000.00000,N,00000.00000,E,0,00,100.0,-17.00,M,17.00,M,0,0*7D
"
2026/06/04 15:15:50.607469509,1780596950,606717658,imu_link,"$GPGGA,000048.25,0000.00000,N,00000.00000,E,0,00,100.0,-17.00,M,17.00,M,0,0*7A
"
2026/06/04 15:15:50.854944275,1780596950,854550646,imu_link,"$GPGGA,000048.50,0000.00000,N,00000.00000,E,0,00,100.0,-17.00,M,17.00,M,0,0*78
"
2026/06/04 15:15:51.102882898,1780596951,101879605,imu_link,"$GPGGA,000048.75,0000.00000,N,00000.00000,E,0,00,100.0,-17.00,M,17.00,M,0,0*7F
"
2026/06/04 15:15:51.359477929,1780596951,359074048,imu_link,"$GPGGA,000049.00,0000.00000,N,00000.00000,E,0,00,100.0,-17.00,M,17.00,M,0,0*7C
"
2026/06/04 15:15:51.605363515,1780596951,605071229,imu_link,"$GPGGA,000049.25,0000.00000,N,00000.00000,E,0,00,100.0,-17.00,M,17.00,M,0,0*7B
"
2026/06/04 15:15:51.852339073,1780596951,851727401,imu_link,"$GPGGA,000049.50,0000.00000,N,00000.00000,E,0,00,100.0,-17.00,M,17.00,M,0,0*79
"
2026/06/04 15:15:52.109921161,1780596952,109452204,imu_link,"$GPGGA,000049.75,0000.00000,N,00000.00000,E,0,00,100.0,-17.00,M,17.00,M,0,0*7E
"
2026/06/04 15:15:52.356384282,1780596952,355577898,imu_link,"$GPGGA,000050.00,0000.00000,N,00000.00000,E,0,00,100.0,-17.00,M,17.00,M,0,0*74
"
2026/06/04 15:15:52.603175413,1780596952,602542499,imu_link,"$GPGGA,000050.25,0000.00000,N,00000.00000,E,0,00,100.0,-17.00,M,17.00,M,0,0*73
"
2026/06/04 15:15:52.851671705,1780596952,850674630,imu_link,"$GPGGA,000050.50,0000.00000,N,00000.00000,E,0,00,100.0,-17.00,M,17.00,M,0,0*71
"
2026/06/04 15:15:53.107786825,1780596953,107365732,imu_link,"$GPGGA,000050.75,0000.00000,N,00000.00000,E,0,00,100.0,-17.00,M,17.00,M,0,0*76
"
2026/06/04 15:15:53.353612985,1780596953,352873042,imu_link,"$GPGGA,000051.00,0000.00000,N,00000.00000,E,0,00,100.0,-17.00,M,17.00,M,0,0*75
"
2026/06/04 15:15:53.600414892,1780596953,599950175,imu_link,"$GPGGA,000051.25,0000.00000,N,00000.00000,E,0,00,100.0,-17.00,M,17.00,M,0,0*72
"
2026/06/04 15:15:53.857976252,1780596953,857633001,imu_link,"$GPGGA,000051.50,0000.00000,N,00000.00000,E,0,00,100.0,-17.00,M,17.00,M,0,0*70
"
2026/06/04 15:15:54.105645543,1780596954,104944520,imu_link,"$GPGGA,000051.75,0000.00000,N,00000.00000,E,0,00,100.0,-17.00,M,17.00,M,0,0*77
"
2026/06/04 15:15:54.361563573,1780596954,361323476,imu_link,"$GPGGA,000052.00,0000.00000,N,00000.00000,E,0,00,100.0,-17.00,M,17.00,M,0,0*76
"
2026/06/04 15:15:54.607913350,1780596954,607661272,imu_link,"$GPGGA,000052.25,0000.00000,N,00000.00000,E,0,00,100.0,-17.00,M,17.00,M,0,0*71
"
2026/06/04 15:15:54.854712526,1780596954,854391398,imu_link,"$GPGGA,000052.50,0000.00000,N,00000.00000,E,0,00,100.0,-17.00,M,17.00,M,0,0*73
"
2026/06/04 15:15:55.102541946,1780596955,101999906,imu_link,"$GPGGA,000052.75,0000.00000,N,00000.00000,E,0,00,100.0,-17.00,M,17.00,M,0,0*74
"
2026/06/04 15:15:55.359491409,1780596955,359327282,imu_link,"$GPGGA,000053.00,0000.00000,N,00000.00000,E,0,00,100.0,-17.00,M,17.00,M,0,0*77
"
2026/06/04 15:15:55.605446816,1780596955,604936458,imu_link,"$GPGGA,000053.25,0000.00000,N,00000.00000,E,0,00,100.0,-17.00,M,17.00,M,0,0*70
"
2026/06/04 15:15:55.853039700,1780596955,852453242,imu_link,"$GPGGA,000053.50,0000.00000,N,00000.00000,E,0,00,100.0,-17.00,M,17.00,M,0,0*72
"
2026/06/04 15:15:56.100734191,1780596956,100159747,imu_link,"$GPGGA,000053.75,0000.00000,N,00000.00000,E,0,00,100.0,-17.00,M,17.00,M,0,0*75
"
2026/06/04 15:15:56.356536286,1780596956,356318188,imu_link,"$GPGGA,000054.00,0000.00000,N,00000.00000,E,0,00,100.0,-17.00,M,17.00,M,0,0*70
"
2026/06/04 15:15:56.603186919,1780596956,602422928,imu_link,"$GPGGA,000054.25,0000.00000,N,00000.00000,E,0,00,100.0,-17.00,M,17.00,M,0,0*77
"
2026/06/04 15:15:56.851140506,1780596956,850076249,imu_link,"$GPGGA,000054.50,0000.00000,N,00000.00000,E,0,00,100.0,-17.00,M,17.00,M,0,0*75
"
2026/06/04 15:15:57.107346122,1780596957,107198858,imu_link,"$GPGGA,000054.75,0000.00000,N,00000.00000,E,0,00,100.0,-17.00,M,17.00,M,0,0*72
"
2026/06/04 15:15:57.355208085,1780596957,354133142,imu_link,"$GPGGA,000055.00,0000.00000,N,00000.00000,E,0,00,100.0,-17.00,M,17.00,M,0,0*71
"
2026/06/04 15:15:57.601734049,1780596957,601029776,imu_link,"$GPGGA,000055.25,0000.00000,N,00000.00000,E,0,00,100.0,-17.00,M,17.00,M,0,0*76
"
2026/06/04 15:15:57.858178882,1780596957,857865286,imu_link,"$GPGGA,000055.50,0000.00000,N,00000.00000,E,0,00,100.0,-17.00,M,17.00,M,0,0*74
"
2026/06/04 15:15:58.104821099,1780596958,104632321,imu_link,"$GPGGA,000055.75,0000.00000,N,00000.00000,E,0,00,100.0,-17.00,M,17.00,M,0,0*73
"
2026/06/04 15:15:58.353176817,1780596958,352350590,imu_link,"$GPGGA,000056.00,0000.00000,N,00000.00000,E,0,00,100.0,-17.00,M,17.00,M,0,0*72
"
2026/06/04 15:15:58.609744694,1780596958,609452365,imu_link,"$GPGGA,000056.25,0000.00000,N,00000.00000,E,0,00,100.0,-17.00,M,17.00,M,0,0*75
"
2026/06/04 15:15:58.855282453,1780596958,855029253,imu_link,"$GPGGA,000056.50,0000.00000,N,00000.00000,E,0,00,100.0,-17.00,M,17.00,M,0,0*77
"
2026/06/04 15:15:59.102783995,1780596959,101820791,imu_link,"$GPGGA,000056.75,0000.00000,N,00000.00000,E,0,00,100.0,-17.00,M,17.00,M,0,0*70
"
2026/06/04 15:15:59.360284060,1780596959,359828778,imu_link,"$GPGGA,000057.00,0000.00000,N,00000.00000,E,0,00,100.0,-17.00,M,17.00,M,0,0*73
"
2026/06/04 15:15:59.607123029,1780596959,606808719,imu_link,"$GPGGA,000057.25,0000.00000,N,00000.00000,E,0,00,100.0,-17.00,M,17.00,M,0,0*74
"
2026/06/04 15:15:59.852645863,1780596959,852175270,imu_link,"$GPGGA,000057.50,0000.00000,N,00000.00000,E,0,00,100.0,-17.00,M,17.00,M,0,0*76
"
2026/06/04 15:16:00.101558505,1780596960,100208091,imu_link,"$GPGGA,000057.75,0000.00000,N,00000.00000,E,0,00,100.0,-17.00,M,17.00,M,0,0*71
"
2026/06/04 15:16:00.358419841,1780596960,357831311,imu_link,"$GPGGA,000058.00,0000.00000,N,00000.00000,E,0,00,100.0,-17.00,M,17.00,M,0,0*7C
"
2026/06/04 15:16:00.604774358,1780596960,604596699,imu_link,"$GPGGA,000058.25,0000.00000,N,00000.00000,E,0,00,100.0,-17.00,M,17.00,M,0,0*7B
"
2026/06/04 15:16:00.850908803,1780596960,850287806,imu_link,"$GPGGA,000058.50,0000.00000,N,00000.00000,E,0,00,100.0,-17.00,M,17.00,M,0,0*79
"
2026/06/04 15:16:01.108636262,1780596961,108066098,imu_link,"$GPGGA,000058.75,0000.00000,N,00000.00000,E,0,00,100.0,-17.00,M,17.00,M,0,0*7E
"
2026/06/04 15:16:01.355607996,1780596961,354955529,imu_link,"$GPGGA,000059.00,0000.00000,N,00000.00000,E,0,00,100.0,-17.00,M,17.00,M,0,0*7D
"
2026/06/04 15:16:01.601866413,1780596961,601463137,imu_link,"$GPGGA,000059.25,0000.00000,N,00000.00000,E,0,00,100.0,-17.00,M,17.00,M,0,0*7A
"
2026/06/04 15:16:01.860263295,1780596961,859922609,imu_link,"$GPGGA,000059.50,0000.00000,N,00000.00000,E,0,00,100.0,-17.00,M,17.00,M,0,0*78
"
2026/06/04 15:16:02.106006894,1780596962,105107551,imu_link,"$GPGGA,000059.75,0000.00000,N,00000.00000,E,0,00,100.0,-17.00,M,17.00,M,0,0*7F
"
2026/06/04 15:16:02.353005266,1780596962,352536499,imu_link,"$GPGGA,000100.00,0000.00000,N,00000.00000,E,0,00,100.0,-17.00,M,17.00,M,0,0*70
"
2026/06/04 15:16:02.600550275,1780596962,599366276,imu_link,"$GPGGA,000100.25,0000.00000,N,00000.00000,E,0,00,100.0,-17.00,M,17.00,M,0,0*77
"
2026/06/04 15:16:02.856860320,1780596962,856479509,imu_link,"$GPGGA,000100.50,0000.00000,N,00000.00000,E,0,00,100.0,-17.00,M,17.00,M,0,0*75
"
2026/06/04 15:16:03.102774988,1780596963,102100488,imu_link,"$GPGGA,000100.75,0000.00000,N,00000.00000,E,0,00,100.0,-17.00,M,17.00,M,0,0*72
"
2026/06/04 15:16:03.360339009,1780596963,360192149,imu_link,"$GPGGA,000101.00,0000.00000,N,00000.00000,E,0,00,100.0,-17.00,M,17.00,M,0,0*71
"
2026/06/04 15:16:03.607850956,1780596963,607616814,imu_link,"$GPGGA,000101.25,0000.00000,N,00000.00000,E,0,00,100.0,-17.00,M,17.00,M,0,0*76
"
2026/06/04 15:16:03.854482139,1780596963,853964362,imu_link,"$GPGGA,000101.50,0000.00000,N,00000.00000,E,0,00,100.0,-17.00,M,17.00,M,0,0*74
"
2026/06/04 15:16:04.100491475,1780596964,100141846,imu_link,"$GPGGA,000101.75,0000.00000,N,00000.00000,E,0,00,100.0,-17.00,M,17.00,M,0,0*73
"
2026/06/04 15:16:04.357886646,1780596964,357632682,imu_link,"$GPGGA,000102.00,0000.00000,N,00000.00000,E,0,00,100.0,-17.00,M,17.00,M,0,0*72
"
2026/06/04 15:16:04.605630586,1780596964,604720743,imu_link,"$GPGGA,000102.25,0000.00000,N,00000.00000,E,0,00,100.0,-17.00,M,17.00,M,0,0*75
"
2026/06/04 15:16:04.852631957,1780596964,851921888,imu_link,"$GPGGA,000102.50,0000.00000,N,00000.00000,E,0,00,100.0,-17.00,M,17.00,M,0,0*77
"
2026/06/04 15:16:05.109916064,1780596965,109717110,imu_link,"$GPGGA,000102.75,0000.00000,N,00000.00000,E,0,00,100.0,-17.00,M,17.00,M,0,0*70
"
2026/06/04 15:16:05.355818431,1780596965,355240715,imu_link,"$GPGGA,000103.00,0000.00000,N,00000.00000,E,0,00,100.0,-17.00,M,17.00,M,0,0*73
"
2026/06/04 15:16:05.604273489,1780596965,602704765,imu_link,"$GPGGA,000103.25,0000.00000,N,00000.00000,E,0,00,100.0,-17.00,M,17.00,M,0,0*74
"
2026/06/04 15:16:05.849906265,1780596965,849365061,imu_link,"$GPGGA,000103.50,0000.00000,N,00000.00000,E,0,00,100.0,-17.00,M,17.00,M,0,0*76
"
2026/06/04 15:16:06.107013884,1780596966,106807047,imu_link,"$GPGGA,000103.75,0000.00000,N,00000.00000,E,0,00,100.0,-17.00,M,17.00,M,0,0*71
"
2026/06/04 15:16:06.354351881,1780596966,353338419,imu_link,"$GPGGA,000104.00,0000.00000,N,00000.00000,E,0,00,100.0,-17.00,M,17.00,M,0,0*74
"
2026/06/04 15:16:06.601757878,1780596966,600369048,imu_link,"$GPGGA,000104.25,0000.00000,N,00000.00000,E,0,00,100.0,-17.00,M,17.00,M,0,0*73
"
2026/06/04 15:16:06.857496963,1780596966,857311350,imu_link,"$GPGGA,000104.50,0000.00000,N,00000.00000,E,0,00,100.0,-17.00,M,17.00,M,0,0*71
"
2026/06/04 15:16:07.104615271,1780596967,104273014,imu_link,"$GPGGA,000104.75,0000.00000,N,00000.00000,E,0,00,100.0,-17.00,M,17.00,M,0,0*76
"
2026/06/04 15:16:07.361849988,1780596967,361545132,imu_link,"$GPGGA,000105.00,0000.00000,N,00000.00000,E,0,00,100.0,-17.00,M,17.00,M,0,0*75
"
2026/06/04 15:16:07.607862773,1780596967,607531830,imu_link,"$GPGGA,000105.25,0000.00000,N,00000.00000,E,0,00,100.0,-17.00,M,17.00,M,0,0*72
"
2026/06/04 15:16:07.855338998,1780596967,855101356,imu_link,"$GPGGA,000105.50,0000.00000,N,00000.00000,E,0,00,100.0,-17.00,M,17.00,M,0,0*70
"
2026/06/04 15:16:08.101931320,1780596968,101261452,imu_link,"$GPGGA,000105.75,0000.00000,N,00000.00000,E,0,00,100.0,-17.00,M,17.00,M,0,0*77
"
2026/06/04 15:16:08.359417585,1780596968,359181599,imu_link,"$GPGGA,000106.00,0000.00000,N,00000.00000,E,0,00,100.0,-17.00,M,17.00,M,0,0*76
"
2026/06/04 15:16:08.605772291,1780596968,605521795,imu_link,"$GPGGA,000106.25,0000.00000,N,00000.00000,E,0,00,100.0,-17.00,M,17.00,M,0,0*71
"
2026/06/04 15:16:08.852679109,1780596968,852120578,imu_link,"$GPGGA,000106.50,0000.00000,N,00000.00000,E,0,00,100.0,-17.00,M,17.00,M,0,0*73
"
2026/06/04 15:16:09.99978548,1780596969,98793847,imu_link,"$GPGGA,000106.75,0000.00000,N,00000.00000,E,0,00,100.0,-17.00,M,17.00,M,0,0*74
"
2026/06/04 15:16:09.357157674,1780596969,356595678,imu_link,"$GPGGA,000107.00,0000.00000,N,00000.00000,E,0,00,100.0,-17.00,M,17.00,M,0,0*77
"
2026/06/04 15:16:09.602547027,1780596969,602259585,imu_link,"$GPGGA,000107.25,0000.00000,N,00000.00000,E,0,00,100.0,-17.00,M,17.00,M,0,0*70
"
2026/06/04 15:16:09.850221481,1780596969,849148689,imu_link,"$GPGGA,000107.50,0000.00000,N,00000.00000,E,0,00,100.0,-17.00,M,17.00,M,0,0*72
"
2026/06/04 15:16:10.107314789,1780596970,106819269,imu_link,"$GPGGA,000107.75,0000.00000,N,00000.00000,E,0,00,100.0,-17.00,M,17.00,M,0,0*75
"
2026/06/04 15:16:10.354164762,1780596970,353512288,imu_link,"$GPGGA,000108.00,0000.00000,N,00000.00000,E,0,00,100.0,-17.00,M,17.00,M,0,0*78
"
2026/06/04 15:16:10.601319311,1780596970,600289265,imu_link,"$GPGGA,000108.25,0000.00000,N,00000.00000,E,0,00,100.0,-17.00,M,17.00,M,0,0*7F
"
2026/06/04 15:16:10.857823983,1780596970,857341742,imu_link,"$GPGGA,000108.50,0000.00000,N,00000.00000,E,0,00,100.0,-17.00,M,17.00,M,0,0*7D
"
2026/06/04 15:16:11.104436259,1780596971,104047762,imu_link,"$GPGGA,000108.75,0000.00000,N,00000.00000,E,0,00,100.0,-17.00,M,17.00,M,0,0*7A
"
2026/06/04 15:16:11.352530831,1780596971,351758451,imu_link,"$GPGGA,000109.00,0000.00000,N,00000.00000,E,0,00,100.0,-17.00,M,17.00,M,0,0*79
"
2026/06/04 15:16:11.609035597,1780596971,608764374,imu_link,"$GPGGA,000109.25,0000.00000,N,00000.00000,E,0,00,100.0,-17.00,M,17.00,M,0,0*7E
"
2026/06/04 15:16:11.854811287,1780596971,854319019,imu_link,"$GPGGA,000109.50,0000.00000,N,00000.00000,E,0,00,100.0,-17.00,M,17.00,M,0,0*7C
"
2026/06/04 15:16:12.101657970,1780596972,101281780,imu_link,"$GPGGA,000109.75,0000.00000,N,00000.00000,E,0,00,100.0,-17.00,M,17.00,M,0,0*7B
"
2026/06/04 15:16:12.359644827,1780596972,359265473,imu_link,"$GPGGA,000110.00,0000.00000,N,00000.00000,E,0,00,100.0,-17.00,M,17.00,M,0,0*71
"
2026/06/04 15:16:12.606804514,1780596972,606185474,imu_link,"$GPGGA,000110.25,0000.00000,N,00000.00000,E,0,00,100.0,-17.00,M,17.00,M,0,0*76
"
2026/06/04 15:16:12.852640681,1780596972,851873247,imu_link,"$GPGGA,000110.50,0000.00000,N,00000.00000,E,0,00,100.0,-17.00,M,17.00,M,0,0*74
"
2026/06/04 15:16:13.100461873,1780596973,99610243,imu_link,"$GPGGA,000110.75,0000.00000,N,00000.00000,E,0,00,100.0,-17.00,M,17.00,M,0,0*73
"
2026/06/04 15:16:13.357538948,1780596973,356870573,imu_link,"$GPGGA,000111.00,0000.00000,N,00000.00000,E,0,00,100.0,-17.00,M,17.00,M,0,0*70
"
2026/06/04 15:16:13.603560408,1780596973,602953486,imu_link,"$GPGGA,000111.25,0000.00000,N,00000.00000,E,0,00,100.0,-17.00,M,17.00,M,0,0*77
"
2026/06/04 15:16:13.851291074,1780596973,850379621,imu_link,"$GPGGA,000111.50,0000.00000,N,00000.00000,E,0,00,100.0,-17.00,M,17.00,M,0,0*75
"
2026/06/04 15:16:14.107474282,1780596974,106963919,imu_link,"$GPGGA,000111.75,0000.00000,N,00000.00000,E,0,00,100.0,-17.00,M,17.00,M,0,0*72
"
2026/06/04 15:16:14.354770879,1780596974,354021973,imu_link,"$GPGGA,000112.00,0000.00000,N,00000.00000,E,0,00,100.0,-17.00,M,17.00,M,0,0*73
"
2026/06/04 15:16:14.601927087,1780596974,601258395,imu_link,"$GPGGA,000112.25,0000.00000,N,00000.00000,E,0,00,100.0,-17.00,M,17.00,M,0,0*74
"
2026/06/04 15:16:14.858594723,1780596974,858463803,imu_link,"$GPGGA,000112.50,0000.00000,N,00000.00000,E,0,00,100.0,-17.00,M,17.00,M,0,0*76
"
2026/06/04 15:16:15.104683179,1780596975,104200318,imu_link,"$GPGGA,000112.75,0000.00000,N,00000.00000,E,0,00,100.0,-17.00,M,17.00,M,0,0*71
"
2026/06/04 15:16:15.353878884,1780596975,352319820,imu_link,"$GPGGA,000113.00,0000.00000,N,00000.00000,E,0,00,100.0,-17.00,M,17.00,M,0,0*72
"
2026/06/04 15:16:15.599470893,1780596975,598582078,imu_link,"$GPGGA,000113.25,0000.00000,N,00000.00000,E,0,00,100.0,-17.00,M,17.00,M,0,0*75
"
2026/06/04 15:16:15.855291701,1780596975,854502099,imu_link,"$GPGGA,000113.50,0000.00000,N,00000.00000,E,0,00,100.0,-17.00,M,17.00,M,0,0*77
"
2026/06/04 15:16:16.103560510,1780596976,102457588,imu_link,"$GPGGA,000113.75,0000.00000,N,00000.00000,E,0,00,100.0,-17.00,M,17.00,M,0,0*70
"
2026/06/04 15:16:16.360266581,1780596976,360106201,imu_link,"$GPGGA,000114.00,0000.00000,N,00000.00000,E,0,00,100.0,-17.00,M,17.00,M,0,0*75
"
2026/06/04 15:16:16.606938033,1780596976,606745459,imu_link,"$GPGGA,000114.25,0000.00000,N,00000.00000,E,0,00,100.0,-17.00,M,17.00,M,0,0*72
"
2026/06/04 15:16:16.853834385,1780596976,853333819,imu_link,"$GPGGA,000114.50,0000.00000,N,00000.00000,E,0,00,100.0,-17.00,M,17.00,M,0,0*70
"
2026/06/04 15:16:17.101121947,1780596977,99511894,imu_link,"$GPGGA,000114.75,0000.00000,N,00000.00000,E,0,00,100.0,-17.00,M,17.00,M,0,0*77
"
2026/06/04 15:16:17.356931439,1780596977,356562273,imu_link,"$GPGGA,000115.00,0000.00000,N,00000.00000,E,0,00,100.0,-17.00,M,17.00,M,0,0*74
"
2026/06/04 15:16:17.606029976,1780596977,605085294,imu_link,"$GPGGA,000115.25,0000.00000,N,00000.00000,E,0,00,100.0,-17.00,M,17.00,M,0,0*73
"
2026/06/04 15:16:17.852247820,1780596977,851559689,imu_link,"$GPGGA,000115.50,0000.00000,N,00000.00000,E,0,00,100.0,-17.00,M,17.00,M,0,0*71
"
2026/06/04 15:16:18.107090450,1780596978,106921481,imu_link,"$GPGGA,000115.75,0000.00000,N,00000.00000,E,0,00,100.0,-17.00,M,17.00,M,0,0*76
"
2026/06/04 15:16:18.355315023,1780596978,354502116,imu_link,"$GPGGA,000116.00,0000.00000,N,00000.00000,E,0,00,100.0,-17.00,M,17.00,M,0,0*77
"
2026/06/04 15:16:18.603008995,1780596978,601661253,imu_link,"$GPGGA,000116.25,0000.00000,N,00000.00000,E,0,00,100.0,-17.00,M,17.00,M,0,0*70
"
2026/06/04 15:16:18.860117127,1780596978,859409535,imu_link,"$GPGGA,000116.50,0000.00000,N,00000.00000,E,0,00,100.0,-17.00,M,17.00,M,0,0*72
"
2026/06/04 15:16:19.106125797,1780596979,105694303,imu_link,"$GPGGA,000116.75,0000.00000,N,00000.00000,E,0,00,100.0,-17.00,M,17.00,M,0,0*75
"
2026/06/04 15:16:19.354758207,1780596979,353210332,imu_link,"$GPGGA,000117.00,0000.00000,N,00000.00000,E,0,00,100.0,-17.00,M,17.00,M,0,0*76
"
2026/06/04 15:16:19.601437247,1780596979,599197549,imu_link,"$GPGGA,000117.25,0000.00000,N,00000.00000,E,0,00,100.0,-17.00,M,17.00,M,0,0*71
"
2026/06/04 15:16:19.857818400,1780596979,857426189,imu_link,"$GPGGA,000117.50,0000.00000,N,00000.00000,E,0,00,100.0,-17.00,M,17.00,M,0,0*73
"
2026/06/04 15:16:20.102505744,1780596980,102058938,imu_link,"$GPGGA,000117.75,0000.00000,N,00000.00000,E,0,00,100.0,-17.00,M,17.00,M,0,0*74
"
2026/06/04 15:16:20.359810253,1780596980,359294303,imu_link,"$GPGGA,000118.00,0000.00000,N,00000.00000,E,0,00,100.0,-17.00,M,17.00,M,0,0*79
"
2026/06/04 15:16:20.607294555,1780596980,606932463,imu_link,"$GPGGA,000118.25,0000.00000,N,00000.00000,E,0,00,100.0,-17.00,M,17.00,M,0,0*7E
"
2026/06/04 15:16:20.854319353,1780596980,854111718,imu_link,"$GPGGA,000118.50,0000.00000,N,00000.00000,E,0,00,100.0,-17.00,M,17.00,M,0,0*7C
"
2026/06/04 15:16:21.101240602,1780596981,100314891,imu_link,"$GPGGA,000118.75,0000.00000,N,00000.00000,E,0,00,100.0,-17.00,M,17.00,M,0,0*7B
"
2026/06/04 15:16:21.358280420,1780596981,357319002,imu_link,"$GPGGA,000119.00,0000.00000,N,00000.00000,E,0,00,100.0,-17.00,M,17.00,M,0,0*78
"
2026/06/04 15:16:21.605104642,1780596981,604826653,imu_link,"$GPGGA,000119.25,0000.00000,N,00000.00000,E,0,00,100.0,-17.00,M,17.00,M,0,0*7F
"
2026/06/04 15:16:21.851815259,1780596981,851140806,imu_link,"$GPGGA,000119.50,0000.00000,N,00000.00000,E,0,00,100.0,-17.00,M,17.00,M,0,0*7D
"
2026/06/04 15:16:22.109447563,1780596982,108891444,imu_link,"$GPGGA,000119.75,0000.00000,N,00000.00000,E,0,00,100.0,-17.00,M,17.00,M,0,0*7A
"
2026/06/04 15:16:22.355005177,1780596982,354416254,imu_link,"$GPGGA,000120.00,0000.00000,N,00000.00000,E,0,00,100.0,-17.00,M,17.00,M,0,0*72
"
2026/06/04 15:16:22.601967351,1780596982,601279602,imu_link,"$GPGGA,000120.25,0000.00000,N,00000.00000,E,0,00,100.0,-17.00,M,17.00,M,0,0*75
"
2026/06/04 15:16:22.850848718,1780596982,849734943,imu_link,"$GPGGA,000120.50,0000.00000,N,00000.00000,E,0,00,100.0,-17.00,M,17.00,M,0,0*77
"
2026/06/04 15:16:23.107211124,1780596983,106759635,imu_link,"$GPGGA,000120.75,0000.00000,N,00000.00000,E,0,00,100.0,-17.00,M,17.00,M,0,0*70
"
2026/06/04 15:16:23.353563872,1780596983,352868601,imu_link,"$GPGGA,000121.00,0000.00000,N,00000.00000,E,0,00,100.0,-17.00,M,17.00,M,0,0*73
"
2026/06/04 15:16:23.601712906,1780596983,600383847,imu_link,"$GPGGA,000121.25,0000.00000,N,00000.00000,E,0,00,100.0,-17.00,M,17.00,M,0,0*74
"
2026/06/04 15:16:23.858034849,1780596983,857316225,imu_link,"$GPGGA,000121.50,0000.00000,N,00000.00000,E,0,00,100.0,-17.00,M,17.00,M,0,0*76
"
2026/06/04 15:16:24.104268500,1780596984,103873651,imu_link,"$GPGGA,000121.75,0000.00000,N,00000.00000,E,0,00,100.0,-17.00,M,17.00,M,0,0*71
"
2026/06/04 15:16:24.362443715,1780596984,362226028,imu_link,"$GPGGA,000122.00,0000.00000,N,00000.00000,E,0,00,100.0,-17.00,M,17.00,M,0,0*70
"
2026/06/04 15:16:24.607531206,1780596984,607023569,imu_link,"$GPGGA,000122.25,0000.00000,N,00000.00000,E,0,00,100.0,-17.00,M,17.00,M,0,0*77
"
2026/06/04 15:16:24.855185481,1780596984,854641834,imu_link,"$GPGGA,000122.50,0000.00000,N,00000.00000,E,0,00,100.0,-17.00,M,17.00,M,0,0*75
"
2026/06/04 15:16:25.101742995,1780596985,101392108,imu_link,"$GPGGA,000122.75,0000.00000,N,00000.00000,E,0,00,100.0,-17.00,M,17.00,M,0,0*72
"
2026/06/04 15:16:25.359448347,1780596985,359269147,imu_link,"$GPGGA,000123.00,0000.00000,N,00000.00000,E,0,00,100.0,-17.00,M,17.00,M,0,0*71
"
2026/06/04 15:16:25.606157382,1780596985,605329383,imu_link,"$GPGGA,000123.25,0000.00000,N,00000.00000,E,0,00,100.0,-17.00,M,17.00,M,0,0*76
"
2026/06/04 15:16:25.852865619,1780596985,852213603,imu_link,"$GPGGA,000123.50,0000.00000,N,00000.00000,E,0,00,100.0,-17.00,M,17.00,M,0,0*74
"
2026/06/04 15:16:26.100176311,1780596986,99348353,imu_link,"$GPGGA,000123.75,0000.00000,N,00000.00000,E,0,00,100.0,-17.00,M,17.00,M,0,0*73
"
2026/06/04 15:16:26.357542577,1780596986,356859284,imu_link,"$GPGGA,000124.00,0000.00000,N,00000.00000,E,0,00,100.0,-17.00,M,17.00,M,0,0*76
"
2026/06/04 15:16:26.603391230,1780596986,602744256,imu_link,"$GPGGA,000124.25,0000.00000,N,00000.00000,E,0,00,100.0,-17.00,M,17.00,M,0,0*71
"
2026/06/04 15:16:26.851160016,1780596986,850127470,imu_link,"$GPGGA,000124.50,0000.00000,N,00000.00000,E,0,00,100.0,-17.00,M,17.00,M,0,0*73
"
2026/06/04 15:16:27.106862546,1780596987,106633492,imu_link,"$GPGGA,000124.75,0000.00000,N,00000.00000,E,0,00,100.0,-17.00,M,17.00,M,0,0*74
"
2026/06/04 15:16:27.355589995,1780596987,354418417,imu_link,"$GPGGA,000125.00,0000.00000,N,00000.00000,E,0,00,100.0,-17.00,M,17.00,M,0,0*77
"
2026/06/04 15:16:27.601062330,1780596987,599742464,imu_link,"$GPGGA,000125.25,0000.00000,N,00000.00000,E,0,00,100.0,-17.00,M,17.00,M,0,0*70
"
2026/06/04 15:16:27.857636548,1780596987,857449792,imu_link,"$GPGGA,000125.50,0000.00000,N,00000.00000,E,0,00,100.0,-17.00,M,17.00,M,0,0*72
"
2026/06/04 15:16:28.105570072,1780596988,105151441,imu_link,"$GPGGA,000125.75,0000.00000,N,00000.00000,E,0,00,100.0,-17.00,M,17.00,M,0,0*75
"
2026/06/04 15:16:28.353990103,1780596988,352594320,imu_link,"$GPGGA,000126.00,0000.00000,N,00000.00000,E,0,00,100.0,-17.00,M,17.00,M,0,0*74
"
2026/06/04 15:16:28.609335299,1780596988,609129782,imu_link,"$GPGGA,000126.25,0000.00000,N,00000.00000,E,0,00,100.0,-17.00,M,17.00,M,0,0*73
"
2026/06/04 15:16:28.854895297,1780596988,854507862,imu_link,"$GPGGA,000126.50,0000.00000,N,00000.00000,E,0,00,100.0,-17.00,M,17.00,M,0,0*71
"
2026/06/04 15:16:29.102950997,1780596989,101883088,imu_link,"$GPGGA,000126.75,0000.00000,N,00000.00000,E,0,00,100.0,-17.00,M,17.00,M,0,0*76
"
2026/06/04 15:16:29.359451294,1780596989,359177835,imu_link,"$GPGGA,000127.00,0000.00000,N,00000.00000,E,0,00,100.0,-17.00,M,17.00,M,0,0*75
"
2026/06/04 15:16:29.607348614,1780596989,607171627,imu_link,"$GPGGA,000127.25,0000.00000,N,00000.00000,E,0,00,100.0,-17.00,M,17.00,M,0,0*72
"
2026/06/04 15:16:29.853062590,1780596989,852102660,imu_link,"$GPGGA,000127.50,0000.00000,N,00000.00000,E,0,00,100.0,-17.00,M,17.00,M,0,0*70
"
2026/06/04 15:16:30.101005520,1780596990,99582050,imu_link,"$GPGGA,000127.75,0000.00000,N,00000.00000,E,0,00,100.0,-17.00,M,17.00,M,0,0*77
"
2026/06/04 15:16:30.357479830,1780596990,356730002,imu_link,"$GPGGA,000128.00,0000.00000,N,00000.00000,E,0,00,100.0,-17.00,M,17.00,M,0,0*7A
"
2026/06/04 15:16:30.604351596,1780596990,603871780,imu_link,"$GPGGA,000128.25,0000.00000,N,00000.00000,E,0,00,100.0,-17.00,M,17.00,M,0,0*7D
"
2026/06/04 15:16:30.850269254,1780596990,849522636,imu_link,"$GPGGA,000128.50,0000.00000,N,00000.00000,E,0,00,100.0,-17.00,M,17.00,M,0,0*7F
"
2026/06/04 15:16:31.108395505,1780596991,108018471,imu_link,"$GPGGA,000128.75,0000.00000,N,00000.00000,E,0,00,100.0,-17.00,M,17.00,M,0,0*78
"
2026/06/04 15:16:31.354804075,1780596991,354163309,imu_link,"$GPGGA,000129.00,0000.00000,N,00000.00000,E,0,00,100.0,-17.00,M,17.00,M,0,0*7B
"
2026/06/04 15:16:31.602312931,1780596991,601763228,imu_link,"$GPGGA,000129.25,0000.00000,N,00000.00000,E,0,00,100.0,-17.00,M,17.00,M,0,0*7C
"
2026/06/04 15:16:31.859310061,1780596991,858832836,imu_link,"$GPGGA,000129.50,0000.00000,N,00000.00000,E,0,00,100.0,-17.00,M,17.00,M,0,0*7E
"
2026/06/04 15:16:32.105825625,1780596992,105122918,imu_link,"$GPGGA,000129.75,0000.00000,N,00000.00000,E,0,00,100.0,-17.00,M,17.00,M,0,0*79
"
2026/06/04 15:16:32.352420074,1780596992,351947629,imu_link,"$GPGGA,000130.00,0000.00000,N,00000.00000,E,0,00,100.0,-17.00,M,17.00,M,0,0*73
"
2026/06/04 15:16:32.600301938,1780596992,599169576,imu_link,"$GPGGA,000130.25,0000.00000,N,00000.00000,E,0,00,100.0,-17.00,M,17.00,M,0,0*74
"
2026/06/04 15:16:32.857740943,1780596992,856817113,imu_link,"$GPGGA,000130.50,0000.00000,N,00000.00000,E,0,00,100.0,-17.00,M,17.00,M,0,0*76
"
2026/06/04 15:16:33.102622460,1780596993,102190612,imu_link,"$GPGGA,000130.75,0000.00000,N,00000.00000,E,0,00,100.0,-17.00,M,17.00,M,0,0*71
"
2026/06/04 15:16:33.360256861,1780596993,359986685,imu_link,"$GPGGA,000131.00,0000.00000,N,00000.00000,E,0,00,100.0,-17.00,M,17.00,M,0,0*72
"
2026/06/04 15:16:33.606876004,1780596993,606407716,imu_link,"$GPGGA,000131.25,0000.00000,N,00000.00000,E,0,00,100.0,-17.00,M,17.00,M,0,0*75
"
2026/06/04 15:16:33.853672857,1780596993,853236324,imu_link,"$GPGGA,000131.50,0000.00000,N,00000.00000,E,0,00,100.0,-17.00,M,17.00,M,0,0*77
"
2026/06/04 15:16:34.101068186,1780596994,100002648,imu_link,"$GPGGA,000131.75,0000.00000,N,00000.00000,E,0,00,100.0,-17.00,M,17.00,M,0,0*70
"
2026/06/04 15:16:34.358130278,1780596994,357102794,imu_link,"$GPGGA,000132.00,0000.00000,N,00000.00000,E,0,00,100.0,-17.00,M,17.00,M,0,0*71
"
2026/06/04 15:16:34.605194819,1780596994,604184278,imu_link,"$GPGGA,000132.25,0000.00000,N,00000.00000,E,0,00,100.0,-17.00,M,17.00,M,0,0*76
"
2026/06/04 15:16:34.852432227,1780596994,851759456,imu_link,"$GPGGA,000132.50,0000.00000,N,00000.00000,E,0,00,100.0,-17.00,M,17.00,M,0,0*74
"
2026/06/04 15:16:35.108926227,1780596995,108486581,imu_link,"$GPGGA,000132.75,0000.00000,N,00000.00000,E,0,00,100.0,-17.00,M,17.00,M,0,0*73
"
2026/06/04 15:16:35.354771390,1780596995,354063634,imu_link,"$GPGGA,000133.00,0000.00000,N,00000.00000,E,0,00,100.0,-17.00,M,17.00,M,0,0*70
"
2026/06/04 15:16:35.602195911,1780596995,601846803,imu_link,"$GPGGA,000133.25,0000.00000,N,00000.00000,E,0,00,100.0,-17.00,M,17.00,M,0,0*77
"
2026/06/04 15:16:35.851109078,1780596995,848949839,imu_link,"$GPGGA,000133.50,0000.00000,N,00000.00000,E,0,00,100.0,-17.00,M,17.00,M,0,0*75
"
2026/06/04 15:16:36.107010318,1780596996,106311648,imu_link,"$GPGGA,000133.75,0000.00000,N,00000.00000,E,0,00,100.0,-17.00,M,17.00,M,0,0*72
"
2026/06/04 15:16:36.353405263,1780596996,352946286,imu_link,"$GPGGA,000134.00,0000.00000,N,00000.00000,E,0,00,100.0,-17.00,M,17.00,M,0,0*77
"
2026/06/04 15:16:36.601213021,1780596996,599951688,imu_link,"$GPGGA,000134.25,0000.00000,N,00000.00000,E,0,00,100.0,-17.00,M,17.00,M,0,0*70
"
2026/06/04 15:16:36.857054644,1780596996,856721465,imu_link,"$GPGGA,000134.50,0000.00000,N,00000.00000,E,0,00,100.0,-17.00,M,17.00,M,0,0*72
"
2026/06/04 15:16:37.103691641,1780596997,103284539,imu_link,"$GPGGA,000134.75,0000.00000,N,00000.00000,E,0,00,100.0,-17.00,M,17.00,M,0,0*75
"
2026/06/04 15:16:37.361244873,1780596997,361108579,imu_link,"$GPGGA,000135.00,0000.00000,N,00000.00000,E,0,00,100.0,-17.00,M,17.00,M,0,0*76
"
2026/06/04 15:16:37.607193219,1780596997,606874557,imu_link,"$GPGGA,000135.25,0000.00000,N,00000.00000,E,0,00,100.0,-17.00,M,17.00,M,0,0*71
"
2026/06/04 15:16:37.854628135,1780596997,853914386,imu_link,"$GPGGA,000135.50,0000.00000,N,00000.00000,E,0,00,100.0,-17.00,M,17.00,M,0,0*73
"
2026/06/04 15:16:38.102053895,1780596998,101379707,imu_link,"$GPGGA,000135.75,0000.00000,N,00000.00000,E,0,00,100.0,-17.00,M,17.00,M,0,0*74
"
2026/06/04 15:16:38.358983936,1780596998,358614674,imu_link,"$GPGGA,000136.00,0000.00000,N,00000.00000,E,0,00,100.0,-17.00,M,17.00,M,0,0*75
"
2026/06/04 15:16:38.605245043,1780596998,604741917,imu_link,"$GPGGA,000136.25,0000.00000,N,00000.00000,E,0,00,100.0,-17.00,M,17.00,M,0,0*72
"
2026/06/04 15:16:38.852384714,1780596998,851954937,imu_link,"$GPGGA,000136.50,0000.00000,N,00000.00000,E,0,00,100.0,-17.00,M,17.00,M,0,0*70
"
